numero_questao,enunciado,alternativas,nu_param_B,gabarito,year
1,"A atmosfera terrestre é composta pelos gases nitrogênio (N2) e oxigênio (O2), que somam cerca de 99%, e por gases traços, entre eles o gás carbônico (CO2), vapor de água (H2O), metano (CH4), ozônio (O3) e o óxido nitroso (N2O), que compõem o restante 1% do ar que respiramos. Os gases traços, por serem constituídos por pelo menos três átomos, conseguem absorver o calor irradiado pela Terra, aquecendo o planeta. Esse fenômeno, que acontece há bilhões de anos, é chamado de efeito estufa. A partir da Revolução Industrial (século XIX), a concentração de gases traços na atmosfera, em particular o CO2, tem aumentado significativamente, o que resultou no aumento da temperatura em escala global. Mais recentemente, outro fator tornou-se diretamente envolvido no aumento da concentração de CO2 na atmosfera: o desmatamento. Considerando o texto, uma alternativa viável para combater o efeito estufa é ","A: reduzir o calor irradiado pela Terra mediante a substituição da produção primária pela industrialização refrigerada.; B: promover a queima da biomassa vegetal, responsável pelo aumento do efeito estufa devido à produção de CH4.; C: reduzir o desmatamento, mantendo-se, assim, o potencial da vegetação em absorver o CO2 da atmosfera.; D: aumentar a concentração atmosférica de H2O, molécula capaz de absorver grande quantidade de calor.; E: remover moléculas orgânicas polares da atmosfera, diminuindo a capacidade delas de reter calor.",-1.70677,C,2009
2,"Analise a figura. Supondo que seja necessário dar um título para essa figura, a alternativa que melhor traduziria o processo representado seria: ",A: Concentração média de álcool no sangue ao longo do dia.; B: Variação da frequência da ingestão de álcool ao longo das horas.; C: Concentração mínima de álcool no sangue a partir de diferentes dosagens.; D: Estimativa de tempo necessário para metabolizar diferentes quantidades de álcool.; E: Representação gráfica da distribuição de frequência de álcool em determinada hora do dia.,0.62043,D,2009
3,"Estima-se que haja atualmente no mundo 40 milhões de pessoas infectadas pelo HIV (o vírus que causa a AIDS), sendo que as taxas de novas infecções continuam crescendo, principalmente na África, Ásia e Rússia. Nesse cenário de pandemia, uma vacina contra o HIV teria imenso impacto, pois salvaria milhões de vidas. Certamente seria um marco na história planetária e também uma esperança para as populações carentes de tratamento antiviral e de acompanhamento médico. Uma vacina eficiente contra o HIV deveria","A: induzir a imunidade, para proteger o organismo da contaminação viral.; B: ser capaz de alterar o genoma do organismo portador, induzindo a síntese de enzimas protetoras.; C: produzir antígenos capazes de se ligarem ao vírus, impedindo que este entre nas células do organismo humano.; D: ser amplamente aplicada em animais, visto que esses são os principais transmissores do vírus para os seres humanos.; E: estimular a imunidade, minimizando a transmissão do vírus por gotículas de saliva.",2.07704,A,2009
4,"Em um experimento, preparou-se um conjunto de plantas por técnica de clonagem a partir de uma planta original que apresentava folhas verdes. Esse conjunto foi dividido em dois grupos, que foram tratados de maneira idêntica, com exceção das condições de iluminação, sendo um grupo exposto a ciclos de iluminação solar natural e outro mantido no escuro. Após alguns dias, observou-se que o grupo exposto à luz apresentava folhas verdes como a planta original e o grupo cultivado no escuro apresentava folhas amareladas. Ao final do experimento, os dois grupos de plantas apresentaram",A: os genótipos e os fenótipos idênticos.; B: os genótipos idênticos e os fenótipos diferentes.; C: diferenças nos genótipos e fenótipos.; D: o mesmo fenótipo e apenas dois genótipos diferentes.; E: o mesmo fenótipo e grande variedade de genótipos.,0.115,B,2009
5,"Na linha de uma tradição antiga, o astrônomo grego Ptolomeu (100-170 d.C.) afirmou a tese do geocentrismo, segundo a qual a Terra seria o centro do universo, sendo que o Sol, a Lua e os planetas girariam em seu redor em órbitas circulares. A teoria de Ptolomeu resolvia de modo razoável os problemas astronômicos da sua época. Vários séculos mais tarde, o clérigo e astrônomo polonês Nicolau Copérnico (1473-1543), ao encontrar inexatidões na teoria de Ptolomeu, formulou a teoria do heliocentrismo, segundo a qual o Sol deveria ser considerado o centro do universo, com a Terra, a Lua e os planetas girando circularmente em torno dele. Por fim, o astrônomo e matemático alemão Johannes Kepler (1571- 1630), depois de estudar o planeta Marte por cerca de trinta anos, verificou que a sua órbita é elíptica. Esse resultado generalizou-se para os demais planetas. A respeito dos estudiosos citados no texto, é correto afirmar que","A: Ptolomeu apresentou as ideias mais valiosas, por serem mais antigas e tradicionais.; B: Copérnico desenvolveu a teoria do heliocentrismo inspirado no contexto político do Rei Sol.; C: Copérnico viveu em uma época em que a pesquisa científica era livre e amplamente incentivada pelas autoridades.; D: Kepler estudou o planeta Marte para atender às necessidades de expansão econômica e científica da Alemanha.; E: Kepler apresentou uma teoria científica que, graças aos métodos aplicados, pôde ser testada e generalizada.",0.21694,E,2009
6,"O ciclo biogeoquímico do carbono compreende diversos compartimentos, entre os quais a Terra, a atmosfera e os oceanos, e diversos processos que permitem a transferência de compostos entre esses reservatórios. Os estoques de carbono armazenados na forma de recursos não renováveis, por exemplo, o petróleo, são limitados, sendo de grande relevância que se perceba a importância da substituição de combustíveis fósseis por combustíveis de fontes renováveis. A utilização de combustíveis fósseis interfere no ciclo do carbono, pois provoca",A: aumento da porcentagem de carbono contido na Terra.; B: redução na taxa de fotossíntese dos vegetais superiores.; C: aumento da produção de carboidratos de origem vegetal.; D: aumento na quantidade de carbono presente na atmosfera.; E: redução da quantidade global de carbono armazenado nos oceanos.,0.48599,D,2009
7,"Um novo método para produzir insulina artificial que utiliza tecnologia de DNA recombinante foi desenvolvido por pesquisadores do Departamento de Biologia Celular da Universidade de Brasília (UnB) em parceria com a iniciativa privada. Os pesquisadores modificaram geneticamente a bactéria Escherichia coli para torná-la capaz de sintetizar o hormônio. O processo permitiu fabricar insulina em maior quantidade e em apenas 30 dias, um terço do tempo necessário para obtê-la pelo método tradicional, que consiste na extração do hormônio a partir do pâncreas de animais abatidos. A produção de insulina pela técnica do DNA recombinante tem, como consequência,",A: o aperfeiçoamento do processo de extração de insulina a partir do pâncreas suíno.; B: a seleção de microrganismos resistentes a antibióticos.; C: o progresso na técnica da síntese química de hormônios.; D: impacto favorável na saúde de indivíduos diabéticos.; E: a criação de animais transgênicos.,0.73577,D,2009
8,"A economia moderna depende da disponibilidade de muita energia em diferentes formas, para funcionar e crescer. No Brasil, o consumo total de energia pelas indústrias cresceu mais de quatro vezes no período entre 1970 e 2005. Enquanto os investimentos em energias limpas e renováveis, como solar e eólica, ainda são incipientes, ao se avaliar a possibilidade de instalação de usinas geradoras de energia elétrica, diversos fatores devem ser levados em consideração, tais como os impactos causados ao ambiente e às populações locais. Em uma situação hipotética, optou-se por construir uma usina hidrelétrica em região que abrange diversas quedas d’água em rios cercados por mata, alegando-se que causaria impacto ambiental muito menor que uma usina termelétrica. Entre os possíveis impactos da instalação de uma usina hidrelétrica nessa região, inclui-se","A: a poluição da água por metais da usina.; B: a destruição do habitat de animais terrestres.; C: o aumento expressivo na liberação de CO2 para a atmosfera.; D: o consumo não renovável de toda água que passa pelas turbinas.; E: o aprofundamento no leito do rio, com a menor deposição d",-0.04312,B,2009
9,"As mudanças climáticas e da vegetação ocorridas nos trópicos da América do Sul têm sido bem documentadas por diversos autores, existindo um grande acúmulo de evidências geológicas ou paleoclimatológicas que evidenciam essas mudanças ocorridas durante o Quaternário nessa região. Essas mudanças resultaram em restrição da distribuição das florestas pluviais, com expansões concomitantes de habitats não-florestais durante períodos áridos (glaciais), seguido da expansão das florestas pluviais e restrição das áreas não-florestais durante períodos úmidos (interglaciais). Durante os períodos glaciais, ","A: as áreas não-florestais ficam restritas a refúgios ecológicos devido à baixa adaptabilidade de espécies não-florestais a ambientes áridos.; B: grande parte da diversidade de espécies vegetais é reduzida, uma vez que necessitam de condições semelhantes a dos períodos interglaciais.; C: a vegetação comum ao cerrado deve ter se limitado a uma pequena região do centro do Brasil, da qual se expandiu até atingir a atual distribuição.; D: plantas com adaptações ao clima árido, como o desenvolvimento de estruturas que reduzem a perda de água, devem apresentar maior área de distribuição.; E: florestas tropicais como a amazônica apresentam distribuição geográfica mais ampla, uma vez que são densas e diminuem a ação da radiação solar sobre o solo e reduzem os efeitos da aridez.",2.09416,D,2009
10,"A fotossíntese é importante para a vida na Terra. Nos cloroplastos dos organismos fotossintetizantes, a energia solar é convertida em energia química que, juntamente com água e gás carbônico (CO2), é utilizada para a síntese de compostos orgânicos (carboidratos). A fotossíntese é o único processo de importância biológica capaz de realizar essa conversão. Todos os organismos, incluindo os produtores, aproveitam a energia armazenada nos carboidratos para impulsionar os processos celulares, liberando CO2 para a atmosfera e água para a célula por meio da respiração celular. Além disso, grande fração dos recursos energéticos do planeta, produzidos tanto no presente (biomassa) como em tempos remotos (combustível fóssil), é resultante da atividade fotossintética. As informações sobre obtenção e transformação dos recursos naturais por meio dos processos vitais de fotossíntese e respiração, descritas no texto, permitem concluir que","A: o CO2 e a água são moléculas de alto teor energético.; B: os carboidratos convertem energia solar em energia química.; C: a vida na Terra depende, em última análise, da energia proveniente do Sol.; D: o processo respiratório é responsável pela retirada de carbono da atmosfera.; E: a produção de biomassa e de combustível fóssil, por si, é responsável pelo aumento de CO2 atmosférico.",1.35298,C,2009
11,"Para que todos os órgãos do corpo humano funcionem em boas condições, é necessário que a temperatura do corpo fique sempre entre 36 ºC e 37 ºC. Para manter-se dentro dessa faixa, em dias de muito calor ou durante intensos exercícios físicos, uma série de mecanismos fisiológicos é acionada. Pode-se citar como o principal responsável pela manutenção da temperatura corporal humana o sistema","A: digestório, pois produz enzimas que atuam na quebra de alimentos calóricos.; B: imunológico, pois suas células agem no sangue, diminuindo a condução do calor.; C: nervoso, pois promove a sudorese, que permite perda de calor por meio da evaporação da água.; D: reprodutor, pois secreta hormônios que alteram a temperatura, principalmente durante a menopausa.; E: endócrino, pois fabrica anticorpos que, por sua vez, atuam na variação do diâmetro dos vasos periféricos.",0.32209,C,2009
12,"Sabões são sais de ácidos carboxílicos de cadeia longa utilizados com a finalidade de facilitar, durante processos de lavagem, a remoção de substâncias de baixa solubilidade em água, por exemplo, óleos e gorduras. A figura a seguir representa a estrutura de uma molécula de sabão. Em solução, os ânions do sabão podem hidrolisar a água e, desse modo, formar o ácido carboxílico correspondente. Por exemplo, para o estearato de sódio, é estabelecido o seguinte equilíbrio: CH3(CH2)16COO–  + H2O CH3(CH2)16COOH + OH–  Uma vez que o ácido carboxílico formado é pouco solúvel em água e menos eficiente na remoção de gorduras, o pH do meio deve ser controlado de maneira a evitar que o equilíbrio acima seja deslocado para a direita. Com base nas informações do texto, é correto concluir que os sabões atuam de maneira",A: mais eficiente em pH básico.; B: mais eficiente em pH ácido.; C: mais eficiente em pH neutro.; D: eficiente em qualquer faixa de pH.; E: mais eficiente em pH ácido ou neutro.,2.0854,A,2009
13,"A abertura e a pavimentação de rodovias em zonas rurais e regiões afastadas dos centros urbanos, por um lado, possibilita melhor acesso e maior integração entre as comunidades, contribuindo com o desenvolvimento social e urbano de populações isoladas. Por outro lado, a construção de rodovias pode trazer impactos indesejáveis ao meio ambiente, visto que a abertura de estradas pode resultar na fragmentação de habitats, comprometendo o fluxo gênico e as interações entre espécies silvestres, além de prejudicar o fluxo natural de rios e riachos, possibilitar o ingresso de espécies exóticas em ambientes naturais e aumentar a pressão antrópica sobre os ecossistemas nativos. Nesse contexto, para conciliar os interesses aparentemente contraditórios entre o progresso social e urbano e a conservação do meio ambiente, seria razoável","A: impedir a abertura e a pavimentação de rodovias em áreas rurais e em regiões preservadas, pois a qualidade de vida e as tecnologias encontradas nos centros urbanos são prescindíveis às populações rurais.; B: impedir a abertura e a pavimentação de rodovias em áreas rurais e em regiões preservadas, promovendo a migração das populações rurais para os centros urbanos, onde a qualidade de vida é melhor.; C: permitir a abertura e a pavimentação de rodovias apenas em áreas rurais produtivas, haja vista que nas demais áreas o retorno financeiro necessário para produzir uma melhoria na qualidade de vida da região não é garantido.; D: permitir a abertura e a pavimentação de rodovias, desde que comprovada a sua real necessidade e após a realização de estudos que demonstrem ser possível contornar ou compensar seus impactos ambientais.; E: permitir a abertura e a pavimentação de rodovias, haja vista que os impactos ao meio ambiente são temporários e podem ser facilmente revertidos com as tecnologias existentes para recuperação de áreas degradadas.",-0.83038,D,2009
14,"A eficiência de um processo de conversão de energia é definida como a razão entre a produção de energia ou trabalho útil e o total de entrada de energia no processo. A figura mostra um processo com diversas etapas. Nesse caso, a eficiência geral será igual ao produto das eficiências das etapas individuais. A entrada de energia que não se transforma em trabalho útil é perdida sob formas não utilizáveis (como resíduos de calor). Aumentar a eficiência dos processos de conversão de energia implica economizar recursos e combustíveis. Das propostas seguintes, qual resultará em maior aumento da eficiência geral do processo? ","A: Aumentar a quantidade de combustível para queima na usina de força.; B: Utilizar lâmpadas incandescentes, que geram pouco calor e muita luminosidade.; C: Manter o menor número possível de aparelhos elétricos em funcionamento nas moradias.; D: Utilizar cabos com menor diâmetro nas linhas de transmissão a fim de economizar o material condutor.; E: Utilizar materiais com melhores propriedades condutoras nas linhas de transmissão e lâmpadas fluorescentes nas moradias.",-0.79595,E,2009
15,"Para que apresente condutividade elétrica adequada a muitas aplicações, o cobre bruto obtido por métodos térmicos é purificado eletroliticamente. Nesse processo, o cobre bruto impuro constitui o ânodo da célula, que está imerso em uma solução de CuSO4. À medida que o cobre impuro é oxidado no ânodo, íons Cu2+ da solução são depositados na forma pura no cátodo. Quanto às impurezas metálicas, algumas são oxidadas, passando à solução, enquanto outras simplesmente se desprendem do ânodo e se sedimentam abaixo dele. As impurezas sedimentadas são posteriormente processadas, e sua comercialização gera receita que ajuda a cobrir os custos do processo. A série eletroquímica a seguir lista o cobre e alguns metais presentes como impurezas no cobre bruto de acordo com suas forças redutoras relativas. Entre as impurezas metálicas que constam na série apresentada, as que se sedimentam abaixo do ânodo de cobre são","A: Au, Pt, Ag, Zn, Ni e Pb.; B: Au, Pt e Ag.; C: Zn, Ni e Pb.; D: Au e Zn.; E: Ag e Pb.",2.32807,B,2009
16,"A figura seguinte representa um modelo de transmissão da informação genética nos sistemas biológicos. No fim do processo, que inclui a replicação, a transcrição e a tradução, há três formas proteicas diferentes denominadas a, b e c. Depreende-se do modelo que ","A: a única molécula que participa da produção de proteínas é o DNA.; B: o fluxo de informação genética, nos sistemas biológicos, é unidirecional.; C: as fontes de informação ativas durante o processo de transcrição são as proteínas.; D: é possível obter diferentes variantes proteicas a partir de um mesmo produto de transcrição.; E: a molécula de DNA possui forma circular e as demais moléculas possuem forma de fita simples linearizadas.",0.4491,D,2009
17,"O Brasil pode se transformar no primeiro país das Américas a entrar no seleto grupo das nações que dispõem de trens-bala. O Ministério dos Transportes prevê o lançamento do edital de licitação internacional para a construção da ferrovia de alta velocidade Rio-São Paulo. A viagem ligará os 403 quilômetros entre a Central do Brasil, no Rio, e a Estação da Luz, no centro da capital paulista, em uma hora e 25 minutos. Devido à alta velocidade, um dos problemas a ser enfrentado na escolha do trajeto que será percorrido pelo trem é o dimensionamento das curvas. Considerando-se que uma aceleração lateral confortável para os passageiros e segura para o trem seja de 0,1 g, em que g é a aceleração da gravidade (considerada igual a 10 m/s2 ), e que a velocidade do trem se mantenha constante em todo o percurso, seria correto prever que as curvas existentes no trajeto deveriam ter raio de curvatura mínimo de, aproximadamente, ",A: 80 m.; B: 430 m.; C: 800 m.; D: 1.600 m.; E: 6.400 m.,2.43214,E,2009
18,"O manual de instruções de um aparelho de arcondicionado apresenta a seguinte tabela, com dados técnicos para diversos modelos: Capacidade de refrigeração kW/(BTU/h) Potência (W) Corrente elétrica - ciclo frio (A) Eficiência energética COP (W/W) Vazão de ar (m3 /h) Frequência (Hz) 3,52/(12.000) 1.193 5,8 2,95 550 60 5,42/(18.000) 1.790 8,7 2,95 800 60 5,42/(18.000) 1.790 8,7 2,95 800 60 6,45/(22.000) 2.188 10,2 2,95 960 60 6,45/(22.000) 2.188 10,2 2,95 960 60 Considere-se que um auditório possua capacidade para 40 pessoas, cada uma produzindo uma quantidade média de calor, e que praticamente todo o calor que flui para fora do auditório o faz por meio dos aparelhos de arcondicionado. Nessa situação, entre as informações listadas, aquelas essenciais para se determinar quantos e/ou quais aparelhos de ar-condicionado são precisos para manter, com lotação máxima, a temperatura interna do auditório agradável e constante, bem como determinar a espessura da fiação do circuito elétrico para a ligação desses aparelhos, são",A: vazão de ar e potência.; B: vazão de ar e corrente elétrica - ciclo frio.; C: eficiência energética e potência.; D: capacidade de refrigeração e frequência.; E: capacidade de refrigeração e corrente elétrica - ciclo frio.,2.65902,E,2009
19,"A instalação elétrica de uma casa envolve várias etapas, desde a alocação dos dispositivos, instrumentos e aparelhos elétricos, até a escolha dos materiais que a compõem, passando pelo dimensionamento da potência requerida, da fiação necessária, dos eletrodutos*, entre outras. Para cada aparelho elétrico existe um valor de potência associado. Valores típicos de potências para alguns aparelhos elétricos são apresentados no quadro seguinte: Aparelhos Potência (W) Aparelho de som 120 Chuveiro elétrico 3.000 Ferro elétrico 500 Televisor 200 Geladeira 200 Rádio 50 *Eletrodutos são condutos por onde passa a fiação de uma instalação elétrica, com a finalidade de protegê-la. A escolha das lâmpadas é essencial para obtenção de uma boa iluminação. A potência da lâmpada deverá estar de acordo com o tamanho do cômodo a ser iluminado. O quadro a seguir mostra a relação entre as áreas dos cômodos (em m2 ) e as potências das lâmpadas (em W), e foi utilizado como referência para o primeiro pavimento de uma residência. Potência da Lâmpada (W) Área do Cômodo (m2 ) Sala/copa /cozinha Quarto, varanda e corredor Banheiro Até 6,0 60 60 60 6,0 a 7,5 100 100 60 7,5 a 10,5 100 100 100 Considerando a planta baixa fornecida, com todos os aparelhos em funcionamento, a potência total, em watts, será de ",A: 4.070.; B: 4.270.; C: 4.320.; D: 4.390.; E: 4.470.,1.09094,D,2009
20,"O esquema mostra um diagrama de bloco de uma estação geradora de eletricidade abastecida por combustível fóssil. Se fosse necessário melhorar o rendimento dessa usina, que forneceria eletricidade para abastecer uma cidade, qual das seguintes ações poderia resultar em alguma economia de energia, sem afetar a capacidade de geração da usina?",A: Reduzir a quantidade de combustível fornecido à usina para ser queimado.; B: Reduzir o volume de água do lago que circula no condensador de vapor.; C: Reduzir o tamanho da bomba usada para devolver a água líquida à caldeira.; D: Melhorar a capacidade dos dutos com vapor conduzirem calor para o ambiente.; E: Usar o calor liberado com os gases pela chaminé para mover um outro gerador.,-0.83963,E,2009
21,"Os seres vivos apresentam diferentes ciclos de vida, caracterizados pelas fases nas quais gametas são produzidos e pelos processos reprodutivos que resultam na geração de novos indivíduos. Considerando-se um modelo simplificado padrão para geração de indivíduos viáveis, a alternativa que corresponde ao observado em seres humanos é:",A: ; B: ; C: ; D: ; E:,1.3096,C,2009
22,"Um medicamento, após ser ingerido, atinge a corrente sanguínea e espalha-se pelo organismo, mas, como suas moléculas “não sabem” onde é que está o problema, podem atuar em locais diferentes do local “alvo” e desencadear efeitos além daqueles desejados. Não seria perfeito se as moléculas dos medicamentos soubessem exatamente onde está o problema e fossem apenas até aquele local exercer sua ação? A técnica conhecida como iontoforese, indolor e não invasiva, promete isso. Como mostram as figuras, essa nova técnica baseia-se na aplicação de uma corrente elétrica de baixa intensidade sobre a pele do paciente, permitindo que fármacos permeiem membranas biológicas e alcancem a corrente sanguínea, sem passar pelo estômago. Muitos pacientes relatam apenas um formigamento no local de aplicação. O objetivo da corrente elétrica é formar poros que permitam a passagem do fármaco de interesse. A corrente elétrica é distribuída por eletrodos, positivo e negativo, por meio de uma solução aplicada sobre a pele. Se a molécula do medicamento tiver carga elétrica positiva ou negativa, ao entrar em contato com o eletrodo de carga de mesmo sinal, ela será repelida e forçada a entrar na pele (eletrorrepulsão - A). Se for neutra, a molécula será forçada a entrar na pele juntamente com o fluxo de solvente fisiológico que se forma entre os eletrodos (eletrosmose - B). De acordo com as informações contidas no texto e nas figuras, o uso da iontoforese ","A: provoca ferimento na pele do paciente ao serem introduzidos os eletrodos, rompendo o epitélio.; B: aumenta o risco de estresse nos pacientes, causado pela aplicação da corrente elétrica.; C: inibe o mecanismo de ação dos medicamentos no tecido-alvo, pois estes passam a entrar por meio da pele.; D: diminui o efeito colateral dos medicamentos, se comparados com aqueles em que a ingestão se faz por via oral.; E: deve ser eficaz para medicamentos constituídos de moléculas polares e ineficaz, se essas forem apolares.",0.05733,D,2009
23,"Cerca de 1% do lixo urbano é constituído por resíduos sólidos contendo elementos tóxicos. Entre esses elementos estão metais pesados como o cádmio, o chumbo e o mercúrio, componentes de pilhas e baterias, que são perigosos à saúde humana e ao meio ambiente. Quando descartadas em lixos comuns, pilhas e baterias vão para aterros sanitários ou lixões a céu aberto, e o vazamento de seus componentes contamina o solo, os rios e o lençol freático, atingindo a flora e a fauna. Por serem bioacumulativos e não biodegradáveis, esses metais chegam de forma acumulada aos seres humanos, por meio da cadeia alimentar. A legislação vigente (Resolução CONAMA no 257/1999) regulamenta o destino de pilhas e baterias após seu esgotamento energético e determina aos fabricantes e/ou importadores a quantidade máxima permitida desses metais em cada tipo de pilha/bateria, porém o problema ainda persiste. Uma medida que poderia contribuir para acabar definitivamente com o problema da poluição ambiental por metais pesados relatado no texto seria","A: deixar de consumir aparelhos elétricos que utilizem pilha ou bateria como fonte de energia.; B: usar apenas pilhas ou baterias recarregáveis e de vida útil longa e evitar ingerir alimentos contaminados, especialmente peixes.; C: devolver pilhas e baterias, após o esgotamento da energia armazenada, à rede de assistência técnica especializada para repasse a fabricantes e/ou importadores.; D: criar nas cidades, especialmente naquelas com mais de 100 mil habitantes, pontos estratégicos de coleta de baterias e pilhas, para posterior repasse a fabricantes e/ou importadores.; E: exigir que fabricantes invistam em pesquisa para a substituição desses metais tóxicos por substâncias menos nocivas ao homem e ao ambiente, e que não sejam bioacumulativas.",2.99298,E,2009
24,"Umidade relativa do ar é o termo usado para descrever a quantidade de vapor de água contido na atmosfera. Ela é definida pela razão entre o conteúdo real de umidade de uma parcela de ar e a quantidade de umidade que a mesma parcela de ar pode armazenar na mesma temperatura e pressão quando está saturada de vapor, isto é, com 100% de umidade relativa. O gráfico representa a relação entre a umidade relativa do ar e sua temperatura ao longo de um período de 24 horas em um determinado local. Considerando-se as informações do texto e do gráfico, conclui-se que","A: a insolação é um fator que provoca variação da umidade relativa do ar.; B: o ar vai adquirindo maior quantidade de vapor de água à medida que se aquece.; C: a presença de umidade relativa do ar é diretamente proporcional à temperatura do ar.; D: a umidade relativa do ar indica, em termos absolutos, a quantidade de vapor de água existente na atmosfera.; E: a variação da umidade do ar se verifica no verão, e não no inverno, quando as temperaturas permanecem baixas.",1.79362,A,2009
25,"Os planos de controle e erradicação de doenças em animais envolvem ações de profilaxia e dependem em grande medida da correta utilização e interpretação de testes diagnósticos. O quadro mostra um exemplo hipotético de aplicação de um teste diagnóstico. condição real dos animais resultado do teste infectado não infectado total positivo 45 38 83 negativo 5 912 917 total 50 950 1.000 Considerando que, no teste diagnóstico, a sensibilidade é a probabilidade de um animal infectado ser classificado como positivo e a especificidade é a probabilidade de um animal não infectado ter resultado negativo, a interpretação do quadro permite inferir que","A: a especificidade aponta um número de 5 falsos positivos.; B: o teste, a cada 100 indivíduos infectados, classificaria 90 como positivos.; C: o teste classificaria 96 como positivos em cada 100 indivíduos não infectados.; D: ações de profilaxia são medidas adotadas para o tratamento de falsos positivos.; E: testes de alta sensibilidade resultam em maior número de animais falsos negativos comparado a um teste de baixa sensibilidade.",1.87019,B,2009
26,"O processo de industrialização tem gerado sérios problemas de ordem ambiental, econômica e social, entre os quais se pode citar a chuva ácida. Os ácidos usualmente presentes em maiores proporções na água da chuva são o H2CO3, formado pela reação do CO2 atmosférico com a água, o HNO3, o HNO2, o H2SO4 e o H2SO3. Esses quatro últimos são formados principalmente a partir da reação da água com os óxidos de nitrogênio e de enxofre gerados pela queima de combustíveis fósseis. A formação de chuva mais ou menos ácida depende não só da concentração do ácido formado, como também do tipo de ácido. Essa pode ser uma informação útil na elaboração de estratégias para minimizar esse problema ambiental. Se consideradas concentrações idênticas, quais dos ácidos citados no texto conferem maior acidez às águas das chuvas?",A: HNO3 e HNO2.; B: H2SO4 e H2SO3.; C: H2SO3 e HNO2.; D: H2SO4 e HNO3.; E: H2CO3 e H2SO3.,1.85241,D,2009
28,"Uma pesquisadora deseja reflorestar uma área de mata ciliar quase que totalmente desmatada. Essa formação vegetal é um tipo de floresta muito comum nas margens de rios dos cerrados no Brasil central e, em seu clímax, possui vegetação arbórea perene e apresenta dossel fechado, com pouca incidência luminosa no solo e nas plântulas. Sabe-se que a incidência de luz, a disponibilidade de nutrientes e a umidade do solo são os principais fatores do meio ambiente físico que influenciam no desenvolvimento da planta. Para testar unicamente os efeitos da variação de luz, a pesquisadora analisou, em casas de vegetação com condições controladas, o desenvolvimento de plantas de 10 espécies nativas da região desmatada sob quatro condições de luminosidade: uma sob sol pleno e as demais em diferentes níveis de sombreamento. Para cada tratamento experimental, a pesquisadora relatou se o desenvolvimento da planta foi bom, razoável ou ruim, de acordo com critérios específicos. Os resultados obtidos foram os seguintes: Condição de luminosidade Espécie Sombreamento Sol pleno 30% 50% 90% 1 Razoável Bom Razoável Ruim 2 Bom Razoável Ruim Ruim 3 Bom Bom Razoável Ruim 4 Bom Bom Bom Bom 5 Bom Razoável Ruim Ruim 6 Ruim Razoável Bom Bom 7 Ruim Ruim Ruim Razoável 8 Ruim Ruim Razoável Ruim 9 Ruim Razoável Bom Bom 10 Razoável Razoável Razoável Bom Para o reflorestamento da região desmatada,","A: a espécie 8 é mais indicada que a 1, uma vez que aquela possui melhor adaptação a regiões com maior incidência de luz.; B: recomenda-se a utilização de espécies pioneiras, isto é, aquelas que suportam alta incidência de luz, como as espécies 2, 3 e 5.; C: sugere-se o uso de espécies exóticas, pois somente essas podem suportar a alta incidência luminosa característica de regiões desmatadas.; D: espécies de comunidade clímax, como as 4 e 7, são as mais indicadas, uma vez que possuem boa capacidade de aclimatação a diferentes ambientes.; E: é recomendado o uso de espécies com melhor desenvolvimento à sombra, como as plantas das espécies 4, 6, 7, 9 e 10, pois essa floresta, mesmo no estágio de degradação referido, possui dossel fechado, o que impede a entrada de luz.",2.33294,B,2009
29,"Os núcleos dos átomos são constituídos de prótons e nêutrons, sendo ambos os principais responsáveis pela sua massa. Nota-se que, na maioria dos núcleos, essas partículas não estão presentes na mesma proporção. O gráfico mostra a quantidade de nêutrons (N) em função da quantidade de prótons (Z) para os núcleos estáveis conhecidos. O antimônio é um elemento químico que possui 50 prótons e possui vários isótopos ― átomos que só se diferem pelo número de nêutrons. De acordo com o gráfico, os isótopos estáveis do antimônio possuem",A: entre 12 e 24 nêutrons a menos que o número de prótons.; B: exatamente o mesmo número de prótons e nêutrons.; C: entre 0 e 12 nêutrons a mais que o número de prótons.; D: entre 12 e 24 nêutrons a mais que o número de prótons.; E: entre 0 e 12 nêutrons a menos que o número de prótons.,1.78311,D,2009
30,"É possível, com 1 litro de gasolina, usando todo o calor produzido por sua combustão direta, aquecer 200 litros de água de 20 °C a 55 °C. Pode-se efetuar esse mesmo aquecimento por um gerador de eletricidade, que consome 1 litro de gasolina por hora e fornece 110 V a um resistor de 11 Ω, imerso na água, durante um certo intervalo de tempo. Todo o calor liberado pelo resistor é transferido à água. Considerando que o calor específico da água é igual a 4,19 J g-1 °C-1, aproximadamente qual a quantidade de gasolina consumida para o aquecimento de água obtido pelo gerador, quando comparado ao obtido a partir da combustão?",A: A quantidade de gasolina consumida é igual para os dois casos.; B: A quantidade de gasolina consumida pelo gerador é duas vezes maior que a consumida na combustão.; C: A quantidade de gasolina consumida pelo gerador é duas vezes menor que a consumida na combustão.; D: A quantidade de gasolina consumida pelo gerador é sete vezes maior que a consumida na combustão.; E: A quantidade de gasolina consumida pelo gerador é sete vezes menor que a consumida na combustão.,2.54978,D,2009
32,"Considere um equipamento capaz de emitir radiação eletromagnética com comprimento de onda bem menor que a da radiação ultravioleta. Suponha que a radiação emitida por esse equipamento foi apontada para um tipo específico de filme fotográfico e entre o equipamento e o filme foi posicionado o pescoço de um indivíduo. Quanto mais exposto à radiação, mais escuro se torna o filme após a revelação. Após acionar o equipamento e revelar o filme, evidenciou-se a imagem mostrada na figura abaixo. Dentre os fenômenos decorrentes da interação entre a radiação e os átomos do indivíduo que permitem a obtenção desta imagem inclui-se a","A: absorção da radiação eletromagnética e a consequente ionização dos átomos de cálcio, que se transformam em átomos de fósforo.; B: maior absorção da radiação eletromagnética pelos átomos de cálcio que por outros tipos de átomos.; C: maior absorção da radiação eletromagnética pelos átomos de carbono que por átomos de cálcio.; D: maior refração ao atravessar os átomos de carbono que os átomos de cálcio.; E: maior ionização de moléculas de água que de átomos de carbono.",1.92002,B,2009
33,"Os ratos Peromyscus polionotus encontram-se distribuídos em ampla região na América do Norte. A pelagem de ratos dessa espécie varia do marrom claro até o escuro, sendo que os ratos de uma mesma população têm coloração muito semelhante. Em geral, a coloração da pelagem também é muito parecida à cor do solo da região em que se encontram, que também apresenta a mesma variação de cor, distribuída ao longo de um gradiente sul-norte. Na figura, encontram-se representadas sete diferentes populações de P. polionotus. Cada população é representada pela pelagem do rato, por uma amostra de solo e por sua posição geográfica no mapa. O mecanismo evolutivo envolvido na associação entre cores de pelagem e de substrato é ","A: a alimentação, pois pigmentos de terra são absorvidos e alteram a cor da pelagem dos roedores.; B: o fluxo gênico entre as diferentes populações, que mantém constante a grande diversidade interpopulacional.; C: a seleção natural, que, nesse caso, poderia ser entendida como a sobrevivência diferenciada de indivíduos com características distintas.; D: a mutação genética, que, em certos ambientes, como os de solo mais escuro, têm maior ocorrência e capacidade de alterar significativamente a cor da pelagem dos animais.; E: a herança de caracteres adquiridos, capacidade de organismos se adaptarem a diferentes ambientes e transmitirem suas características genéticas aos descendentes.",1.5324,C,2009
34,"O lixo orgânico de casa – constituído de restos de verduras, frutas, legumes, cascas de ovo, aparas de grama, entre outros –, se for depositado nos lixões, pode contribuir para o aparecimento de animais e de odores indesejáveis. Entretanto, sua reciclagem gera um excelente adubo orgânico, que pode ser usado no cultivo de hortaliças, frutíferas e plantas ornamentais. A produção do adubo ou composto orgânico se dá por meio da compostagem, um processo simples que requer alguns cuidados especiais. O material que é acumulado diariamente em recipientes próprios deve ser revirado com auxílio de ferramentas adequadas, semanalmente, de forma a homogeneizá-lo. É preciso também umedecê-lo periodicamente. O material de restos de capina pode ser intercalado entre uma camada e outra de lixo da cozinha. Por meio desse método, o adubo orgânico estará pronto em aproximadamente dois a três meses. Suponha que uma pessoa, desejosa de fazer seu próprio adubo orgânico, tenha seguido o procedimento descrito no texto, exceto no que se refere ao umedecimento periódico do composto. Nessa situação,","A: o processo de compostagem iria produzir intenso mau cheiro.; B: o adubo formado seria pobre em matéria orgânica que não foi transformada em composto.; C: a falta de água no composto vai impedir que microrganismos decomponham a matéria orgânica.; D: a falta de água no composto iria elevar a temperatura da mistura, o que resultaria na perda de nutrientes essenciais.; E: apenas microrganismos que independem de oxigênio poderiam agir sobre a matéria orgânica e transformá-la em adubo.",3.25833,C,2009
35,"O Sol representa uma fonte limpa e inesgotável de energia para o nosso planeta. Essa energia pode ser captada por aquecedores solares, armazenada e convertida posteriormente em trabalho útil. Considere determinada região cuja insolação — potência solar incidente na superfície da Terra — seja de 800 watts/m2 . Uma usina termossolar utiliza concentradores solares parabólicos que chegam a dezenas de quilômetros de extensão. Nesses coletores solares parabólicos, a luz refletida pela superfície parabólica espelhada é focalizada em um receptor em forma de cano e aquece o óleo contido em seu interior a 400 °C. O calor desse óleo é transferido para a água, vaporizando-a em uma caldeira. O vapor em alta pressão movimenta uma turbina acoplada a um gerador de energia elétrica. Considerando que a distância entre a borda inferior e a borda superior da superfície refletora tenha 6 m de largura e que focaliza no receptor os 800 watts/m2 de radiação provenientes do Sol, e que o calor específico da água é 1 cal g-1 ºC-1 = 4.200 J kg-1 ºC-1, então o comprimento linear do refletor parabólico necessário para elevar a temperatura de 1 m3 (equivalente a 1 t) de água de 20 °C para 100 °C, em uma hora, estará entre",A: 15 m e 21 m.; B: 22 m e 30 m.; C: 105 m e 125 m.; D: 680 m e 710 m.; E: 6.700 m e 7.150 m.,2.69333,A,2009
36,"O uso de protetores solares em situações de grande exposição aos raios solares como, por exemplo, nas praias, é de grande importância para a saúde. As moléculas ativas de um protetor apresentam, usualmente, anéis aromáticos conjugados com grupos carbonila, pois esses sistemas são capazes de absorver a radiação ultravioleta mais nociva aos seres humanos. A conjugação é definida como a ocorrência de alternância entre ligações simples e duplas em uma molécula. Outra propriedade das moléculas em questão é apresentar, em uma de suas extremidades, uma parte apolar responsável por reduzir a solubilidade do composto em água, o que impede sua rápida remoção quando do contato com a água. De acordo com as considerações do texto, qual das moléculas apresentadas a seguir é a mais adequada para funcionar como molécula ativa de protetores solares?",A: ; B: ; C: ; D: ; E:,2.67523,E,2009
37,"Sabe-se que o olho humano não consegue diferenciar componentes de cores e vê apenas a cor resultante, diferentemente do ouvido, que consegue distinguir, por exemplo, dois instrumentos diferentes tocados simultaneamente. Os raios luminosos do espectro visível, que têm comprimento de onda entre 380 nm e 780 nm, incidem na córnea, passam pelo cristalino e são projetados na retina. Na retina, encontram-se dois tipos de fotorreceptores, os cones e os bastonetes, que convertem a cor e a intensidade da luz recebida em impulsos nervosos. Os cones distinguem as cores primárias: vermelho, verde e azul, e os bastonetes diferenciam apenas níveis de intensidade, sem separar comprimentos de onda. Os impulsos nervosos produzidos são enviados ao cérebro por meio do nervo óptico, para que se dê a percepção da imagem. Um indivíduo que, por alguma deficiência, não consegue captar as informações transmitidas pelos cones, perceberá um objeto branco, iluminado apenas por luz vermelha, como","A: um objeto indefinido, pois as células que captam a luz estão inativas.; B: um objeto rosa, pois haverá mistura da luz vermelha com o branco do objeto.; C: um objeto verde, pois o olho não consegue diferenciar componentes de cores.; D: um objeto cinza, pois os bastonetes captam luminosidade, porém não diferenciam cor.; E: um objeto vermelho, pois a retina capta a luz refletida pelo objeto, transformando-a em vermelho.",1.3607,D,2009
38,"Durante uma ação de fiscalização em postos de combustíveis, foi encontrado um mecanismo inusitado para enganar o consumidor. Durante o inverno, o responsável por um posto de combustível compra álcool por R$ 0,50/litro, a uma temperatura de 5 °C. Para revender o líquido aos motoristas, instalou um mecanismo na bomba de combustível para aquecê-lo, para que atinja a temperatura de 35 °C, sendo o litro de álcool revendido a R$ 1,60. Diariamente o posto compra 20 mil litros de álcool a 5 ºC e os revende. Com relação à situação hipotética descrita no texto e dado que o coeficiente de dilatação volumétrica do álcool é de 1×10-3 ºC-1, desprezando-se o custo da energia gasta no aquecimento do combustível, o ganho financeiro que o dono do posto teria obtido devido ao aquecimento do álcool após uma semana de vendas estaria entre","A: R$ 500,00 e R$ 1.000,00.; B: R$ 1.050,00 e R$ 1.250,00.; C: R$ 4.000,00 e R$ 5.000,00.; D: R$ 6.000,00 e R$ 6.900,00.; E: R$ 7.000,00 e R$ 7.950,00.",3.1985,D,2009
39,"A invenção da geladeira proporcionou uma revolução no aproveitamento dos alimentos, ao permitir que fossem armazenados e transportados por longos períodos. A figura apresentada ilustra o processo cíclico de funcionamento de uma geladeira, em que um gás no interior de uma tubulação é forçado a circular entre o congelador e a parte externa da geladeira. É por meio dos processos de compressão, que ocorre na parte externa, e de expansão, que ocorre na parte interna, que o gás proporciona a troca de calor entre o interior e o exterior da geladeira. Nos processos de transformação de energia envolvidos no funcionamento da geladeira, ","A: a expansão do gás é um processo que cede a energia necessária ao resfriamento da parte interna da geladeira.; B: o calor flui de forma não-espontânea da parte mais fria, no interior, para a mais quente, no exterior da geladeira.; C: a quantidade de calor cedida ao meio externo é igual ao calor retirado da geladeira.; D: a eficiência é tanto maior quanto menos isolado termicamente do ambiente externo for o seu compartimento interno.; E: a energia retirada do interior pode ser devolvida à geladeira abrindo-se a sua porta, o que reduz seu consumo de energia.",2.63754,B,2009
40,"Na manipulação em escala nanométrica, os átomos revelam características peculiares, podendo apresentar tolerância à temperatura, reatividade química, condutividade elétrica, ou mesmo exibir força de intensidade extraordinária. Essas características explicam o interesse industrial pelos nanomateriais que estão sendo muito pesquisados em diversas áreas, desde o desenvolvimento de cosméticos, tintas e tecidos, até o de terapias contra o câncer. A utilização de nanopartículas na indústria e na medicina requer estudos mais detalhados, pois ","A: as partículas, quanto menores, mais potentes e radiativas se tornam.; B: as partículas podem ser manipuladas, mas não caracterizadas com a atual tecnologia.; C: as propriedades biológicas das partículas somente podem ser testadas em microrganismos.; D: as partículas podem atravessar poros e canais celulares, o que poderia causar impactos desconhecidos aos seres vivos e, até mesmo, aos ecossistemas.; E: o organismo humano apresenta imunidade contra partículas tão pequenas, já que apresentam a mesma dimensão das bactérias (um bilionésimo de metro).",1.13884,D,2009
41,"Uma vítima de acidente de carro foi encontrada carbonizada devido a uma explosão. Indícios, como certos adereços de metal usados pela vítima, sugerem que a mesma seja filha de um determinado casal. Uma equipe policial de perícia teve acesso ao material biológico carbonizado da vítima, reduzido, praticamente, a fragmentos de ossos. Sabe-se que é possível obter DNA em condições para análise genética de parte do tecido interno de ossos. Os peritos necessitam escolher, entre cromossomos autossômicos, cromossomos sexuais (X e Y) ou DNAmt (DNA mitocondrial), a melhor opção para identificação do parentesco da vítima com o referido casal. Sabe-se que, entre outros aspectos, o número de cópias de um mesmo cromossomo por célula maximiza a chance de se obter moléculas não degradadas pelo calor da explosão. Com base nessas informações e tendo em vista os diferentes padrões de herança de cada fonte de DNA citada, a melhor opção para a perícia seria a utilização","A: do DNAmt, transmitido ao longo da linhagem materna, pois, em cada célula humana, há várias cópias dessa molécula.; B: do cromossomo X, pois a vítima herdou duas cópias desse cromossomo, estando assim em número superior aos demais.; C: do cromossomo autossômico, pois esse cromossomo apresenta maior quantidade de material genético quando comparado aos nucleares, como, por exemplo, o DNAmt.; D: do cromossomo Y, pois, em condições normais, este é transmitido integralmente do pai para toda a prole e está presente em duas cópias em células de indivíduos do sexo feminino.; E: de marcadores genéticos em cromossomos autossômicos, pois estes, além de serem transmitidos pelo pai e pela mãe, estão presentes em 44 cópias por célula, e os demais, em apenas uma.",3.35507,A,2009
42,"O cultivo de camarões de água salgada vem se desenvolvendo muito nos últimos anos na região Nordeste do Brasil e, em algumas localidades, passou a ser a principal atividade econômica. Uma das grandes preocupações dos impactos negativos dessa atividade está relacionada à descarga, sem nenhum tipo de tratamento, dos efluentes dos viveiros diretamente no ambiente marinho, em estuários ou em manguezais. Esses efluentes possuem matéria orgânica particulada e dissolvida, amônia, nitrito, nitrato, fosfatos, partículas de sólidos em suspensão e outras substâncias que podem ser consideradas contaminantes potenciais. Suponha que tenha sido construída uma fazenda de carcinicultura próximo a um manguezal. Entre as perturbações ambientais causadas pela fazenda, espera-se que","A: a atividade microbiana se torne responsável pela reciclagem do fósforo orgânico excedente no ambiente marinho.; B: a relativa instabilidade das condições marinhas torne as alterações de fatores físico-químicos pouco críticas à vida no mar.; C: a amônia excedente seja convertida em nitrito, por meio do processo de nitrificação, e em nitrato, formado como produto intermediário desse processo.; D: os efluentes promovam o crescimento excessivo de plantas aquáticas devido à alta diversidade de espécies vegetais permanentes no manguezal.; E: o impedimento da penetração da luz pelas partículas em suspensão venha a comprometer a produtividade primária do ambiente marinho, que resulta da atividade metabólica do fitoplâncton.",1.96311,E,2009
43,"Nas últimas décadas, o efeito estufa tem-se intensificado de maneira preocupante, sendo esse efeito muitas vezes atribuído à intensa liberação de CO2 durante a queima de combustíveis fósseis para geração de energia. O quadro traz as entalpias-padrão de combustão a 25 ºC ( 0 ΔH25 ) do metano, do butano e do octano. composto fórmula molecular massa molar (g/mol) 0 ΔH25 (kJ/mol) metano CH4 16 - 890 butano C4H10 58 - 2.878 octano C8H18 114 - 5.471 À medida que aumenta a consciência sobre os impactos ambientais relacionados ao uso da energia, cresce a importância de se criar políticas de incentivo ao uso de combustíveis mais eficientes. Nesse sentido, considerando-se que o metano, o butano e o octano sejam representativos do gás natural, do gás liquefeito de petróleo (GLP) e da gasolina, respectivamente, então, a partir dos dados fornecidos, é possível concluir que, do ponto de vista da quantidade de calor obtido por mol de CO2 gerado, a ordem crescente desses três combustíveis é","A: gasolina, GLP e gás natural.; B: gás natural, gasolina e GLP.; C: gasolina, gás natural e GLP.; D: gás natural, GLP e gasolina.; E: GLP, gás natural e gasolina.",2.49029,A,2009
44,"O álcool hidratado utilizado como combustível veicular é obtido por meio da destilação fracionada de soluções aquosas geradas a partir da fermentação de biomassa. Durante a destilação, o teor de etanol da mistura é aumentado, até o limite de 96% em massa. Considere que, em uma usina de produção de etanol, 800 kg de uma mistura etanol/água com concentração 20% em massa de etanol foram destilados, sendo obtidos 100 kg de álcool hidratado 96% em massa de etanol. A partir desses dados, é correto concluir que a destilação em questão gerou um resíduo com uma concentração de etanol em massa","A: de 0%.; B: de 8,0%.; C: entre 8,4% e 8,6%.; D: entre 9,0% e 9,2%.; E: entre 13% e 14%.",2.43913,D,2009
45,"Considere a seguinte situação hipotética: ao preparar o palco para a apresentação de uma peça de teatro, o iluminador deveria colocar três atores sob luzes que tinham igual brilho e os demais, sob luzes de menor brilho. O iluminador determinou, então, aos técnicos, que instalassem no palco oito lâmpadas incandescentes com a mesma especificação (L1 a L8), interligadas em um circuito com uma bateria, conforme mostra a figura. Nessa situação, quais são as três lâmpadas que acendem com o mesmo brilho por apresentarem igual valor de corrente fluindo nelas, sob as quais devem se posicionar os três atores?","A: L1, L2 e L3.; B: L2, L3 e L4.; C: L2, L5 e L7.; D: L4, L5 e L6.; E: L4, L7 e L8.",2.22199,B,2009
46,"A vacina, o soro e os antibióticos submetem os organismos a processos biológicos diferentes. Pessoas que viajam para regiões em que ocorrem altas incidências de febre amarela, de picadas de cobras peçonhentas e de leptospirose e querem evitar ou tratar problemas de saúde relacionados a essas ocorrências devem seguir determinadas orientações. Ao procurar um posto de saúde, um viajante deveria ser orientado por um médico a tomar preventivamente ou como medida de tratamento","A: antibiótico contra o vírus da febre amarela, soro antiofídico caso seja picado por uma cobra e vacina contra a leptospirose.; B: vacina contra o vírus da febre amarela, soro antiofídico caso seja picado por uma cobra e antibiótico caso entre em contato com a Leptospira sp.; C: soro contra o vírus da febre amarela, antibiótico caso seja picado por uma cobra e soro contra toxinas bacterianas.; D: antibiótico ou soro, tanto contra o vírus da febre amarela como para veneno de cobras, e vacina contra a leptospirose.; E: soro antiofídico e antibiótico contra a Leptospira sp e vacina contra a febre amarela caso entre em contato com o vírus causador da doença.",-0.19844,B,2010
47,"As ondas eletromagnéticas, como a luz visível e as ondas de rádio, viajam em linha reta em um meio homogêneo. Então, as ondas de rádio emitidas na região litorânea do Brasil não alcançariam a região amazônica do Brasil por causa da curvatura da Terra. Entretanto sabemos que é possível transmitir ondas de rádio entre essas localidades devido à ionosfera. Com a ajuda da ionosfera, a transmissão de ondas planas entre o litoral do Brasil e a região amazônica é possível por meio da",A: reflexão.; B: refração.; C: difração.; D: polarização.; E: interferência,1.59673,A,2010
48,"Todo carro possui uma caixa de fusíveis, que são utilizados para proteção dos circuitos elétricos. Os fusíveis são constituídos de um material de baixo ponto de fusão, como o estanho, por exemplo, e se fundem quando percorridos por uma corrente elétrica igual ou maior do que aquela que são capazes de suportar. O quadro a seguir mostra uma série de fusíveis e os valores de corrente por eles suportados. Fusível Corrente Elétrica (A) Azul 1,5 Amarelo 2,5 Laranja 5,0 Preto 7,5 Vermelho 10,0 Um farol usa uma lâmpada de gás halogênio de 55 W de potência que opera com 36 V. Os dois faróis são ligados separadamente, com um fusível para cada um, mas, após um mau funcionamento, o motorista passou a conectá-los em paralelo, usando apenas um fusível. Dessa forma, admitindo-se que a fiação suporte a carga dos dois faróis, o menor valor de fusível adequado para proteção desse novo circuito é o",A: azul.; B: preto.; C: laranja.; D: amarelo.; E: vermelho.,1.69985,C,2010
49,"A cárie dental resulta da atividade de bactérias que degradam os açúcares e os transformam em ácidos que corroem a porção mineralizada dos dentes. O flúor, juntamente com o cálcio e um açúcar chamado xilitol, agem inibindo esse processo. Quando não se escovam os dentes corretamente e neles acumulam-se restos de alimentos, as bactérias que vivem na boca aderem aos dentes, formando a placa bacteriana ou biofilme. Na placa, elas transformam o açúcar dos restos de alimentos em ácidos, que corroem o esmalte do dente formando uma cavidade, que é a cárie. Vale lembrar que a placa bacteriana se forma mesmo na ausência de ingestão de carboidratos fermentáveis, pois as bactérias possuem polissacarídeos intracelulares de reserva. cárie 1. destruição de um osso por corrosão progressiva. * cárie dentária: efeito da destruição da estrutura dentária por bactérias. A partir da leitura do texto, que discute as causas do aparecimento de cáries, e da sua relação com as informações do dicionário, conclui-se que a cárie dental resulta, principalmente, de","A: falta de flúor e de cálcio na alimentação diária da população brasileira.; B: consumo exagerado do xilitol, um açúcar, na dieta alimentar diária do indivíduo.; C: redução na proliferação bacteriana quando a saliva é desbalanceada pela má alimentação.; D: uso exagerado do flúor, um agente que em alta quantidade torna-se tóxico à formação dos dentes.; E: consumo excessivo de açúcares na alimentação e má higienização bucal, que contribuem para a proliferação de bactérias.",-1.05106,E,2010
50,"Em nosso cotidiano, utilizamos as palavras “calor” e “temperatura” de forma diferente de como elas são usadas no meio científico. Na linguagem corrente, calor é identificado como “algo quente” e temperatura mede a “quantidade de calor de um corpo”. Esses significados, no entanto, não conseguem explicar diversas situações que podem ser verificadas na prática. Do ponto de vista científico, que situação prática mostra a limitação dos conceitos corriqueiros de calor e temperatura?",A: A temperatura da água pode ficar constante durante o tempo em que estiver fervendo.; B: Uma mãe coloca a mão na água da banheira do bebê para verificar a temperatura da água.; C: A chama de um fogão pode ser usada para aumentar a temperatura da água em uma panela.; D: A água quente que está em uma caneca é passada para outra caneca a fim de diminuir sua temperatura.; E: Um forno pode fornecer calor para uma vasilha de água que está em seu interior com menor temperatura do que a dele.,2.22673,A,2010
51,"O texto “O vôo das Folhas” traz uma visão dos índios Ticunas para um fenômeno usualmente observado na natureza: O vôo das Folhas Com o vento as folhas se movimentam. E quando caem no chão ficam paradas em silêncio. Assim se forma o ngaura. O ngaura cobre o chão da floresta, enriquece a terra e alimenta as árvores.] As folhas velhas morrem para ajudar o crescimento das folhas novas.] Dentro do ngaura vivem aranhas, formigas, escorpiões, centopeias, minhocas, cogumelos e vários tipos de outros seres muito pequenos.] As folhas também caem nos lagos, nos igarapés e igapós. A natureza segundo os Ticunas/Livro das Árvores. Organização Geral dos Professores Bilíngues Ticunas, 2000. Na visão dos índios Ticunas, a descrição sobre o ngaura permite classificá-lo como um produto diretamente relacionado ao ciclo",A: da água.; B: do oxigênio.; C: do fósforo.; D: do carbono.; E: do nitrogênio,1.65221,D,2010
52,"Com o objetivo de se testar a eficiência de fornos de micro-ondas, planejou-se o aquecimento em 10 ºC de amostras de diferentes substâncias, cada uma com determinada massa, em cinco fornos de marcas distintas. Nesse teste, cada forno operou à potência máxima. O forno mais eficiente foi aquele que",A: forneceu a maior quantidade de energia às amostras.; B: cedeu energia à amostra de maior massa em mais tempo.; C: forneceu a maior quantidade de energia em menos tempo.; D: cedeu energia à amostra de menor calor específico mais lentamente.; E: forneceu a menor quantidade de energia às amostras em menos tempo.,-0.67482,C,2010
53,"O fósforo, geralmente representado pelo íon de fosfato ( ), é um ingrediente insubstituível da vida, já que é parte constituinte das membranas celulares e das moléculas do DNA e do trifosfato de adenosina (ATP), principal forma de armazenamento de energia das células. O fósforo utilizado nos fertilizantes agrícolas é extraído de minas, cujas reservas estão cada vez mais escassas. Certas práticas agrícolas aceleram a erosão do solo, provocando o transporte de fósforo para sistemas aquáticos, que fica imobilizado nas rochas. Ainda, a colheita das lavouras e o transporte dos restos alimentares para os lixões diminuem a disponibilidade dos íons no solo. Tais fatores têm ameaçado a sustentabilidade desse íon. Uma medida que amenizaria esse problema seria:","A: Incentivar a reciclagem de resíduos biológicos, utilizando dejetos animais e restos de culturas para produção de adubo.; B: Repor o estoque retirado das minas com um íon sintético de fósforo para garantir o abastecimento da indústria de fertilizantes.; C: Aumentar a importação de íons fosfato dos países ricos para suprir as exigências das indústrias nacionais de fertilizantes.; D: Substituir o fósforo dos fertilizantes por outro elemento com a mesma função para suprir as necessidades do uso de seus íons.; E: Proibir, por meio de lei federal, o uso de fertilizantes com fósforo pelos agricultores, para diminuir sua extração das reservas naturais.",0.76122,A,2010
54,"Júpiter, conhecido como o gigante gasoso, perdeu uma das suas listras mais proeminentes, deixando o seu hemisfério sul estranhamente vazio. Observe a região em que a faixa sumiu, destacada pela seta. Disponível em: http://www.inovacaotecnologica.com.br. Acesso em: 12 maio 2010 (adaptado). A aparência de Júpiter é tipicamente marcada por duas faixas escuras em sua atmosfera — uma no hemisfério norte e outra no hemisfério sul. Como o gás está constantemente em movimento, o desaparecimento da faixa no planeta relaciona-se ao movimento das diversas camadas de nuvens em sua atmosfera. A luz do Sol, refletida nessas nuvens, gera a imagem que é captada pelos telescópios, no espaço ou na Terra. O desaparecimento da faixa sul pode ter sido determinado por uma alteração",A: na temperatura da superfície do planeta.; B: no formato da camada gasosa do planeta.; C: no campo gravitacional gerado pelo planeta.; D: na composição química das nuvens do planeta.; E: na densidade das nuvens que compõem o planeta.,1.41425,E,2010
56,"A fonte de energia representada na figura, considerada uma das mais limpas e sustentáveis do mundo, é extraída do calor gerado",A: pela circulação do magma no subsolo.; B: pelas erupções constantes dos vulcões.; C: pelo sol que aquece as águas com radiação ultravioleta.; D: pela queima do carvão e combustíveis fósseis.; E: pelos detritos e cinzas vulcânicas.,-0.20791,A,2010
57,"O despejo de dejetos de esgotos domésticos e industriais vem causando sérios problemas aos rios brasileiros. Esses poluentes são ricos em substâncias que contribuem para a eutrofização de ecossistemas, que é um enriquecimento da água por nutrientes, o que provoca um grande crescimento bacteriano e, por fim, pode promover escassez de oxigênio. Uma maneira de evitar a diminuição da concentração de oxigênio no ambiente é:",A: Aquecer as águas dos rios para aumentar a velocidade de decomposição dos dejetos.; B: Retirar do esgoto os materiais ricos em nutrientes para diminuir a sua concentração nos rios.; C: Adicionar bactérias anaeróbicas às águas dos rios para que elas sobrevivam mesmo sem o oxigênio.; D: Substituir produtos não degradáveis por biodegradáveis para que as bactérias possam utilizar os nutrientes.; E: Aumentar a solubilidade dos dejetos no esgoto para que os nutrientes fiquem mais acessíveis às bactérias.,0.9479,B,2010
58,"Sob pressão normal (ao nível do mar), a água entra em ebulição à temperatura de 100 o C. Tendo por base essa informação, um garoto residente em uma cidade litorânea fez a seguinte experiência: • Colocou uma caneca metálica contendo água no fogareiro do fogão de sua casa. • Quando a água começou a ferver, encostou cuidadosamente a extremidade mais estreita de uma seringa de injeção, desprovida de agulha, na superfície do líquido e, erguendo o êmbolo da seringa, aspirou certa quantidade de água para seu interior, tapando-a em seguida. • Verificando após alguns instantes que a água da seringa havia parado de ferver, ele ergueu o êmbolo da seringa, constatando, intrigado, que a água voltou a ferver após um pequeno deslocamento do êmbolo. Considerando o procedimento anterior, a água volta a ferver porque esse deslocamento","A: permite a entrada de calor do ambiente externo para o interior da seringa.; B: provoca, por atrito, um aquecimento da água contida na seringa.; C: produz um aumento de volume que aumenta o ponto de ebulição da água.; D: proporciona uma queda de pressão no interior da seringa que diminui o ponto de ebulição da água.; E: possibilita uma diminuição da densidade da água que facilita sua ebulição.",0.64308,D,2010
59,"As cidades industrializadas produzem grandes proporções de gases como o CO2 , o principal gás causador do efeito estufa. Isso ocorre por causa da quantidade de combustíveis fósseis queimados, principalmente no transporte, mas também em caldeiras industriais. Além disso, nessas cidades concentram-se as maiores áreas com solos asfaltados e concretados, o que aumenta a retenção de calor, formando o que se conhece por “ilhas de calor”. Tal fenômeno ocorre porque esses materiais absorvem o calor e o devolvem para o ar sob a forma de radiação térmica. Em áreas urbanas, devido à atuação conjunta do efeito estufa e das “ilhas de calor”, espera-se que o consumo de energia elétrica",A: diminua devido à utilização de caldeiras por indústrias metalúrgicas.; B: aumente devido ao bloqueio da luz do sol pelos gases do efeito estufa.; C: diminua devido à não necessidade de aquecer a água utilizada em indústrias.; D: aumente devido à necessidade de maior refrigeração de indústrias e residências.; E: diminua devido à grande quantidade de radiação térmica reutilizada.,0.03807,D,2010
60,"A lavoura arrozeira na planície costeira da região sul do Brasil comumente sofre perdas elevadas devido à salinização da água de irrigação, que ocasiona prejuízos diretos, como a redução de produção da lavoura. Solos com processo de salinização avançado não são indicados, por exemplo, para o cultivo de arroz. As plantas retiram a água do solo quando as forças de embebição dos tecidos das raízes são superiores às forças com que a água é retida no solo. A presença de sais na solução do solo faz com que seja dificultada a absorção de água pelas plantas, o que provoca o fenômeno conhecido por seca fisiológica, caracterizado pelo(a)","A: aumento da salinidade, em que a água do solo atinge uma concentração de sais maior que a das células das raízes das plantas, impedindo, assim, que a água seja absorvida.; B: aumento da salinidade, em que o solo atinge um nível muito baixo de água, e as plantas não têm força de sucção para absorver a água.; C: diminuição da salinidade, que atinge um nível em que as plantas não têm força de sucção, fazendo com que a água não seja absorvida.; D: aumento da salinidade, que atinge um nível em que as plantas têm muita sudação, não tendo força de sucção para superá-la.; E: diminuição da salinidade, que atinge um nível em que as plantas ficam túrgidas e não têm força de sudação para superá-la.",0.50663,A,2010
61,"No ano de 2000, um vazamento em dutos de óleo na baía de Guanabara (RJ) causou um dos maiores acidentes ambientais do Brasil. Além de afetar a fauna e a flora, o acidente abalou o equilíbrio da cadeia alimentar de toda a baía. O petróleo forma uma película na superfície da água, o que prejudica as trocas gasosas da atmosfera com a água e desfavorece a realização de fotossíntese pelas algas, que estão na base da cadeia alimentar hídrica. Além disso, o derramamento de óleo contribuiu para o envenenamento das árvores e, consequentemente, para a intoxicação da fauna e flora aquáticas, bem como conduziu à morte diversas espécies de animais, entre outras formas de vida, afetando também a atividade pesqueira. A situação exposta no texto e suas implicações","A: indicam a independência da espécie humana com relação ao ambiente marinho.; B: alertam para a necessidade do controle da poluição ambiental para redução do efeito estufa.; C: ilustram a interdependência das diversas formas de vida (animal, vegetal e outras) e o seu habitat.; D: indicam a alta resistência do meio ambiente à ação do homem, além de evidenciar a sua sustentabilidade mesmo em condições extremas de poluição.; E: evidenciam a grande capacidade animal de se adaptar às mudanças ambientais, em contraste com a baixa capacidade das espécies vegetais, que estão na base da cadeia alimentar hídrica.",0.58856,C,2010
62,"Para explicar a absorção de nutrientes, bem como a função das microvilosidades das membranas das células que revestem as paredes internas do intestino delgado, um estudante realizou o seguinte experimento: Colocou 200 mℓ de água em dois recipientes. No primeiro recipiente, mergulhou, por 5 segundos, um pedaço de papel liso, como na FIGURA 1; no segundo recipiente, fez o mesmo com um pedaço de papel com dobras simulando as microvilosidades, conforme FIGURA 2. Os dados obtidos foram: a quantidade de água absorvida pelo papel liso foi de 8 mℓ, enquanto pelo papel dobrado foi de 12 mℓ. FIGURA 1 FIGURA 2 Com base nos dados obtidos, infere-se que a função das microvilosidades intestinais com relação à absorção de nutrientes pelas células das paredes internas do intestino é a de",A: manter o volume de absorção.; B: aumentar a superfície de absorção.; C: diminuir a velocidade de absorção.; D: aumentar o tempo de absorção.; E: manter a seletividade na absorção.,0.16906,B,2010
63,"O crescimento da produção de energia elétrica ao longo do tempo tem influenciado decisivamente o progresso da humanidade, mas também tem criado uma séria preocupação: o prejuízo ao meio ambiente. Nos próximos anos, uma nova tecnologia de geração de energia elétrica deverá ganhar espaço: as células a combustível hidrogênio/oxigênio. Com base no texto e na figura, a produção de energia elétrica por meio da célula a combustível hidrogênio/ oxigênio diferencia-se dos processos convencionais porque","A: transforma energia química em energia elétrica, sem causar danos ao meio ambiente, porque o principal subproduto formado é a água.; B: converte a energia química contida nas moléculas dos componentes em energia térmica, sem que ocorra a produção de gases poluentes nocivos ao meio ambiente.; C: transforma energia química em energia elétrica, porém emite gases poluentes da mesma forma que a produção de energia a partir dos combustíveis fósseis.; D: converte energia elétrica proveniente dos combustíveis fósseis em energia química, retendo os gases poluentes produzidos no processo sem alterar a qualidade do meio ambiente.; E: converte a energia potencial acumulada nas moléculas de água contidas no sistema em energia química, sem que ocorra a produção de gases poluentes nocivos ao meio ambiente.",0.54328,A,2010
64,"Alguns anfíbios e répteis são adaptados à vida subterrânea. Nessa situação, apresentam algumas características corporais como, por exemplo, ausência de patas, corpo anelado que facilita o deslocamento no subsolo e, em alguns casos, ausência de olhos. Suponha que um biólogo tentasse explicar a origem das adaptações mencionadas no texto utilizando conceitos da teoria evolutiva de Lamarck. Ao adotar esse ponto de vista, ele diria que","A: as características citadas no texto foram originadas pela seleção natural.; B: a ausência de olhos teria sido causada pela falta de uso dos mesmos, segundo a lei do uso e desuso.; C: o corpo anelado é uma característica fortemente adaptativa, mas seria transmitida apenas à primeira geração de descendentes.; D: as patas teriam sido perdidas pela falta de uso e, em seguida, essa característica foi incorporada ao patrimônio genético e então transmitidas aos descendentes.; E: as características citadas no texto foram adquiridas por meio de mutações e depois, ao longo do tempo, foram selecionadas por serem mais adaptadas ao ambiente em que os organismos se encontram.",1.12506,B,2010
65,"As misturas efervescentes, em pó ou em comprimidos, são comuns para a administração de vitamina C ou de medicamentos para azia. Essa forma farmacêutica sólida foi desenvolvida para facilitar o transporte, aumentar a estabilidade de substâncias e, quando em solução, acelerar a absorção do fármaco pelo organismo. As matérias-primas que atuam na efervescência são, em geral, o ácido tartárico ou o ácido cítrico que reagem com um sal de caráter básico, como o bicarbonato de sódio (NaHCO3 ), quando em contato com a água. A partir do contato da mistura efervescente com a água, ocorre uma série de reações químicas simultâneas: liberação de íons, formação de ácido e liberação do gás carbônico — gerando a efervescência. As equações a seguir representam as etapas da reação da mistura efervescente na água, em que foram omitidos os estados de agregação dos reagentes, e H3 A representa o ácido cítrico. A ionização, a dissociação iônica, a formação do ácido e a liberação do gás ocorrem, respectivamente, nas seguintes etapas:","A: IV, I, II e III I, IV, III e II IV, III, I e II I, IV, II e III IV, I, III e II",1.27345,E,2010
66,"Um ambiente capaz de asfixiar todos os animais conhecidos do planeta foi colonizado por pelo menos três espécies diferentes de invertebrados marinhos. Descobertos a mais de 3 000 m de profundidade no Mediterrâneo, eles são os primeiros membros do reino animal a prosperar mesmo diante da ausência total de oxigênio. Até agora, achava-se que só bactérias pudessem ter esse estilo de vida. Não admira que os bichos pertençam a um grupo pouco conhecido, o dos loricíferos, que mal chegam a 1,0 mm. Apesar do tamanho, possuem cabeça, boca, sistema digestivo e uma carapaça. A adaptação dos bichos à vida no sufoco é tão profunda que suas células dispensaram as chamadas mitocôndrias. Que substâncias poderiam ter a mesma função do O2 na respiração celular realizada pelos loricíferos?",A: S e CH4 S e H2 e CO2 e CH4 H2 e CO2,2.05262,B,2010
68,"A energia elétrica consumida nas residências é medida, em quilowatt-hora, por meio de um relógio medidor de consumo. Nesse relógio, da direita para esquerda, tem-se o ponteiro da unidade, da dezena, da centena e do milhar. Se um ponteiro estiver entre dois números, considera-se o último número ultrapassado pelo ponteiro. Suponha que as medidas indicadas nos esquemas seguintes tenham sido feitas em uma cidade em que o preço do quilowatt-hora fosse de R$ 0,20. O valor a ser pago pelo consumo de energia elétrica registrado seria de","A: R$ 41,80.; B: R$ 42,00.; C: R$ 43,00.; D: R$ 43,80.; E: R$ 44,00.",1.68423,E,2010
69,"No que tange à tecnologia de combustíveis alternativos, muitos especialistas em energia acreditam que os alcoóis vão crescer em importância em um futuro próximo. Realmente, alcoóis como metanol e etanol têm encontrado alguns nichos para uso doméstico como combustíveis há muitas décadas e, recentemente, vêm obtendo uma aceitação cada vez maior como aditivos, ou mesmo como substitutos para gasolina em veículos. Algumas das propriedades físicas desses combustíveis são mostradas no quadro seguinte. Dados: Massas molares em g/mol: H = 1,0; C = 12,0; O = 16,0. Considere que, em pequenos volumes, o custo de produção de ambos os alcoóis seja o mesmo. Dessa forma, do ponto de vista econômico, é mais vantajoso utilizar","A: metanol, pois sua combustão completa fornece aproximadamente 22,7 kJ de energia por litro de combustível queimado.; B: etanol, pois sua combustão completa fornece aproximadamente 29,7 kJ de energia por litro de combustível queimado.; C: metanol, pois sua combustão completa fornece aproximadamente 17,9 MJ de energia por litro de combustível queimado.; D: etanol, pois sua combustão completa fornece aproximadamente 23,5 MJ de energia por litro de combustível queimado.; E: etanol, pois sua combustão completa fornece aproximadamente 33,7 MJ de energia por litro de combustível queimado.",1.74716,D,2010
71,"O uso prolongado de lentes de contato, sobretudo durante a noite, aliado a condições precárias de higiene representam fatores de risco para o aparecimento de uma infecção denominada ceratite microbiana, que causa ulceração inflamatória da córnea. Para interromper o processo da doença, é necessário tratamento antibiótico. De modo geral, os fatores de risco provocam a diminuição da oxigenação corneana e determinam mudanças no seu metabolismo, de um estado aeróbico para anaeróbico. Como decorrência, observa-se a diminuição no número e na velocidade de mitoses do epitélio, o que predispõe ao aparecimento de defeitos epiteliais e à invasão bacteriana. A instalação das bactérias e o avanço do processo infeccioso na córnea estão relacionados a algumas características gerais desses microrganismos, tais como:","A: A grande capacidade de adaptação, considerando as constantes mudanças no ambiente em que se reproduzem e o processo aeróbico como a melhor opção desses microrganismos para a obtenção de energia.; B: A grande capacidade de sofrer mutações, aumentando a probabilidade do aparecimento de formas resistentes e o processo anaeróbico da fermentação como a principal via de obtenção de energia.; C: A diversidade morfológica entre as bactérias, aumentando a variedade de tipos de agentes infecciosos e a nutrição heterotrófica, como forma de esses microrganismos obterem matéria-prima e energia.; D: O alto poder de reprodução, aumentando a variabilidade genética dos milhares de indivíduos e a nutrição heterotrófica, como única forma de obtenção de matériaprima e energia desses microrganismos.; E: O alto poder de reprodução, originando milhares de descendentes geneticamente idênticos entre si e a diversidade metabólica, considerando processos aeróbicos e anaeróbicos para a obtenção de energia.",2.21444,E,2010
73,"A composição média de uma bateria automotiva esgotada é de aproximadamente 32% Pb, 3% PbO, 17% PbO2 e 36% PbSO4 . A média de massa da pasta residual de uma bateria usada é de 6 kg, onde 19% é PbO2 , 60% PbSO4 e 21% Pb. Entre todos os compostos de chumbo presentes na pasta, o que mais preocupa é o sulfato de chumbo (II), pois nos processos pirometalúrgicos, em que os compostos de chumbo (placas das baterias) são fundidos, há a conversão de sulfato em dióxido de enxofre, gás muito poluente. Para reduzir o problema das emissões de SO2(g), a indústria pode utilizar uma planta mista, ou seja, utilizar o processo hidrometalúrgico, para a dessulfuração antes da fusão do composto de chumbo. Nesse caso, a redução de sulfato presente no PbSO4 é feita via lixiviação com solução de carbonato de sódio (Na2 CO3 ) 1M a 45 ºC, em que se obtém o carbonato de chumbo (II) com rendimento de 91%. Após esse processo, o material segue para a fundição para obter o chumbo metálico. PbSO4 + Na2 CO3 → PbCO3 + Na2 SO4 Dados: Massas Molares em g/mol Pb = 207; S = 32; Na = 23; O = 16; C = 12 Segundo as condições do processo apresentado para a obtenção de carbonato de chumbo (II) por meio da lixiviação por carbonato de sódio e considerando uma massa de pasta residual de uma bateria de 6 kg, qual quantidade aproximada, em quilogramas, de PbCO3 é obtida?","A: 1,7 kg 1,9 kg 2,9 kg 3,3 kg 3,6 kg",4.43681,C,2010
74,"A eletrólise é muito empregada na indústria com o objetivo de reaproveitar parte dos metais sucateados. O cobre, por exemplo, é um dos metais com maior rendimento no processo de eletrólise, com uma recuperação de aproximadamente 99,9%. Por ser um metal de alto valor comercial e de múltiplas aplicações, sua recuperação torna-se viável economicamente. Suponha que, em um processo de recuperação de cobre puro, tenha-se eletrolisado uma solução de sulfato de cobre (II) (CuSO4 ) durante 3 h, empregando-se uma corrente elétrica de intensidade igual a 10 A. A massa de cobre puro recuperada é de aproximadamente Dados: Constante de Faraday F = 96 500 C/mol; Massa molar em g/mol: Cu = 63,5.","A: 0,02 g.; B: 0,04 g.; C: 2,40 g.; D: 35,5 g.; E: 71,0 g.",2.1523,D,2010
75,"Dois pesquisadores percorreram os trajetos marcados no mapa. A tarefa deles foi analisar os ecossistemas e, encontrando problemas, relatar e propor medidas de recuperação. A seguir, são reproduzidos trechos aleatórios extraídos dos relatórios desses dois pesquisadores. Trechos aleatórios extraídos do relatório do pesquisador P1 : I. “Por causa da diminuição drástica das espécies vegetais deste ecossistema, como os pinheiros, a gralha azul também está em processo de extinção”. II. “As árvores de troncos tortuosos e cascas grossas que predominam nesse ecossistema estão sendo utilizadas em carvoarias”. Trechos aleatórios extraídos do relatório do pesquisador P2 : III. “Das palmeiras que predominam nesta região podem ser extraídas substâncias importantes para a economia regional”. IV. “Apesar da aridez desta região, em que encontramos muitas plantas espinhosas, não se pode desprezar a sua biodiversidade.” Os trechos I, II, III e IV referem-se, pela ordem, aos seguintes ecossistemas:","A: Caatinga, Cerrado, Zona dos cocais e Floresta Amazônica.; B: Mata de Araucárias, Cerrado, Zona dos cocais e Caatinga.; C: Manguezais, Zona dos cocais, Cerrado e Mata Atlântica.; D: Floresta Amazônica, Cerrado, Mata Atlântica e Pampas.; E: Mata Atlântica, Cerrado, Zona dos cocais e Pantanal.",0.02055,B,2010
76,"Investigadores das Universidades de Oxford e da Califórnia desenvolveram uma variedade de Aedes aegypti geneticamente modificada que é candidata para uso na busca de redução na transmissão do vírus da dengue. Nessa nova variedade de mosquito, as fêmeas não conseguem voar devido à interrupção do desenvolvimento do músculo das asas. A modificação genética introduzida é um gene dominante condicional, isso é, o gene tem expressão dominante (basta apenas uma cópia do alelo) e este só atua nas fêmeas. Prevê-se, porém, que a utilização dessa variedade de Aedes aegypti demore ainda anos para ser implementada, pois há demanda de muitos estudos com relação ao impacto ambiental. A liberação de machos de Aedes aegypti dessa variedade geneticamente modificada reduziria o número de casos de dengue em uma determinada região porque",A: diminuiria o sucesso reprodutivo desses machos transgênicos.; B: restringiria a área geográfica de voo dessa espécie de mosquito.; C: dificultaria a contaminação e reprodução do vetor natural da doença.; D: tornaria o mosquito menos resistente ao agente etiológico da doença.; E: dificultaria a obtenção de alimentos pelos machos geneticamente modificados.,1.88168,C,2010
77,"No ano de 2004, diversas mortes de animais por envenenamento no zoológico de São Paulo foram evidenciadas. Estudos técnicos apontam suspeita de intoxicação por monofluoracetato de sódio, conhecido como composto 1080 e ilegalmente comercializado como raticida. O monofluoracetato de sódio é um derivado do ácido monofluoracético e age no organismo dos mamíferos bloqueando o ciclo de Krebs, que pode levar à parada da respiração celular oxidativa e ao acúmulo de amônia na circulação. O monofluoracetato de sódio pode ser obtido pela","A: desidratação do ácido monofluoracético, com liberação de água.; B: hidrólise do ácido monofluoracético, sem formação de água.; C: perda de íons hidroxila do ácido monofluoracético, com liberação de hidróxido de sódio.; D: neutralização do ácido monofluoracético usando hidróxido de sódio, com liberação de água.; E: substituição dos íons hidrogênio por sódio na estrutura do ácido monofluoracético, sem formação de água.",1.42331,D,2010
78,"Duas irmãs que dividem o mesmo quarto de estudos combinaram de comprar duas caixas com tampas para guardarem seus pertences dentro de suas caixas, evitando, assim, a bagunça sobre a mesa de estudos. Uma delas comprou uma metálica, e a outra, uma caixa de madeira de área e espessura lateral diferentes, para facilitar a identificação. Um dia as meninas foram estudar para a prova de Física e, ao se acomodarem na mesa de estudos, guardaram seus celulares ligados dentro de suas caixas. Ao longo desse dia, uma delas recebeu ligações telefônicas, enquanto os amigos da outra tentavam ligar e recebiam a mensagem de que o celular estava fora da área de cobertura ou desligado. Para explicar essa situação, um físico deveria afirmar que o material da caixa, cujo telefone celular não recebeu as ligações é de","A: madeira, e o telefone não funcionava porque a madeira não é um bom condutor de eletricidade.; B: metal, e o telefone não funcionava devido à blindagem eletrostática que o metal proporcionava.; C: metal, e o telefone não funcionava porque o metal refletia todo tipo de radiação que nele incidia.; D: metal, e o telefone não funcionava porque a área lateral da caixa de metal era maior.; E: madeira, e o telefone não funcionava porque a espessura desta caixa era maior que a espessura da caixa de metal.",0.52326,B,2010
79,"As mobilizações para promover um planeta melhor para as futuras gerações são cada vez mais frequentes. A maior parte dos meios de transporte de massa é atualmente movida pela queima de um combustível fóssil. A título de exemplificação do ônus causado por essa prática, basta saber que um carro produz, em média, cerca de 200 g de dióxido de carbono por km percorrido. Um dos principais constituintes da gasolina é o octano (C8 H18). Por meio da combustão do octano é possível a liberação de energia, permitindo que o carro entre em movimento. A equação que representa a reação química desse processo demonstra que","A: no processo há liberação de oxigênio, sob a forma de O2 .; B: o coeficiente estequiométrico para a água é de 8 para 1 do octano.; C: no processo há consumo de água, para que haja liberação de energia.; D: o coeficiente estequiométrico para o oxigênio é de 12,5 para 1 do octano.; E: o coeficiente estequiométrico para o gás carbônico é de 9 para 1 do octano.",1.36488,D,2010
80,"Os pesticidas modernos são divididos em várias classes, entre as quais se destacam os organofosforados, materiais que apresentam efeito tóxico agudo para os seres humanos. Esses pesticidas contêm um átomo central de fósforo ao qual estão ligados outros átomos ou grupo de átomos como oxigênio, enxofre, grupos metoxi ou etoxi, ou um radical orgânico de cadeia longa. Os organofosforados são divididos em três subclasses: Tipo A, na qual o enxofre não se incorpora na molécula; Tipo B, na qual o oxigênio, que faz dupla ligação com fósforo, é substituído pelo enxofre; e Tipo C, no qual dois oxigênios são substituídos por enxofre. Um exemplo de pesticida organofosforado Tipo B, que apresenta grupo etoxi em sua fórmula estrutural, está representado em:",A: ; B: ; C: ; D: ; E:,1.52425,E,2010
81,"Durante uma obra em um clube, um grupo de trabalhadores teve de remover uma escultura de ferro maciço colocada no fundo de uma piscina vazia. Cinco trabalhadores amarraram cordas à escultura e tentaram puxá-la para cima, sem sucesso. Se a piscina for preenchida com água, ficará mais fácil para os trabalhadores removerem a escultura, pois a","A: escultura flutuará.; B: Dessa forma, os homens não precisarão fazer força para remover a escultura do fundo.; C: escultura ficará com peso menor.; D: Dessa forma, a intensidade da força necessária para elevar a escultura será menor.; E: água exercerá uma força na escultura proporcional a sua massa, e para cima. Esta força se somará à força que os trabalhadores fazem para anular a ação da força peso da escultura. água exercerá uma força na escultura para baixo, e esta passará a receber uma força ascendente do piso da piscina. Esta força ajudará a anular a ação da força peso na escultura. água exercerá uma força na escultura proporcional ao seu volume, e para cima. Esta força se somará à força que os trabalhadores fazem, podendo resultar em uma força ascendente maior que o peso da escultura.",1.19907,E,2010
82,"As baterias de Ni-Cd muito utilizadas no nosso cotidiano não devem ser descartadas em lixos comuns uma vez que uma considerável quantidade de cádmio é volatilizada e emitida para o meio ambiente quando as baterias gastas são incineradas como componente do lixo. Com o objetivo de evitar a emissão de cádmio para a atmosfera durante a combustão é indicado que seja feita a reciclagem dos materiais dessas baterias. Uma maneira de separar o cádmio dos demais compostos presentes na bateria é realizar o processo de lixiviação ácida. Nela, tanto os metais (Cd, Ni e eventualmente Co) como os hidróxidos de íons metálicos Cd(OH)2(s), Ni(OH)2(s) , Co(OH)2(s) presentes na bateria, reagem com uma mistura ácida e são solubilizados. Em função da baixa seletividade (todos os íons metálicos são solubilizados), após a digestão ácida, é realizada uma etapa de extração dos metais com solventes orgânicos de acordo com a reação: M2+ (aq) + 2 HR(org)  MR2(org) + 2 H+ (aq) Onde : M2+ = Cd2+ , Ni2+ ou Co2+ HR = C16H34 –PO2 H : identificado no gráfico por X HR = C12H12 –PO2 H : identificado no gráfico por Y O gráfico mostra resultado da extração utilizando os solventes orgânicos X e Y em diferentes pH. A reação descrita no texto mostra o processo de extração dos metais por meio da reação com moléculas orgânicas, X e Y. Considerando-se as estruturas de X e Y e o processo de separação descrito, pode-se afirmar que",A: as moléculas X e Y atuam como extratores catiônicos uma vez que a parte polar da molécula troca o íon H+ pelo cátion do metal.; B: as moléculas X e Y atuam como extratores aniônicos uma vez que a parte polar da molécula troca o íon H+ pelo cátion do metal.; C: as moléculas X e Y atuam como extratores catiônicos uma vez que a parte apolar da molécula troca o íon pelo cátion do metal.; D: as moléculas X e Y atuam como extratores aniônicos uma vez que a parte polar da molécula troca o íon pelo cátion do metal.; E: as moléculas X e Y fazem ligações com os íons metálicos resultando em compostos com caráter apolar o que justifica a eficácia da extração.,1.87056,A,2010
83,"Ao colocar um pouco de açúcar na água e mexer até a obtenção de uma só fase, prepara-se uma solução. O mesmo acontece ao se adicionar um pouquinho de sal à água e misturar bem. Uma substância capaz de dissolver o soluto é denominada solvente; por exemplo, a água é um solvente para o açúcar, para o sal e para várias outras substâncias. A figura a seguir ilustra essa citação. Suponha que uma pessoa, para adoçar seu cafezinho, tenha utilizado 3,42 g de sacarose (massa molar igual a 342 g/mol) para uma xícara de 50 mℓ do líquido. Qual é a concentração final, em mol/ℓ, de sacarose nesse cafezinho?","A: 0,02 0,2 2 200 2000",1.28868,B,2010
84,"Um grupo de cientistas liderado por pesquisadores do Instituto de Tecnologia da Califórnia (Caltech), nos Estados Unidos, construiu o primeiro metamaterial que apresenta valor negativo do índice de refração relativo para a luz visível. Denomina-se metamaterial um material óptico artificial, tridimensional, formado por pequenas estruturas menores do que o comprimento de onda da luz, o que lhe dá propriedades e comportamentos que não são encontrados em materiais naturais. Esse material tem sido chamado de “canhoto”. Considerando o comportamento atípico desse metamaterial, qual é a figura que representa a refração da luz ao passar do ar para esse meio?",A: ; B: ; C: ; D: ; E:,1.29973,D,2010
85,"Decisão de asfaltamento da rodovia MG-010, acompanhada da introdução de espécies exóticas, e a prática de incêndios criminosos, ameaçam o sofisticado ecossistema do campo rupestre da reserva da Serra do Espinhaço. As plantas nativas desta região, altamente adaptadas a uma alta concentração de alumínio, que inibe o crescimento das raízes e dificultam a absorção de nutrientes e água, estão sendo substituídas por espécies invasoras que não teriam naturalmente adaptação para este ambiente, no entanto elas estão dominando as margens da rodovia, equivocadamente chamada de “estrada ecológica”. Possivelmente a entrada de espécies de plantas exóticas neste ambiente foi provocada pelo uso, neste empreendimento, de um tipo de asfalto (cimento-solo), que possui uma mistura rica em cálcio, que causou modificações químicas aos solos adjacentes à rodovia MG-010. Essa afirmação baseia-se no uso de cimento-solo, mistura rica em cálcio que","A: inibe a toxicidade do alumínio, elevando o pH dessas áreas.; B: inibe a toxicidade do alumínio, reduzindo o pH dessas áreas.; C: aumenta a toxicidade do alumínio, elevando o pH dessas áreas.; D: aumenta a toxicidade do alumínio, reduzindo o pH dessas áreas.; E: neutraliza a toxicidade do alumínio, reduzindo o pH dessas áreas.",1.6399,A,2010
86,"Três dos quatro tipos de testes atualmente empregados para a detecção de príons patogênicos em tecidos cerebrais de gado morto são mostrados nas figuras a seguir. Uma vez identificado um animal morto infectado, funcionários das agências de saúde pública e fazendeiros podem removê-lo do suprimento alimentar ou rastrear os alimentos infectados que o animal possa ter consumido. Analisando os testes I, II e III, para a detecção de príons patogênicos, identifique as condições em que os resultados foram positivos para a presença de príons nos três testes:","A: Animal A, lâmina B e gel A.; B: Animal A, lâmina A e gel B.; C: Animal B, lâmina A e gel B.; D: Animal B, lâmina B e gel A.; E: Animal A, lâmina B e gel B.",0.92652,C,2010
87,"De 15% a 20% da área de um canavial precisa ser renovada anualmente. Entre o período de corte e o de plantação de novas canas, os produtores estão optando por plantar leguminosas, pois elas fixam nitrogênio no solo, um adubo natural para a cana. Essa opção de rotação é agronomicamente favorável, de forma que municípios canavieiros são hoje grandes produtores de soja, amendoim e feijão. A rotação de culturas citada no texto pode beneficiar economicamente os produtores de cana porque","A: a decomposição da cobertura morta dessas culturas resulta em economia na aquisição de adubos industrializados.; B: o plantio de cana-de-açúcar propicia um solo mais adequado para o cultivo posterior da soja, do amendoim e do feijão.; C: as leguminosas absorvem do solo elementos químicos diferentes dos absorvidos pela cana, restabelecendo o equilíbrio do solo.; D: a queima dos restos vegetais do cultivo da canade-açúcar transforma-se em cinzas, sendo reincorporadas ao solo, o que gera economia na aquisição de adubo.; E: a soja, o amendoim e o feijão, além de possibilitarem a incorporação ao solo de determinadas moléculas disponíveis na atmosfera, são grãos comercializados no mercado produtivo.",1.01961,E,2010
88,"Diversos comportamentos e funções fisiológicas do nosso corpo são periódicos, sendo assim, são classificados como ritmo biológico. Quando o ritmo biológico responde a um período aproximado de 24 horas, ele é denominado ritmo circadiano. Esse ritmo diário é mantido pelas pistas ambientais de claro-escuro e determina comportamentos como o ciclo do sono-vigília e o da alimentação. Uma pessoa, em condições normais, acorda às 8 h e vai dormir às 21 h, mantendo seu ciclo de sono dentro do ritmo dia e noite. Imagine que essa mesma pessoa tenha sido mantida numa sala totalmente escura por mais de quinze dias. Ao sair de lá, ela dormia às 18 h e acordava às 3 h da manhã. Além disso, dormia mais vezes durante o dia, por curtos períodos de tempo, e havia perdido a noção da contagem dos dias, pois, quando saiu, achou que havia passado muito mais tempo no escuro. Em função das características observadas, conclui-se que a pessoa","A: apresentou aumento do seu período de sono contínuo e passou a dormir durante o dia, pois seu ritmo biológico foi alterado apenas no período noturno.; B: apresentou pouca alteração do seu ritmo circadiano, sendo que sua noção de tempo foi alterada somente pela sua falta de atenção à passagem do tempo.; C: estava com seu ritmo já alterado antes de entrar na sala, o que significa que apenas progrediu para um estado mais avançado de perda do ritmo biológico no escuro.; D: teve seu ritmo biológico alterado devido à ausência de luz e de contato com o mundo externo, no qual a noção de tempo de um dia é modulada pela presença ou ausência do sol.; E: deveria não ter apresentado nenhuma mudança do seu período de sono porque, na realidade, continua com o seu ritmo normal, independentemente do ambiente em que seja colocada.",-0.19051,D,2010
89,"Deseja-se instalar uma estação de geração de energia elétrica em um município localizado no interior de um pequeno vale cercado de altas montanhas de difícil acesso. A cidade é cruzada por um rio, que é fonte de água para consumo, irrigação das lavouras de subsistência e pesca. Na região, que possui pequena extensão territorial, a incidência solar é alta o ano todo. A estação em questão irá abastecer apenas o município apresentado. Qual forma de obtenção de energia, entre as apresentadas, é a mais indicada para ser implantada nesse município de modo a causar o menor impacto ambiental?","A: Termelétrica, pois é possível utilizar a água do rio no sistema de refrigeração.; B: Eólica, pois a geografia do local é própria para a captação desse tipo de energia.; C: Nuclear, pois o modo de resfriamento de seus sistemas não afetaria a população.; D: Fotovoltaica, pois é possível aproveitar a energia solar que chega à superfície do local.; E: Hidrelétrica, pois o rio que corta o município é suficiente para abastecer a usina construída.",0.43465,D,2010
90,"O lixão que recebia 130 toneladas de lixo e contaminava a região com o seu chorume (líquido derivado da decomposição de compostos orgânicos) foi recuperado, transformando-se em um aterro sanitário controlado, mudando a qualidade de vida e a paisagem e proporcionando condições dignas de trabalho para os que dele subsistiam. Quais procedimentos técnicos tornam o aterro sanitário mais vantajoso que o lixão, em relação às problemáticas abordadas no texto?","A: O lixo é recolhido e incinerado pela combustão a altas temperaturas.; B: O lixo hospitalar é separado para ser enterrado e sobre ele, colocada cal virgem.; C: O lixo orgânico e inorgânico é encoberto, e o chorume canalizado para ser tratado e neutralizado.; D: O lixo orgânico é completamente separado do lixo inorgânico, evitando a formação de chorume.; E: O lixo industrial é separado e acondicionado de forma adequada, formando uma bolsa de resíduos.",0.71518,C,2010
46,"Partículas suspensas em um fluido apresentam contínua movimentação aleatória, chamado movimento browniano, causado pelos choques das partículas que compõem o fluido. A ideia de um inventor era construir uma série de palhetas, montadas sobre um eixo, que seriam postas em movimento pela agitação das partículas ao seu redor. Como o movimento ocorreria igualmente em ambos os sentidos de rotação, o cientista concebeu um segundo elemento, um dente de engrenagem assimétrico. Assim, em escala muito pequena, este tipo de motor poderia executar trabalho, por exemplo, puxando um pequeno peso para cima. O esquema, que já foi testado, é mostrado a seguir. A explicação para a necessidade do uso da engrenagem com trava é:","A: O travamento do motor, para que ele não se solte aleatoriamente.; B: A seleção da velocidade, controlada pela pressão nos dentes da engrenagem.; C: O controle do sentido da velocidade tangencial, permitindo, inclusive, uma fácil leitura do seu valor.; D: A determinação do movimento, devido ao caráter aleatório, cuja tendência é o equilíbrio.; E: A escolha do ângulo a ser girado, sendo possível, inclusive, medi-lo pelo número de dentes da engrenagem.",2.47488,D,2011
47,"Os personagens da figura estão representando uma situação hipotética de cadeia alimentar Suponha que, em cena anterior à apresentada, o homem tenha se alimentado de frutas e grãos que conseguiu coletar. Na hipótese de, nas próximas cenas, o tigre ser bem-sucedido e, posteriormente, servir de alimento aos abutres, tigre e abutres ocuparão, respectivamente, os níveis tróficos de",A: produtor e consumidor primário.; B: consumidor primário e consumidor secundário.; C: consumidor secundário e consumidor terciário.; D: consumidor terciário e produtor.; E: consumidor secundário e consumidor primário.,0.07698,C,2011
48,"A produção de soro antiofídico é feita por meio da extração da peçonha de serpentes que, após tratamento, é introduzida em um cavalo. Em seguida são feitas sangrias para avaliar a concentração de anticorpos produzidos pelo cavalo. Quando essa concentração atinge o valor desejado, é realizada a sangria final para obtenção do soro. As hemácias são devolvidas ao animal, por meio de uma técnica denominada plasmaferese, a fim de reduzir os efeitos colaterais provocados pela sangria. A plasmaferese é importante, pois, se o animal ficar com uma baixa quantidade de hemácias, poderá apresentar",A: febre alta e constante.; B: redução de imunidade.; C: aumento da pressão arterial.; D: quadro de leucemia profunda.; E: problemas no transporte de oxigênio.,0.63064,E,2011
49,"Um paciente deu entrada em um pronto-socorro apresentando os seguintes sintomas: cansaço, dificuldade em respirar e sangramento nasal. O médico solicitou um hemograma ao paciente para definir um diagnóstico. Os resultados estão dispostos na tabela: Relacionando os sintomas apresentados pelo paciente com os resultados de seu hemograma, constata-se que","A: o sangramento nasal é devido à baixa quantidade de plaquetas, que são responsáveis pela coagulação sanguínea.; B: o cansaço ocorreu em função da quantidade de glóbulos brancos, que são responsáveis pela coagulação sanguínea.; C: a dificuldade respiratória decorreu da baixa quantidade de glóbulos vermelhos, que são responsáveis pela defesa imunológica.; D: o sangramento nasal é decorrente da baixa quantidade de glóbulos brancos, que são responsáveis pelo transporte de gases no sangue.; E: a dificuldade respiratória ocorreu pela quantidade de plaquetas, que são responsáveis pelo transporte de oxigênio no sangue.",0.4356,A,2011
50,"Um dos problemas dos combustíveis que contêm carbono é que sua queima produz dióxido de carbono. Portanto, uma característica importante, ao se escolher um combustível, é analisar seu calor de combustão (∆Hc º), definido como a energia liberada na queima completa de um mol de combustível no estado padrão. O quadro seguinte relaciona algumas substâncias que contêm carbono e seu ∆Hc º. Substância Fórmula ∆Hc º (kJ/mol) benzeno C6 H6 (l) -3 268 etanol C2 H5 OH (l) -1 368 glicose C6 H12O6 (s) -2 808 metano CH4 (g) -890 octano C8 H18 (l) -5 471 Neste contexto, qual dos combustíveis, quando queimado completamente, libera mais dióxido de carbono no ambiente pela mesma quantidade de energia produzida?",A: Benzeno.; B: Metano.; C: Glicose.; D: Octano.; E: Etanol.,1.84632,C,2011
51,"Para evitar o desmatamento da Mata Atlântica nos arredores da cidade de Amargosa, no Recôncavo da Bahia, o Ibama tem atuado no sentido de fiscalizar, entre outras, as pequenas propriedades rurais que dependem da lenha proveniente das matas para a produção da farinha de mandioca, produto típico da região. Com isso, pequenos produtores procuram alternativas como o gás de cozinha, o que encarece a farinha. Uma alternativa viável, em curto prazo, para os produtores de farinha em Amargosa, que não cause danos à Mata Atlântica nem encareça o produto é a","A: construção, nas pequenas propriedades, de grandes fornos elétricos para torrar a mandioca.; B: plantação, em suas propriedades, de árvores para serem utilizadas na produção de lenha.; C: permissão, por parte do Ibama, da exploração da Mata Atlântica apenas pelos pequenos produtores.; D: construção de biodigestores, para a produção de gás combustível a partir de resíduos orgânicos da região.; E: coleta de carvão de regiões mais distantes, onde existe menor intensidade de fiscalização do Ibama.",0.57856,D,2011
52,"Belém é cercada por 39 ilhas, e suas populações convivem com ameaças de doenças. O motivo, apontado por especialistas, é a poluição da água do rio, principal fonte de sobrevivência dos ribeirinhos. A diarreia é frequente nas crianças e ocorre como consequência da falta de saneamento básico, já que a população não tem acesso à água de boa qualidade. Como não há água potável, a alternativa é consumir a do rio. O procedimento adequado para tratar a água dos rios, a fim de atenuar os problemas de saúde causados por microrganismos a essas populações ribeirinhas é a",A: filtração.; B: cloração.; C: coagulação.; D: fluoretação.; E: decantação.,1.13389,B,2011
53,"O vírus do papiloma humano (HPV, na sigla em inglês) causa o aparecimento de verrugas e infecção persistente, sendo o principal fator ambiental do câncer de colo de útero nas mulheres. O vírus pode entrar pela pele ou por mucosas do corpo, o qual desenvolve anticorpos contra a ameaça, embora em alguns casos a defesa natural do organismo não seja suficiente. Foi desenvolvida uma vacina contra o HPV, que reduz em até 90% as verrugas e 85,6% dos casos de infecção persistente em comparação com pessoas não vacinadas. O benefício da utilização dessa vacina é que pessoas vacinadas, em comparação com as não vacinadas, apresentam diferentes respostas ao vírus HPV em decorrência da",A: alta concentração de macrófagos.; B: elevada taxa de anticorpos específicos anti-HPV circulantes.; C: aumento na produção de hemácias após a infecção por vírus HPV.; D: rapidez na produção de altas concentrações de linfócitos matadores.; E: presença de células de memória que atuam na resposta secundária.,1.55768,E,2011
54,"Certas ligas estanho-chumbo com composição específica formam um eutético simples, o que significa que uma liga com essas características se comporta como uma substância pura, com um ponto de fusão definido, no caso 183 ºC. Essa é uma temperatura inferior mesmo ao ponto de fusão dos metais que compõem esta liga (o estanho puro funde a 232 ºC e o chumbo puro a 320 ºC), o que justifica sua ampla utilização na soldagem de componentes eletrônicos, em que o excesso de aquecimento deve sempre ser evitado. De acordo com as normas internacionais, os valores mínimo e máximo das densidades para essas ligas são de 8,74 g/mL e 8,82 g/mL, respectivamente. As densidades do estanho e do chumbo são 7,3 g/mL e 11,3 g/mL, respectivamente. Um lote contendo 5 amostras de solda estanhochumbo foi analisado por um técnico, por meio da determinação de sua composição percentual em massa, cujos resultados estão mostrados no quadro a seguir. Amostra Porcentagem de Sn (%) Porcentagem de Pb (%) I 60 40 II 62 38 III 65 35 IV 63 37 V 59 41 Com base no texto e na análise realizada pelo técnico, as amostras que atendem às normas internacionais são",A: I e II.; B: I e III.; C: II e IV.; D: III e V.; E: IV e V.,1.29865,C,2011
55,"No processo de industrialização da mamona, além do óleo que contém vários ácidos graxos, é obtida uma massa orgânica, conhecida como torta de mamona. Esta massa tem potencial para ser utilizada como fertilizante para o solo e como complemento em rações animais devido a seu elevado valor proteico. No entanto, a torta apresenta compostos tóxicos e alergênicos diferentemente do óleo da mamona. Para que a torta possa ser utilizada na alimentação animal, é necessário um processo de descontaminação. A característica presente nas substâncias tóxicas e alergênicas, que inviabiliza sua solubilização no óleo de mamona, é a",A: lipofilia.; B: hidrofilia.; C: hipocromia.; D: cromatofilia.; E: hiperpolarização.,2.23506,B,2011
56,"O manual de funcionamento de um captador de guitarra elétrica apresenta o seguinte texto: Esse captador comum consiste de uma bobina, fios condutores enrolados em torno de um ímã permanente. O campo magnético do ímã induz o ordenamento dos polos magnéticos na corda da guitarra, que está próxima a ele. Assim, quando a corda é tocada, as oscilações produzem variações, com o mesmo padrão, no fluxo magnético que atravessa a bobina. Isso induz uma corrente elétrica na bobina, que é transmitida até o amplificador e, daí, para o alto-falante. Um guitarrista trocou as cordas originais de sua guitarra, que eram feitas de aço, por outras feitas de náilon. Com o uso dessas cordas, o amplificador ligado ao instrumento não emitia mais som, porque a corda de náilon",A: isola a passagem de corrente elétrica da bobina para o alto-falante.; B: varia seu comprimento mais intensamente do que ocorre com o aço.; C: apresenta uma magnetização desprezível sob a ação do ímã permanente.; D: induz correntes elétricas na bobina mais intensas que a capacidade do captador.; E: oscila com uma frequência menor do que a que pode ser percebida pelo captador,0.97069,C,2011
57,"O controle biológico, técnica empregada no combate a espécies que causam danos e prejuízos aos seres humanos, é utilizado no combate à lagarta que se alimenta de folhas de algodoeiro. Algumas espécies de borboleta depositam seus ovos nessa cultura. A microvespa Trichogramma sp. introduz seus ovos nos ovos de outros insetos, incluindo os das borboletas em questão. Os embriões da vespa se alimentam do conteúdo desses ovos e impedem que as larvas de borboleta se desenvolvam. Assim, é possível reduzir a densidade populacional das borboletas até níveis que não prejudiquem a cultura. A técnica de controle biológico realizado pela microvespa Trichogramma sp. consiste na","A: introdução de um parasita no ambiente da espécie que se deseja combater.; B: introdução de um gene letal nas borboletas, a fim de diminuir o número de indivíduos.; C: competição entre a borboleta e a microvespa para a obtenção de recursos.; D: modificação do ambiente para selecionar indivíduos melhor adaptados.; E: aplicação de inseticidas a fim de diminuir o número de indivíduos que se deseja combater.",-0.02949,A,2011
58,"A pele humana, quando está bem hidratada, adquire boa elasticidade e aspecto macio e suave. Em contrapartida, quando está ressecada, perde sua elasticidade e se apresenta opaca e áspera. Para evitar o ressecamento da pele é necessário, sempre que possível, utilizar hidratantes umectantes, feitos geralmente à base de glicerina e polietilenoglicol: glicerina polietilenoglicol A análise da água de um lago que recebe a descarga de águas residuais provenientes de lavouras adubadas revelou as concentrações dos elementos carbono (21,2 mol/L), nitrogênio (1,2 mol/L) e fósforo (0,2 mol/L). Nessas condições, o nutriente limítrofe é o",A: ligações iônicas.; B: forças de London.; C: ligações covalentes.; D: forças dipolo-dipolo.; E: ligações de hidrogênio.,1.06139,E,2011
59,"A cal (óxido de cálcio, CaO), cuja suspensão em água é muito usada como uma tinta de baixo custo, dá uma tonalidade branca aos troncos de árvores. Essa é uma prática muito comum em praças públicas e locais privados, geralmente usada para combater a proliferação de parasitas. Essa aplicação, também chamada de caiação, gera um problema: elimina microrganismos benéficos para a árvore. A destruição do microambiente, no tronco de árvores pintadas com cal, é devida ao processo de","A: difusão, pois a cal se difunde nos corpos dos seres do microambiente e os intoxica.; B: osmose, pois a cal retira água do microambiente, tornando-o inviável ao desenvolvimento de microrganismos.; C: oxidação, pois a luz solar que incide sobre o tronco ativa fotoquimicamente a cal, que elimina os seres vivos do microambiente.; D: aquecimento, pois a luz do Sol incide sobre o tronco e aquece a cal, que mata os seres vivos do microambiente.; E: vaporização, pois a cal facilita a volatilização da água para a atmosfera, eliminando os seres vivos do microambiente.",1.75071,B,2011
60,"Em um manual de um chuveiro elétrico são encontradas informações sobre algumas características técnicas, ilustradas no quadro, como a tensão de alimentação, a potência dissipada, o dimensionamento do disjuntor ou fusível, e a área da seção transversal dos condutores utilizados. Uma pessoa adquiriu um chuveiro do modelo A e, ao ler o manual, verificou que precisava ligá-lo a um disjuntor de 50 amperes. No entanto, intrigou-se com o fato de que o disjuntor a ser utilizado para uma correta instalação de um chuveiro do modelo B devia possuir amperagem 40% menor. Considerando-se os chuveiros de modelos A e B, funcionando à mesma potência de 4 400 W, a razão entre as suas respectivas resistências elétricas, RA e RB, que justifica a diferença de dimensionamento dos disjuntores, é mais próxima de:","A: 0,3.; B: 0,6.; C: 0,8.; D: 1,7.; E: 3,0.",1.33878,A,2011
61,"Nos dias de hoje, podemos dizer que praticamente todos os seres humanos já ouviram em algum momento falar sobre o DNA e seu papel na hereditariedade da maioria dos organismos. Porém, foi apenas em 1952, um ano antes da descrição do modelo do DNA em dupla hélice por Watson e Crick, que foi confirmado sem sombra de dúvidas que o DNA é material genético. No artigo em que Watson e Crick descreveram a molécula de DNA, eles sugeriram um modelo de como essa molécula deveria se replicar. Em 1958, Meselson e Stahl realizaram experimentos utilizando isótopos pesados de nitrogênio que foram incorporados às bases nitrogenadas para avaliar como se daria a replicação da molécula. A partir dos resultados, confirmaram o modelo sugerido por Watson e Crick, que tinha como premissa básica o rompimento das pontes de hidrogênio entre as bases nitrogenadas. Considerando a estrutura da molécula de DNA e a posição das pontes de hidrogênio na mesma, os experimentos realizados por Meselson e Stahl a respeito da replicação dessa molécula levaram à conclusão de que","A: a replicação do DNA é conservativa, isto é, a fita dupla filha é recém-sintetizada e o filamento parental é conservado.; B: a replicação de DNA é dispersiva, isto é, as fitas filhas contêm DNA recém-sintetizado e parentais em cada uma das fitas.; C: a replicação é semiconservativa, isto é, as fitas filhas consistem de uma fita parental e uma recém-sintetizada.; D: a replicação do DNA é conservativa, isto é, as fitas filhas consistem de moléculas de DNA parental.; E: a replicação é semiconservativa, isto é, as fitas filhas consistem de uma fita molde e uma fita codificadora.",1.40218,C,2011
62,"A eutrofização é um processo em que rios, lagos e mares adquirem níveis altos de nutrientes, especialmente fosfatos e nitratos, provocando posterior acúmulo de matéria orgânica em decomposição. Os nutrientes são assimilados pelos produtores primários e o crescimento desses é controlado pelo nutriente limítrofe, que é o elemento menos disponível em relação à abundância necessária à sobrevivência dos organismos vivos. O ciclo representado na figura seguinte reflete a dinâmica dos nutrientes em um lago. A análise da água de um lago que recebe a descarga de águas residuais provenientes de lavouras adubadas revelou as concentrações dos elementos carbono (21,2 mol/L), nitrogênio (1,2 mol/L) e fósforo (0,2 mol/L). Nessas condições, o nutriente limítrofe é o",A: C ; B: N.; C: P.; D: CO2 .; E: PO4 3- .,1.91559,B,2011
63,"Para que uma substância seja colorida ela deve absorver luz na região do visível. Quando uma amostra absorve luz visível, a cor que percebemos é a soma das cores restantes que são refletidas ou transmitidas pelo objeto. A Figura 1 mostra o espectro de absorção para uma substância e é possível observar que há um comprimento de onda em que a intensidade de absorção é máxima. Um observador pode prever a cor dessa substância pelo uso da roda de cores (Figura 2): o comprimento de onda correspondente à cor do objeto é encontrado no lado oposto ao comprimento de onda da absorção máxima. Qual a cor da substância que deu origem ao espectro da Figura 1?",A: Azul.; B: Verde.; C: Violeta.; D: Laranja.; E: Vermelho.,0.95099,E,2011
64,"O mapa mostra a área de ocorrência da malária no mundo. Considerando-se sua distribuição na América do Sul, a malária pode ser classificada como","A: endemia, pois se concentra em uma área geográfica restrita desse continente.; B: peste, já que ocorre nas regiões mais quentes do continente.; C: epidemia, já que ocorre na maior parte do continente.; D: surto, pois apresenta ocorrência em áreas pequenas.; E: pandemia, pois ocorre em todo o continente.",0.74057,A,2011
65,"Em 1999, a geneticista Emma Whitelaw desenvolveu um experimento no qual ratas prenhes foram submetidas a uma dieta rica em vitamina B12, ácido fólico e soja. Os filhotes dessas ratas, apesar de possuírem o gene para obesidade, não expressaram essa doença na fase adulta. A autora concluiu que a alimentação da mãe, durante a gestação, silenciou o gene da obesidade. Dez anos depois, as geneticistas Eva Jablonka e Gal Raz listaram 100 casos comprovados de traços adquiridos e transmitidos entre gerações de organismos, sustentando, assim, a epigenética, que estuda as mudanças na atividade dos genes que não envolvem alterações na sequência do DNA. Alguns cânceres esporádicos representam exemplos de
alteração epigenética, pois são ocasionados por",A: aneuploidia do cromossomo sexual X.; B: polipoidia dos cromossomos autossômicos.; C: mutação em genes autossômicos com expressão dominante.; D: substituição no gene da cadeia beta da hemoglobina.; E: inativação de genes por meio de modificações nas bases nitrogenadas.,3.19792,E,2011
66,"Um motor só poderá realizar trabalho se receber uma quantidade de energia de outro sistema. No caso, a energia armazenada no combustível é, em parte, liberada durante a combustão para que o aparelho possa funcionar. Quando o motor funciona, parte da energia convertida ou transformada na combustão não pode ser utilizada para a realização de trabalho. Isso significa dizer que há vazamento da energia em outra forma.  Um motor só poderá realizar trabalho se receber uma quantidade de energia de outro sistema. No caso, a energia armazenada no combustível é, em parte, liberada durante a combustão para que o aparelho possa funcionar. Quando o motor funciona, parte da energia convertida ou transformada na combustão não pode ser utilizada para a realização de trabalho. Isso significa dizer que há vazamento da energia em outra forma.",A: liberação de calor dentro do motor ser impossível.; B: realização de trabalho pelo motor ser incontrolável.; C: conversão integral de calor em trabalho ser impossível.; D: transformação de energia térmica em cinética ser impossível.; E: utilização de energia potencial do combustível ser incontrolável.,0.65233,C,2011
67,"O processo de interpretação de imagens capturadas por sensores instalados a bordo de satélites que imageiam determinadas faixas ou bandas do espectro de radiação eletromagnética (REM) baseia-se na interação dessa radiação com os objetos presentes sobre a superfície terrestre. Uma das formas de avaliar essa interação é por meio da quantidade de energia refletida pelos objetos. A relação entre a refletância de um dado objeto e o comprimento de onda da REM é conhecida como curva de comportamento espectral ou assinatura espectral do objeto, como mostrado na figura, para objetos comuns na superfície terrestre. De acordo com as curvas de assinatura espectral apresentadas na figura, para que se obtenha a melhor discriminação dos alvos mostrados, convém selecionar a banda correspondente a que comprimento de onda em micrômetros (µm)?","A: 0,4 a 0,5.; B: 0,5 a 0,6.; C: 0,6 a 0,7.; D: 0,7 a 0,8.; E: 0,8 a 0,9.",2.57131,E,2011
68,"Um instituto de pesquisa norte-americano divulgou recentemente ter criado uma “célula sintética”, uma bactéria chamada de Mycoplasma mycoides. Os pesquisadores montaram uma sequência de nucleotídeos, que formam o único cromossomo dessa bactéria, o qual foi introduzido em outra espécie de bactéria, a Mycoplasma capricolum. Após a introdução, o cromossomo da M. capricolum foi neutralizado e o cromossomo artificial da M. mycoides começou a gerenciar a célula, produzindo suas proteínas. A importância dessa inovação tecnológica para a comunidade científica se deve à","A: possibilidade de sequenciar os genomas de bactérias para serem usados como receptoras de cromossomos artificiais.; B: capacidade de criação, pela ciência, de novas formas de vida, utilizando substâncias como carboidratos e lipídios.; C: possibilidade de produção em massa da bactéria Mycoplasma capricolum para sua distribuição em ambientes naturais.; D: possibilidade de programar geneticamente microrganismos ou seres mais complexos para produzir medicamentos, vacinas e combustíveis.; E: capacidade da bactéria Mycoplasma capricolum de expressar suas proteínas na bactéria sintética e estas serem usadas na indústria.",0.51757,D,2011
69,"Os sintomas mais sérios da Gripe A, causada pelo vírus H1N1, foram apresentados por pessoas mais idosas e por gestantes. O motivo aparente é a menor imunidade desses grupos contra o vírus. Para aumentar a imunidade populacional relativa ao vírus da gripe A, o governo brasileiro distribuiu vacinas para os grupos mais suscetíveis. A vacina contra o H1N1, assim como qualquer outra vacina contra agentes causadores de doenças infectocontagiosas, aumenta a imunidade das pessoas porque",A: possui anticorpos contra o agente causador da doença.; B: possui proteínas que eliminam o agente causador da doença.; C: estimula a produção de glóbulos vermelhos pela medula óssea.; D: possui linfócitos; B: e T que neutralizam o agente causador da doença.; E: estimula a produção de anticorpos contra o agente causador da doença.,0.02999,E,2011
70,"Um curioso estudante, empolgado com a aula de circuito elétrico que assistiu na escola, resolve desmontar sua lanterna. Utilizando-se da lâmpada e da pilha, retiradas do equipamento, e de um fio com as extremidades descascadas, faz as seguintes ligações com a intenção de acender a lâmpada: A importância dessa inovação tecnológica para a comunidade científica se deve à","A: (1), (3), (6); B: (3), (4), (5); C: (1), (3), (5); D: (1), (3), (7); E: (1), (2), (5)",1.3984,D,2011
72,"A bile é produzida pelo fígado, armazenada na vesícula biliar e tem papel fundamental na digestão de lipídeos. Os sais biliares são esteroides sintetizados no fígado a partir do colesterol, e sua rota de síntese envolve várias etapas. Partindo do ácido cólico representado na figura, ocorre a formação dos ácidos glicocólico e taurocólico; o prefixo glico- significa a presença de um resíduo do aminoácido glicina e o prefixo tauro-, do aminoácido taurina. A combinação entre o ácido cólico e a glicina ou taurina origina a função amida, formada pela reação entre o grupo amina desses aminoácidos e o grupo",A: carboxila do ácido cólico.; B: aldeído do ácido cólico.; C: hidroxila do ácido cólico.; D: cetona do ácido cólico.; E: éster do ácido cólico.,1.43777,A,2011
73,"Em um experimento realizado para determinar a densidade da água de um lago, foram utilizados alguns materiais conforme ilustrado: um dinamômetro D com graduação de 0 N a 50 N e um cubo maciço e homogêneo de 10 cm de aresta e 3 kg de massa. Inicialmente, foi conferida a calibração do dinamômetro, constatando-se a leitura de 30 N quando o cubo era preso ao dinamômetro e suspenso no ar. Ao mergulhar o cubo na água do lago, até que metade do seu volume ficasse submersa, foi registrada a leitura de 24 N no dinamômetro. Considerando que a aceleração da gravidade local é de 10 m/s2 , a densidade da água do lago, em g/cm3 , é","A: 0,6.; B: 1,2.; C: 1,5.; D: 2,4.; E: 4,8.",1.73884,B,2011
74,"Uma equipe de cientistas lançará uma expedição ao Titanic para criar um detalhado mapa 3D que “vai tirar, virtualmente, o Titanic do fundo do mar para o público”. A expedição ao local, a 4 quilômetros de profundidade no Oceano Atlântico, está sendo apresentada como a mais sofisticada expedição científica ao Titanic. Ela utilizará tecnologias de imagem e sonar que nunca tinham sido aplicadas ao navio, para obter o mais completo inventário de seu conteúdo. Esta complementação é necessária em razão das condições do navio, naufragado há um século. No problema apresentado para gerar imagens através de camadas de sedimentos depositados no navio, o sonar é mais adequado, pois a",A: propagação da luz na água ocorre a uma velocidade maior que a do som neste meio.; B: absorção da luz ao longo de uma camada de água é facilitada enquanto a absorção do som não.; C: refração da luz a uma grande profundidade acontece com uma intensidade menor que a do som.; D: atenuação da luz nos materiais analisados é distinta da atenuação de som nestes mesmos materiais.; E: reflexão da luz nas camadas de sedimentos é menos intensa do que a reflexão do som neste material.,1.37136,D,2011
75,"Os refrigerantes têm-se tornado cada vez mais o alvo de políticas públicas de saúde. Os de cola apresentam ácido fosfórico, substância prejudicial à fixação de cálcio, o mineral que é o principal componente da matriz dos dentes. A cárie é um processo dinâmico de desequilíbrio do processo de desmineralização dentária, perda de minerais em razão da acidez. Sabese que o principal componente do esmalte do dente é um sal denominado hidroxiapatita. O refrigerante, pela presença da sacarose, faz decrescer o pH do biofilme (placa bacteriana), provocando a desmineralização do esmalte dentário. Os mecanismos de defesa salivar levam de 20 a 30 minutos para normalizar o nível do pH, remineralizando o dente. A equação química seguinte representa esse processo: Considerando que uma pessoa consuma refrigerantes diariamente, poderá ocorrer um processo de desmineralização dentária, devido ao aumento da concentração de","A: OH- , que reage com os íons Ca2+, deslocando o equilíbrio para a direita.; B: H+, que reage com as hidroxilas OH- , deslocando o equilíbrio para a direita.; C: OH- , que reage com os íons Ca2+, deslocando o equilíbrio para a esquerda.; D: H+, que reage com as hidroxilas OH- , deslocando o equilíbrio para a esquerda.; E: Ca2+, que reage com as hidroxilas OH- , deslocando o equilíbrio para a esquerda.",0.81039,B,2011
76,"Diferente do que o senso comum acredita, as lagartas de borboletas não possuem voracidade generalizada. Um estudo mostrou que as borboletas de asas transparentes da família Ithomiinae, comuns na Floresta Amazônica e na Mata Atlântica, consomem, sobretudo, plantas da família Solanaceae, a mesma do tomate. Contudo, os ancestrais dessas borboletas consumiam espécies vegetais da família Apocinaceae, mas a quantidade dessas plantas parece não ter sido suficiente para garantir o suprimento alimentar dessas borboletas. Dessa forma, as solanáceas tornaram-se uma opção de alimento, pois são abundantes na Mata Atlântica e na Floresta Amazônica. Nesse texto, a ideia do senso comum é confrontada com os conhecimentos científicos, ao se entender que as larvas das borboletas Ithomiinae encontradas atualmente na Mata Atlântica e na Floresta Amazônica, apresentam",A: facilidade em digerir todas as plantas desses locais.; B: interação com as plantas hospedeiras da família Apocinaceae.; C: adaptação para se alimentar de todas as plantas desses locais.; D: voracidade indiscriminada por todas as plantas existentes nesses locais.; E: especificidade pelas plantas da família Solanaceae existentes nesses locais.,1.8193,E,2011
77,"Para medir o tempo de reação de uma pessoa, pode-se realizar a seguinte experiência: I. Mantenha uma régua (com cerca de 30 cm) suspensa verticalmente, segurando-a pela extremidade superior, de modo que o zero da régua esteja situado na extremidade inferior. II. A pessoa deve colocar os dedos de sua mão, em forma de pinça, próximos do zero da régua, sem tocá-la. III. Sem aviso prévio, a pessoa que estiver segurando a régua deve soltá-la. A outra pessoa deve procurar segurá-la o mais rapidamente possível e observar a posição onde conseguiu segurar a régua, isto é, a distância que ela percorre durante a queda. O quadro seguinte mostra a posição em que três pessoas conseguiram segurar a régua e os respectivos tempos de reação. Distância percorrida pela régua durante a queda (metro) Tempo de reação (segundo) A distância percorrida pela régua aumenta mais rapidamente que o tempo de reação porque a","A: energia mecânica da régua aumenta, o que a faz cair mais rápido.; B: resistência do ar aumenta, o que faz a régua cair com menor velocidade.; C: aceleração de queda da régua varia, o que provoca um movimento acelerado.; D: força peso da régua tem valor constante, o que gera um movimento acelerado.; E: velocidade da régua é constante, o que provoca uma passagem linear de tempo.",5.86198,D,2011
78,"Um tipo de vaso sanitário que vem substituindo as válvulas de descarga está esquematizado na figura. Ao acionar a alavanca, toda a água do tanque é escoada e aumenta o nível no vaso, até cobrir o sifão. De acordo com o Teorema de Stevin, quanto maior a profundidade, maior a pressão. Assim, a água desce levando os rejeitos até o sistema de esgoto. A válvula da caixa de descarga se fecha e ocorre o seu enchimento. Em relação às válvulas de descarga, esse tipo de sistema proporciona maior economia de água. A característica de funcionamento que garante essa economia é devida",A: à altura do sifão de água.; B: ao volume do tanque de água.; C: à altura do nível de água no vaso.; D: ao diâmetro do distribuidor de água.; E: à eficiência da válvula de enchimento do tanque.,0.37435,B,2011
79,"Moradores sobreviventes da tragédia que destruiu aproximadamente 60 casas no Morro do Bumba, na Zona Norte de Niterói (RJ), ainda defendem a hipótese de o deslizamento ter sido causado por uma explosão provocada por gás metano, visto que esse local foi um lixão entre os anos 1960 e 1980. O gás mencionado no texto é produzido","A: como subproduto da respiração aeróbia bacteriana.; B: pela degradação anaeróbia de matéria orgânica por bactérias.; C: como produto da fotossíntese de organismos pluricelulares autotróficos.; D: pela transformação química do gás carbônico em condições anaeróbias.; E: pela conversão, por oxidação química, do gás carbônico sob condições aeróbias.",2.72363,B,2011
80,"Segundo dados do Balanço Energético Nacional de 2008, do Ministério das Minas e Energia, a matriz energética brasileira é composta por hidrelétrica (80%), termelétrica (19,9%) e eólica (0,1%). Nas termelétricas, esse percentual é dividido conforme o combustível usado, sendo: gás natural (6,6%), biomassa (5,3%), derivados de petróleo (3,3%), energia nuclear (3,1%) e carvão mineral (1,6%). Com a geração de eletricidade da biomassa, pode-se considerar que ocorre uma compensação do carbono liberado na queima do material vegetal pela absorção desse elemento no crescimento das plantas. Entretanto, estudos indicam que as emissões de metano (CH4 ) das hidrelétricas podem ser comparáveis às emissões de CO2 das termelétricas. No Brasil, em termos do impacto das fontes de energia no crescimento do efeito estufa, quanto à emissão de gases, as hidrelétricas seriam consideradas como uma fonte","A: limpa de energia, contribuindo para minimizar os efeitos deste fenômeno.; B: eficaz de energia, tomando-se o percentual de oferta e os benefícios verificados.; C: limpa de energia, não afetando ou alterando os níveis dos gases do efeito estufa.; D: poluidora, colaborando com níveis altos de gases de efeito estufa em função de seu potencial de oferta.; E: alternativa, tomando-se por referência a grande emissão de gases de efeito estufa das demais fontes geradoras.",1.62683,D,2011
81,"O peróxido de hidrogênio é comumente utilizado como antisséptico e alvejante. Também pode ser empregado em trabalhos de restauração de quadros enegrecidos e no clareamento de dentes. Na presença de soluções ácidas de oxidantes, como o permanganato de potássio, este óxido decompõe-se, conforme a equação a seguir: 5 H2 O2 (aq) + 2 KMnO4 (aq) + 3 H2 SO4 (aq) 5 O2 (g) + 2 MnSO4 (aq) + K2 SO4 (aq) + 8 H2 O (l) De acordo com a estequiometria da reação descrita, a quantidade de permanganato de potássio necessária para reagir completamente com 20,0 mL de uma solução 0,1 mol/L de peróxido de hidrogênio é igual a","A: 2,0×100 mol.; B: 2,0×10-3 mol.; C: 8,0×10-1 mol.; D: 8,0×10-4 mol.; E: 5,0×10-3 mol.",-1.10221,D,2011
82,"Os vaga-lumes machos e fêmeas emitem sinais luminosos para se atraírem para o acasalamento. O macho reconhece a fêmea de sua espécie e, atraído por ela, vai ao seu encontro. Porém, existe um tipo de vaga-lume, o Photuris, cuja fêmea engana e atrai os machos de outro tipo, o Photinus, fingindo ser desse gênero. Quando o macho Photinus se aproxima da fêmea Photuris, muito maior que ele, é atacado e devorado por ela. a relação descrita no texto, entre a fêmea do gênero Photuris e o macho do gênero Photinus, é um exemplo de",A: comensalismo.; B: inquilinismo.; C: cooperação.; D: predatismo.; E: mutualismo.,2.34929,D,2011
83,"O etanol é considerado um biocombustível promissor, pois, sob o ponto de vista do balanço de carbono, possui uma taxa de emissão praticamente igual a zero. Entretanto, esse não é o único ciclo biogeoquímico associado à produção de etanol. O plantio da canade-açúcar, matéria-prima para a produção de etanol, envolve a adição de macronutrientes como enxofre, nitrogênio, fósforo e potássio, principais elementos envolvidos no crescimento de um vegetal. O nitrogênio incorporado ao solo, como consequência da atividade descrita anteriormente, é transformado em nitrogênio ativo e afetará o meio ambiente, causando","A: o acúmulo de sais insolúveis, desencadeando um processo de salinificação do solo.; B: a eliminação de microrganismos existentes no solo responsáveis pelo processo de desnitrificação.; C: a contaminação de rios e lagos devido à alta solubilidade de íons como NO3 - e NH4 + em água.; D: a diminuição do pH do solo pela presença de NH3 , que reage com a água, formando o NH4 OH (aq).; E: a diminuição da oxigenação do solo, uma vez que o nitrogênio ativo forma espécies químicas do tipo NO2 , NO3 - , N2 O.",1.19762,C,2011
84,"Ao diminuir o tamanho de um orifício atravessado por um feixe de luz, passa menos luz por intervalo de tempo, e próximo da situação de completo fechamento do orifício, verifica-se que a luz apresenta um comportamento como o ilustrado nas figuras. Sabe-se que o som, dentro de suas particularidades, também pode se comportar dessa forma. Em qual das situações a seguir está representado o fenômeno descrito no texto?","A: Ao se esconder atrás de um muro, um menino ouve a conversa de seus colegas.; B: Ao gritar diante de um desfiladeiro, uma pessoa ouve a repetição do seu próprio grito.; C: Ao encostar o ouvido no chão, um homem percebe o som de uma locomotiva antes de ouvi-lo pelo ar.; D: Ao ouvir uma ambulância se aproximando, uma pessoa percebe o som mais agudo do que quando aquela se afasta.; E: Ao emitir uma nota musical muito aguda, uma cantora de ópera faz com que uma taça de cristal se despedace.",-0.36102,A,2011
85,"Um dos processos usados no tratamento do lixo é a incineração, que apresenta vantagens e desvantagens. Em São Paulo, por exemplo, o lixo é queimado a altas temperaturas e parte da energia liberada é transformada em energia elétrica. No entanto, a incineração provoca a emissão de poluentes na atmosfera. Uma forma de minimizar a desvantagem da incineração, destacada no texto, é",A: aumentar o volume do lixo incinerado para aumentar a produção de energia elétrica.; B: fomentar o uso de filtros nas chaminés dos incineradores para diminuir a poluição do ar.; C: aumentar o volume do lixo para baratear os custos operacionais relacionados ao processo.; D: fomentar a coleta seletiva de lixo nas cidades para aumentar o volume de lixo incinerado.; E: diminuir a temperatura de incineração do lixo para produzir maior quantidade de energia elétrica.,0.37061,B,2011
86,"Uma das modalidades presentes nas olimpíadas é o salto com vara. As etapas de um dos saltos de um atleta estão representadas na figura: Desprezando-se as forças dissipativas (resistência do ar e atrito), para que o salto atinja a maior altura possível, ou seja, o máximo de energia seja conservada, é necessário que","A: a energia cinética, representada na etapa I, seja totalmente convertida em energia potencial elástica representada na etapa IV.; B: a energia cinética, representada na etapa II, seja totalmente convertida em energia potencial gravitacional, representada na etapa IV.; C: a energia cinética, representada na etapa I, seja totalmente convertida em energia potencial gravitacional, representada na etapa III.; D: a energia potencial gravitacional, representada na etapa II, seja totalmente convertida em energia potencial elástica, representada na etapa IV.; E: a energia potencial gravitacional, representada na etapa I, seja totalmente convertida em energia potencial elástica, representada na etapa III.",0.69393,C,2011
87,"Os Bichinhos e O Homem Arca de Noé Toquinho & Vinicius de Moraes Nossa irmã, a mosca É feia e tosca Enquanto que o mosquito É mais bonito Nosso irmão besouro Que é feito de couro Mal sabe voar Nossa irmã, a barata Bichinha mais chata É prima da borboleta Que é uma careta Nosso irmão, o grilo Que vive dando estrilo Só pra chatear O poema acima sugere a existência de relações de afinidade ente os animais citados e nós, seres humanos. Respeitando a liberdade poética dos autores, a unidade taxonômica que expressa a afinidade existente entre nós e estes animais é",A: o filo.; B: o reino.; C: a classe.; D: a família.; E: a espécie.,0.82654,B,2011
88,"Certas espécies de algas são capazes de absorver rapidamente compostos inorgânicos presentes na água, acumulando-os durante seu crescimento. Essa capacidade fez com que se pensasse em usá-las como biofiltros para a limpeza de ambientes aquáticos contaminados, removendo, por exemplo, nitrogênio e fósforo de resíduos orgânicos e metais pesados provenientes de rejeitos industriais lançados nas águas. Na técnica do cultivo integrado, animais e algas crescem de forma associada, promovendo um maior equilíbrio ecológico. A utilização da técnica do cultivo integrado de animais e algas representa uma proposta favorável a um ecossistema mais equilibrado porque","A: os animais eliminam metais pesados, que são usados pelas algas para a síntese de biomassa.; B: os animais fornecem excretas orgânicos nitrogenados, que são transformados em gás carbônico pelas algas.; C: as algas usam os resíduos nitrogenados liberados pelos animais e eliminam gás carbônico na fotossíntese, usado na respiração aeróbica.; D: as algas usam os resíduos nitrogenados provenientes do metabolismo dos animais e, durante a síntese de compostos orgânicos, liberam oxigênio para o ambiente.; E: as algas aproveitam os resíduos do metabolismo dos animais e, durante a quimiossíntese de compostos orgânicos, liberam oxigênio para o ambiente.",-1.80092,D,2011
89,"Durante as estações chuvosas, aumentam no Brasil as campanhas de prevenção à dengue, que têm como objetivo a redução da proliferação do mosquito Aedes aegypti, transmissor do vírus da dengue. Que proposta preventiva poderia ser efetivada para diminuir a reprodução desse mosquito?","A: Colocação de telas nas portas e janelas, pois o mosquito necessita de ambientes cobertos e fechados para a sua reprodução.; B: Substituição das casas de barro por casas de alvenaria, haja vista que o mosquito se reproduz na parede das casas de barro.; C: Remoção dos recipientes que possam acumular água, porque as larvas do mosquito se desenvolvem nesse meio.; D: Higienização adequada de alimentos, visto que as larvas do mosquito se desenvolvem nesse tipo de substrato.; E: Colocação de filtros de água nas casas, visto que a reprodução do mosquito acontece em águas contaminadas.",0.13736,C,2011
90,"De acordo com o relatório “A grande sombra da pecuária” (Livestock’s Long Shadow), feito pela Organização das Nações Unidas para a Agricultura e a Alimentação, o gado é responsável por cerca de 18% do aquecimento global, uma contribuição maior que a do setor de transportes. A criação de gado em larga escala contribui para o aquecimento global por meio da emissão de",A: metano durante o processo de digestão.; B: óxido nitroso durante o processo de ruminação.; C: clorofluorcarbono durante o transporte de carne.; D: óxido nitroso durante o processo respiratório.; E: dióxido de enxofre durante o consumo de pastagens.,-0.07671,A,2011
46,"Para diminuir o acúmulo de lixo e o desperdício de materiais de valor econômico e, assim, reduzir a exploração de recursos naturais, adotou-se, em escala internacional, a política dos três erres: Redução, Reutilização e Reciclagem. Um exemplo de reciclagem é a utilização de",A: garrafas de vidro retornáveis para cerveja ou refrigerante.; B: latas de alumínio como material para fabricação de lingotes.; C: sacos plásticos de supermercado como acondicionantes de lixo caseiro.; D: embalagens plásticas vazias e limpas para acondicionar outros alimentos.; E: garrafas PET recortadas em tiras para fabricação de cerdas de vassouras.,1.096,B,2012
47,"Um dos problemas ambientais vivenciados pela agricultura hoje em dia é a compactação do solo, devida ao intenso tráfego de máquinas cada vez mais pesadas, reduzindo a produtividade das culturas. Uma das formas de prevenir o problema de compactação do solo é substituir os pneus dos tratores por pneus mais","A: largos, reduzindo a pressão sobre o solo.; B: estreitos, reduzindo a pressão sobre o solo.; C: largos, aumentando a pressão sobre o solo.; D: estreitos, aumentando a pressão sobre o solo.; E: altos, reduzindo a pressão sobre o solo.",0.371,A,2012
48,"O milho transgênico é produzido a partir da manipulação do milho original, com a transferência, para este, de um gene de interesse retirado de outro organismo de espécie diferente. A característica de interesse será manifestada em decorrência",A: do incremento do DNA a partir da duplicação do gene transferido.; B: da transcrição do RNA transportador a partir do gene transferido.; C: da expressão de proteínas sintetizadas a partir do DNA não hibridizado.; D: da síntese de carboidratos a partir da ativação do DNA do milho original.; E: da tradução do RNA mensageiro sintetizado a partir do DNA recombinante.;,1.766,E,2012
49,"A produção mundial de alimentos poderia se reduzir a 40% da atual sem a aplicação de controle sobre as pragas agrícolas. Por outro lado, o uso frequente dos agrotóxicos pode causar contaminação em solos, águas superficiais e subterrâneas, atmosfera e alimentos. Os biopesticidas, tais como a piretrina e a coronopilina, têm sido uma alternativa na diminuição dos prejuízos econômicos, sociais e ambientais gerados pelos agrotóxicos. Identifique as funções orgânicas presentes simultaneamente nas estruturas dos dois biopesticidas apresentados:",A: Éter e éster.; B: Cetona e éster.; C: Álcool e cetona.; D: Aldeído e cetona.; E: Éter e ácido carboxílico.,1.118,B,2012
50,"Os carrinhos de brinquedo podem ser de vários tipos. Dentre eles, há os movidos a corda, em que uma mola em seu interior é comprimida quando a criança puxa o carrinho para trás. Ao ser solto, o carrinho entra em movimento enquanto a mola volta à sua forma inicial. O processo de conversão de energia que ocorre no carrinho descrito também é verificado em",A: um dínamo.; B: um freio de automóvel.; C: um motor a combustão.; D: uma usina hidroelétrica.; E: uma atiradeira (estilingue).,-0.203,E,2012
51,"Pesticidas são contaminantes ambientais altamente tóxicos aos seres vivos e, geralmente, com grande persistência ambiental. A busca por novas formas de eliminação dos pesticidas tem aumentado nos últimos anos, uma vez que as técnicas atuais são economicamente dispendiosas e paliativas. A biorremediação de pesticidas utilizando microrganismos tem se mostrado uma técnica muito promissora para essa finalidade, por apresentar vantagens econômicas e ambientais. Para ser utilizado nesta técnica promissora, um microrganismo deve ser capaz de","A: transferir o contaminante do solo para a água.; B: absorver o contaminante sem alterá-lo quimicamente.; C: apresentar alta taxa de mutação ao longo das gerações.; D: estimular o sistema imunológico do homem contra o contaminante.; E: metabolizar o contaminante, liberando subprodutos menos tóxicos ou atóxicos.",0.266,E,2012
52,"Medidas de saneamento básico são fundamentais no processo de promoção de saúde e qualidade de vida da população. Muitas vezes, a falta de saneamento está relacionada com o aparecimento de várias doenças. Nesse contexto, um paciente dá entrada em um pronto atendimento relatando que há 30 dias teve contato com águas de enchente. Ainda informa que nesta localidade não há rede de esgoto e drenagem de águas pluviais e que a coleta de lixo é inadequada. Ele apresenta os seguintes sintomas: febre, dor de cabeça e dores musculares. Relacionando os sintomas apresentados com as condições sanitárias da localidade, há indicações de que o paciente apresenta um caso de",A: difteria.; B: botulismo.; C: tuberculose.; D: leptospirose.; E: meningite meningocócica.,-0.639,D,2012
53,"O rótulo de um desodorante aerossol informa ao consumidor que o produto possui em sua composição os gases isobutano, butano e propano, dentre outras substâncias. Além dessa informação, o rótulo traz, ainda, a inscrição “Não contém CFC”. As reações a seguir, que ocorrem na estratosfera, justificam a não utilização de CFC (clorofluorcarbono ou Freon) nesse desodorante: I) CF2 Cℓ2 CF2 Cℓ + Cℓ UV II) Cℓ + O3 O2 • + CℓO • • • A preocupação com as possíveis ameaças à camada de ozônio (O3) baseia-se na sua principal função: proteger a matéria viva na Terra dos efeitos prejudiciais dos raios solares ultravioleta. A absorção da radiação ultravioleta pelo ozônio estratosférico é intensa o suficiente para eliminar boa parte da fração de ultravioleta que é prejudicial à vida. A finalidade da utilização dos gases isobutano, butano e propano neste aerossol é","A: substituir o CFC, pois não reagem com o ozônio, servindo como gases propelentes em aerossóis.; B: servir como propelentes, pois, como são muito reativos, capturam o Freon existente livre na atmosfera, impedindo a destruição do ozônio.; C: reagir com o ar, pois se decompõem espontaneamente em dióxido de carbono (CO2) e água (H2O), que não atacam o ozônio.; D: impedir a destruição do ozônio pelo CFC, pois os hidrocarbonetos gasosos reagem com a radiação UV, liberando hidrogênio (H2), que reage com o oxigênio do ar (O2), formando água (H2O).;E: destruir o CFC, pois reagem com a radiação UV, liberando carbono (C), que reage com o oxigênio do ar (O2), formando dióxido de carbono (CO2), que é inofensivo para a camada de ozônio.",0.736,A,2012
54,"Em um dia de chuva muito forte, constatou-se uma goteira sobre o centro de uma piscina coberta, formando um padrão de ondas circulares. Nessa situação, observou-se que caíam duas gotas a cada segundo. A distância entre duas cristas consecutivas era de 25 cm e cada uma delas se aproximava da borda da piscina com velocidade de 1,0 m/s. Após algum tempo a chuva diminuiu e a goteira passou a cair uma vez por segundo. Com a diminuição da chuva, a distância entre as cristas e a velocidade de propagação da onda se tornaram, respectivamemente,","A: maior que 25 cm e maior que 1,0 m/s.; B: maior que 25 cm e igual a 1,0 m/s.; C: menor que 25 cm e menor que 1,0 m/s.; D: menor que 25 cm e igual a 1,0 m/s.; E: igual a 25 cm e igual a 1,0 m/s.",0.957,B,2012
55,"O mecanismo que permite articular uma porta (de um móvel ou de acesso) é a dobradiça. Normalmente, são necessárias duas ou mais dobradiças para que a porta seja fixada no móvel ou no portal, permanecendo em equilíbrio e podendo ser articulada com facilidade. No plano, o diagrama vetorial das forças que as dobradiças exercem na porta está representado em",A; B; C; D; E,2.17,D,2012
56,"A figura representa um dos modelos de um sistema de interações entre seres vivos. Ela apresenta duas propriedades, P1 e P2, que interagem em I, para afetar uma terceira propriedade, P3, quando o sistema é alimentado por uma fonte de energia, E. Essa figura pode simular um sistema de campo em que P1 representa as plantas verdes; P2 um animal herbívoro e P3, um animal onívoro. A função interativa I representa a proporção de",A: herbivoria entre P1 e P2.; B: polinização entre P1 e P2.; C: P3 utilizada na alimentação de P1 e P2.; D: P1 ou P2 utilizada na alimentação de P3.; E: energia de P1 e de P2 que saem do sistema.,0.897,D,2012
57,"Muitas espécies de plantas lenhosas são encontradas no cerrado brasileiro. Para a sobrevivência nas condições de longos períodos de seca e queimadas periódicas, próprias desse ecossistema, essas plantas desenvolveram estruturas muito peculiares. As estruturas adaptativas mais apropriadas para a sobrevivência desse grupo de plantas nas condições ambientais do referido ecossistema são:","A: Cascas finas e sem sulcos ou fendas.; B: Caules estreitos e retilíneos.; C: Folhas estreitas e membranosas.; D: Gemas apicais com densa pilosidade.; E: Raízes superficiais, em geral, aéreas.",2.965,D,2012
58,"A própolis é um produto natural conhecido por suas propriedades anti-inflamatórias e cicatrizantes. Esse material contém mais de 200 compostos identificados até o momento. Dentre eles, alguns são de estrutura simples, como é o caso do C6 H5 CO2 CH2 CH3, cuja estrutura está mostrada a seguir. O ácido carboxílico e o álcool capazes de produzir o éster em apreço por meio da reação de esterificação são, respectivamente,",A: ácido benzoico e etanol.; B: ácido propanoico e hexanol.; C: ácido fenilacético e metanol.; D: ácido propiônico e cicloexanol.; E: ácido acético e álcool benzílico.,0.811,A,2012
59,"No Japão, um movimento nacional para a promoção da luta contra o aquecimento global leva o slogan: 1 pessoa, 1 dia, 1 kg de CO2  a menos! A ideia é cada pessoa reduzir em 1 kg a quantidade de CO2 emitida todo dia, por meio de pequenos gestos ecológicos, como diminuir a queima de gás de cozinha. Considerando um processo de combustão completa de um gás de cozinha composto exclusivamente por butano (C4 H10), a mínima quantidade desse gás que um japonês deve deixar de queimar para atender à meta diária, apenas com esse gesto, é de","A: 0,25 kg.; B: 0,33 kg.; C: 1,0 kg.; D: 1,3 kg.; E: 3,0 kg. ",1.372,B,2012
60,"Para melhorar a mobilidade urbana na rede metroviária é necessário minimizar o tempo entre estações. Para isso a administração do metrô de uma grande cidade adotou o seguinte procedimento entre duas estações: a locomotiva parte do repouso com aceleração constante por um terço do tempo de percurso, mantém a velocidade constante por outro terço e reduz sua velocidade com desaceleração constante no trecho final, até parar. Qual é o gráfico de posição (eixo vertical) em função do tempo (eixo horizontal) que representa o movimento desse trem?",A; B; C; D; E,1.315,C,2012
61,"A eficiência das lâmpadas pode ser comparada utilizando a razão, considerada linear, entre a quantidade de luz produzida e o consumo. A quantidade de luz é medida pelo fluxo luminoso, cuja unidade é o lúmen (lm). O consumo está relacionado à potência elétrica da lâmpada que é medida em watt (W). Por exemplo, uma lâmpada incandescente de 40 W emite cerca de 600 lm, enquanto uma lâmpada fluorescente de 40 W emite cerca de 3 000 lm. A eficiência de uma lâmpada incandescente de 40 W é","A: maior que a de uma lâmpada fluorescente de 8 W, que produz menor quantidade de luz.; B: maior que a de uma lâmpada fluorescente de 40 W, que produz menor quantidade de luz.; C: menor que a de uma lâmpada fluorescente de 8 W, que produz a mesma quantidade de luz.; D: menor que a de uma lâmpada fluorescente de 40 W, pois consome maior quantidade de energia.; E: igual a de uma lâmpada fluorescente de 40 W, que consome a mesma quantidade de energia. ",1.226,C,2012
62,"Não é de hoje que o homem cria, artificialmente, variedades de peixes por meio da hibridação. Esta é uma técnica muito usada pelos cientistas e pelos piscicultores porque os híbridos resultantes, em geral, apresentam maior valor comercial do que a média de ambas as espécies parentais, além de reduzir a sobrepesca no ambiente natural. Sem controle, esses animais podem invadir rios e lagos naturais, se reproduzir e",A: originar uma nova espécie poliploide.; B: substituir geneticamente a espécie natural.; C: ocupar o primeiro nível trófico no hábitat aquático.; D: impedir a interação biológica entre as espécies parentais.; E: produzir descendentes com o código genético modificado.,2.288,B,2012
63,"Há milhares de anos o homem faz uso da biotecnologia para a produção de alimentos como pães, cervejas e vinhos. Na fabricação de pães, por exemplo, são usados fungos unicelulares, chamados de leveduras, que são comercializados como fermento biológico. Eles são usados para promover o crescimento da massa, deixando-a leve e macia. O crescimento da massa do pão pelo processo citado é resultante da ",A: liberação de gás carbônico.; B: formação de ácido lático.; C: formação de água.; D: produção de ATP.; E: liberação de calor.,0.65,A,2012
64,"Alguns povos indígenas ainda preservam suas tradições realizando a pesca com lanças, demonstrando uma notável habilidade. Para fisgar um peixe em um lago com águas tranquilas o índio deve mirar abaixo da posição em que enxerga o peixe. Ele deve proceder dessa forma porque os raios de luz",A: refletidos pelo peixe não descrevem uma trajetória retilínea no interior da água.; B: emitidos pelos olhos do índio desviam sua trajetória quando passam do ar para a água.; C: espalhados pelo peixe são refletidos pela superfície da água.; D: emitidos pelos olhos do índio são espalhados pela superfície da água.; E: refletidos pelo peixe desviam sua trajetória quando passam da água para o ar.,0.865,E,2012
65,"Os vegetais biossintetizam determinadas substâncias (por exemplo, alcaloides e flavonoides), cuja estrutura química e concentração variam num mesmo organismo em diferentes épocas do ano e estágios de desenvolvimento. Muitas dessas substâncias são produzidas para a adaptação do organismo às variações ambientais (radiação UV, temperatura, parasitas, herbívoros, estímulo a polinizadores etc.) ou fisiológicas (crescimento, envelhecimento etc.). As variações qualitativa e quantitativa na produção dessas substâncias durante um ano são possíveis porque o material genético do indivíduo",A: sofre constantes recombinações para adaptar-se.; B: muda ao longo do ano e em diferentes fases da vida.; C: cria novos genes para biossíntese de substâncias específicas.; D: altera a sequência de bases nitrogenadas para criar novas substâncias.; E: possui genes transcritos diferentemente de acordo com cada necessidade.,1.289,E,2012
66,"O benzeno é um hidrocarboneto aromático presente no petróleo, no carvão e em condensados de gás natural. Seus metabólitos são altamente tóxicos e se depositam na medula óssea e nos tecidos gordurosos. O limite de exposição pode causar anemia, câncer (leucemia) e distúrbios do comportamento. Em termos de reatividade química, quando um eletrófilo se liga ao benzeno, ocorre a formação de um intermediário, o carbocátion. Por fim, ocorre a adição ou substituição eletrofílica. Com base no texto e no gráfico do progresso da reação apresentada, as estruturas químicas encontradas em I, II e III são, respectivamente:",A; B; C; D; E,2.311,A,2012
67,O manual que acompanha uma ducha higiênica informa que a pressão mínima da água para o seu funcionamento apropriado é de 20 kPa. A figura mostra a instalação hidráulica com a caixa d’água e o cano ao qual deve ser conectada a ducha. O valor da pressão da água na ducha está associado à altura,A: h1.; B: h2.; C: h3.; D: h4.; E: h5.,1.767,C,2012
68,"O menor tamanduá do mundo é solitário e tem hábitos noturnos, passa o dia repousando, geralmente em um emaranhado de cipós, com o corpo curvado de tal maneira que forma uma bola. Quando em atividade, se locomove vagarosamente e emite som semelhante a um assobio. A cada gestação, gera um único filhote. A cria é deixada em uma árvore à noite e é amamentada pela mãe até que tenha idade para procurar alimento. As fêmeas adultas têm territórios grandes e o território de um macho inclui o de várias fêmeas, o que significa que ele tem sempre diversas pretendentes à disposição para namorar! Essa descrição sobre o tamanduá diz respeito ao seu",A: hábitat.; B: biótopo.; C: nível trófico.; D: nicho ecológico.; E: potencial biótico.,1.513,D,2012
69,"Uma dona de casa acidentalmente deixou cair na geladeira a água proveniente do degelo de um peixe, o que deixou um cheiro forte e desagradável dentro do eletrodoméstico. Sabe-se que o odor característico de peixe se deve às aminas e que esses compostos se comportam como bases. Na tabela são listadas as concentrações hidrogeniônicas de alguns materiais encontrados na cozinha, que a dona de casa pensa em utilizar na limpeza da geladeira. Dentre os materiais listados, quais são apropriados para amenizar esse odor?","A: Álcool ou sabão.; B: Suco de limão ou álcool.; C: Suco de limão ou vinagre.; D: Suco de limão, leite ou sabão.; E: Sabão ou carbonato de sódio/barrilha. ",0.753,C,2012
70,"Em uma planície, ocorreu um acidente ambiental em decorrência do derramamento de grande quantidade de um hidrocarboneto que se apresenta na forma pastosa à temperatura ambiente. Um químico ambiental utilizou uma quantidade apropriada de uma solução de para-dodecil-benzenossulfonato de sódio, um agente tensoativo sintético, para diminuir os impactos desse acidente. Essa intervenção produz resultados positivos para o ambiente porque","A: promove uma reação de substituição no hidrocarboneto, tornando-o menos letal ao ambiente.; B: a hidrólise do para-dodecil-benzenossulfonato de sódio produz energia térmica suficiente para vaporizar o hidrocarboneto.; C: a mistura desses reagentes provoca a combustão do hidrocarboneto, o que diminui a quantidade dessa substância na natureza.; D: a solução de para-dodecil-benzenossulfonato possibilita a solubilização do hidrocarboneto.; E: o reagente adicionado provoca uma solidificação do hidrocarboneto, o que facilita sua retirada do ambiente.",2.546,D,2012
71,"Suponha que você seja um consultor e foi contratado para assessorar a implantação de uma matriz energética em um pequeno país com as seguintes características: região plana, chuvosa e com ventos constantes, dispondo de poucos recursos hídricos e sem reservatórios de combustíveis fósseis. De acordo com as características desse país, a matriz energética de menor impacto e risco ambientais é a baseada na energia","A: dos biocombustíveis, pois tem menor impacto ambiental e maior disponibilidade.; B: solar, pelo seu baixo custo e pelas características do país favoráveis à sua implantação.; C: nuclear, por ter menor risco ambiental e ser adequada a locais com menor extensão territorial.; D: hidráulica, devido ao relevo, à extensão territorial do país e aos recursos naturais disponíveis.; E: eólica, pelas características do país e por não gerar gases do efeito estufa nem resíduos de operação.;",-0.365,E,2012
72,"Uma empresa de transportes precisa efetuar a entrega de uma encomenda o mais breve possível. Para tanto, a equipe de logística analisa o trajeto desde a empresa até o local da entrega. Ela verifica que o trajeto apresenta dois trechos de distâncias diferentes e velocidades máximas permitidas diferentes. No primeiro trecho, a velocidade máxima permitida é de 80 km/h e a distância a ser percorrida é de 80 km. No segundo trecho, cujo comprimento vale 60 km, a velocidade máxima permitida é 120 km/h. Supondo que as condições de trânsito sejam favoráveis para que o veículo da empresa ande continuamente na velocidade máxima permitida, qual será o tempo necessário, em horas, para a realização da entrega?","A: 0,7; B: 1,4; C: 1,5; D: 2,0; E: 3,0",0.118,C,2012
73,"Para ligar ou desligar uma mesma lâmpada a partir de dois interruptores, conectam-se os interruptores para que a mudança de posição de um deles faça ligar ou desligar a lâmpada, não importando qual a posição do outro. Esta ligação é conhecida como interruptores paralelos. Este interruptor é uma chave de duas posições constituída por um polo e dois terminais, conforme mostrado nas figuras de um mesmo interruptor. Na Posição I a chave conecta o polo ao terminal superior, e na Posição II a chave o conecta ao terminal inferior. O circuito que cumpre a finalidade de funcionamento descrita no texto é:",A; B; C; D; E,2.336,E,2012
74,"A característica que permite identificar um planeta no céu é o seu movimento relativo às estrelas fixas. Se observarmos a posição de um planeta por vários dias, verificaremos que sua posição em relação às estrelas fixas se modifica regularmente. A figura destaca o movimento de Marte observado em intervalos de 10 dias, registrado da Terra. Qual a causa da forma da trajetória do planeta Marte registrada na figura?","A: A maior velocidade orbital da Terra faz com que, em certas épocas, ela ultrapasse Marte.; B: A presença de outras estrelas faz com que sua trajetória seja desviada por meio da atração gravitacional.; C: A órbita de Marte, em torno do Sol, possui uma forma elíptica mais acentuada que a dos demais planetas.; D: A atração gravitacional entre a Terra e Marte faz com que este planeta apresente uma órbita irregular em torno do Sol.; E: A proximidade de Marte com Júpiter, em algumas épocas do ano, faz com que a atração gravitacional de Júpiter interfira em seu movimento.",2.452,A,2012
75,"Em certos locais, larvas de moscas, criadas em arroz cozido, são utilizadas como iscas para pesca. Alguns criadores, no entanto, acreditam que essas larvas surgem espontaneamente do arroz cozido, tal como preconizado pela teoria da geração espontânea. Essa teoria começou a ser refutada pelos cientistas ainda no século XVII, a partir dos estudos de Redi e Pasteur, que mostraram experimentalmente que","A: seres vivos podem ser criados em laboratório.; B: a vida se originou no planeta a partir de microrganismos.; C: o ser vivo é oriundo da reprodução de outro ser vivo pré-existente.; D: seres vermiformes e microrganismos são evolutivamente aparentados.; E: vermes e microrganismos são gerados pela matéria existente nos cadáveres e nos caldos nutritivos, respectivamente.",1.038,C,2012
76,"Os tubos de PVC, material organoclorado sintético, são normalmente utilizados como encanamento na construção civil. Ao final da sua vida útil, uma das formas de descarte desses tubos pode ser a incineração. Nesse processo libera-se HCℓ (g), cloreto de hidrogênio, dentre outras substâncias. Assim, é necessário um tratamento para evitar o problema da emissão desse poluente. Entre as alternativas possíveis para o tratamento, é apropriado canalizar e borbulhar os gases provenientes da incineração em",A: água dura.; B: água de cal.; C: água salobra.; D: água destilada.; E: água desmineralizada.,1.158,B,2012
77,"Um consumidor desconfia que a balança do supermercado não está aferindo corretamente a massa dos produtos. Ao chegar a casa resolve conferir se a balança estava descalibrada. Para isso, utiliza um recipiente provido de escala volumétrica, contendo 1,0 litro d’água. Ele coloca uma porção dos legumes que comprou dentro do recipiente e observa que a água atinge a marca de 1,5 litro e também que a porção não ficara totalmente submersa, com 1/3 de seu volume fora d’água. Para concluir o teste, o consumidor, com ajuda da internet, verifica que a densidade dos legumes, em questão, é a metade da densidade da água, onde, rágua = 1 g/cm3. No supermercado a balança registrou a massa da porção de legumes igual a 0,500 kg (meio quilograma). Considerando que o método adotado tenha boa precisão, o consumidor concluiu que a balança estava descalibrada e deveria ter registrado a massa da porção de legumes igual a","A: 0,073 kg.; B: 0,167 kg.; C: 0,250 kg.; D: 0,375 kg.; E: 0,750 kg.",1.592,D,2012
78,"Os freios ABS são uma importante medida de segurança no trânsito, os quais funcionam para impedir o travamento das rodas do carro quando o sistema de freios é acionado, liberando as rodas quando estão no limiar do deslizamento. Quando as rodas travam, a força de frenagem é governada pelo atrito cinético. As representações esquemáticas da força de atrito f at entre os pneus e a pista, em função da pressão p aplicada no pedal de freio, para carros sem ABS e com ABS, respectivamente, são:",A; B; C; D; E,1.583,A,2012
79,"O armazenamento de certas vitaminas no organismo apresenta grande dependência de sua solubilidade. Por exemplo, vitaminas hidrossolúveis devem ser incluídas na dieta diária, enquanto vitaminas lipossolúveis são armazenadas em quantidades suficientes para evitar doenças causadas pela sua carência. A seguir são apresentadas as estuturas químicas de cinco vitaminas necessárias ao organismo. Dentre as vitaminas apresentadas na figura, aquela que necessita de maior suplementação diária é",A: I.; B: II.; C: III.; D: IV.; E: V,1.225,C,2012
80,A condição física apresentada pelo personagem da tirinha é um fator de risco que pode desencadear doenças como,A: anemia.; B: beribéri.; C: diabetes.; D: escorbuto.; E: fenilcetonúria.,-0.14,C,2012
81,"Paleontólogos estudam fósseis e esqueletos de dinossauros para tentar explicar o desaparecimento desses animais. Esses estudos permitem afirmar que esses animais foram extintos há cerca de 65 milhões de anos. Uma teoria aceita atualmente é a de que um asteroide colidiu com a Terra, formando uma densa nuvem de poeira na atmosfera. De acordo com essa teoria, a extinção ocorreu em função de modificações no planeta que","A: desestabilizaram o relógio biológico dos animais, causando alterações no código genético.; B: reduziram a penetração da luz solar até a superfície da Terra, interferindo no fluxo energético das teias tróficas.; C: causaram uma série de intoxicações nos animais, provocando a bioacumulação de partículas de poeira nos organismos.; D: resultaram na sedimentação das partículas de poeira levantada com o impacto do meteoro, provocando o desaparecimento de rios e lagos.; E: evitaram a precipitação de água até a superfície da Terra, causando uma grande seca que impediu a retroalimentação do ciclo hidrológico.",0.775,B,2012
82,"O boato de que os lacres das latas de alumínio teriam um alto valor comercial levou muitas pessoas a juntarem esse material na expectativa de ganhar dinheiro com sua venda. As empresas fabricantes de alumínio esclarecem que isso não passa de uma “lenda urbana”, pois ao retirar o anel da lata, dificulta-se a reciclagem do alumínio. Como a liga do qual é feito o anel contém alto teor de magnésio, se ele não estiver junto com a lata, fica mais fácil ocorrer a oxidação do alumínio no forno. A tabela apresenta as semirreações e os valores de potencial padrão de redução de alguns metais: Com base no texto e na tabela, que metais poderiam entrar na composição do anel das latas com a mesma função do magnésio, ou seja, proteger o alumínio da oxidação nos fornos e não deixar diminuir o rendimento da sua reciclagem?","A: Somente o lítio, pois ele possui o menor potencial de redução.; B: Somente o cobre, pois ele possui o maior potencial de redução.; C: Somente o potássio, pois ele possui potencial de redução mais próximo do magnésio.; D: Somente o cobre e o zinco, pois eles sofrem oxidação mais facilmente que o alumínio.; E: Somente o lítio e o potássio, pois seus potenciais de redução são menores do que o do alumínio.",1.028,E,2012
83,"Aumentar a eficiência na queima de combustível dos motores a combustão e reduzir suas emissões de poluentes é a meta de qualquer fabricante de motores. É também o foco de uma pesquisa brasileira que envolve experimentos com plasma, o quarto estado da matéria e que está presente no processo de ignição. A interação da faísca emitida pela vela de ignição com as moléculas de combustível gera o plasma que provoca a explosão liberadora de energia que, por sua vez, faz o motor funcionar. No entanto, a busca da eficiência referenciada no texto apresenta como fator limitante","A: o tipo de combustível, fóssil, que utilizam. Sendo um insumo não renovável, em algum momento estará esgotado.; B: um dos princípios da termodinâmica, segundo o qual o rendimento de uma máquina térmica nunca atinge o ideal.; C: o funcionamento cíclico de todos os motores. A repetição contínua dos movimentos exige que parte da energia seja transferida ao próximo ciclo.; D: as forças de atrito inevitável entre as peças. Tais forças provocam desgastes contínuos que com o tempo levam qualquer material à fadiga e ruptura.; E: a temperatura em que eles trabalham. Para atingir o plasma, é necessária uma temperatura maior que a de fusão do aço com que se fazem os motores. ",1.521,B,2012
84,"A falta de conhecimento em relação ao que vem a ser um material radioativo e quais os efeitos, consequências e usos da irradiação pode gerar o medo e a tomada de decisões equivocadas, como a apresentada no exemplo a seguir. “Uma companhia aérea negou-se a transportar material médico por este portar um certificado de esterilização por irradiação.”. A decisão tomada pela companhia é equivocada, pois","A: o material é incapaz de acumular radiação, não se tornando radioativo por ter sido irradiado.; B: a utilização de uma embalagem é suficiente para bloquear a radiação emitida pelo material.; C: a contaminação radioativa do material não se prolifera da mesma forma que as infecções por microrganismos.; D: o material irradiado emite radiação de intensidade abaixo daquela que ofereceria risco à saúde.; E: o intervalo de tempo após a esterilização é suficiente para que o material não emita mais radiação. ",2.098,A,2012
85,"A imagem representa o processo de evolução das plantas e algumas de suas estruturas. Para o sucesso desse processo, a partir de um ancestral simples, os diferentes grupos vegetais desenvolveram estruturas adaptativas que lhes permitiram sobreviver em diferentes ambientes. Qual das estruturas adaptativas apresentadas contribuiu para uma maior diversidade genética?","A: As sementes aladas, que favorecem a dispersão aérea.; B: Os arquegônios, que protegem o embrião multicelular.; C: Os grãos de pólen, que garantem a polinização cruzada.; D: Os frutos, que promovem uma maior eficiência reprodutiva.; E: Os vasos condutores, que possibilitam o transporte da seiva bruta.",0.96,C,2012
86,"Osmose é um processo espontâneo que ocorre em todos os organismos vivos e é essencial à manutenção da vida. Uma solução 0,15 mol/L de NaCℓ (cloreto de sódio) possui a mesma pressão osmótica das soluções presentes nas células humanas. A imersão de uma célula humana em uma solução 0,20 mol/L de NaCℓ tem, como consequência, a",A: adsorção de íons Na+ sobre a superfície da célula.; B: difusão rápida de íons Na+ para o interior da célula.; C: diminuição da concentração das soluções presentes na célula.; D: transferência de íons Na+ da célula para a solução.; E: transferência de moléculas de água do interior da célula para a solução.,0.957,E,2012
87,"A doença de Chagas afeta mais de oito milhões de brasileiros, sendo comum em áreas rurais. É uma doença causada pelo protozoário Trypanosoma cruzi e transmitida por insetos conhecidos como barbeiros ou chupanças. Uma ação do homem sobre o meio ambiente que tem contribuído para o aumento dessa doença é",A: o consumo de carnes de animais silvestres que são hospedeiros do vetor da doença.; B: a utilização de adubos químicos na agricultura que aceleram o ciclo reprodutivo do barbeiro.; C: a ausência de saneamento básico que favorece a proliferação do protozoário em regiões habitadas por humanos.; D: a poluição dos rios e lagos com pesticidas que exterminam o predador das larvas do inseto transmissor da doença.; E: o desmatamento que provoca a migração ou o desaparecimento dos animais silvestres dos quais o barbeiro se alimenta.,1.598,E,2012
88,"Nossa pele possui células que reagem à incidência de luz ultravioleta e produzem uma substância chamada melanina, responsável pela pigmentação da pele. Pensando em se bronzear, uma garota vestiu um biquíni, acendeu a luz de seu quarto e deitou-se exatamente abaixo da lâmpada incandescente. Após várias horas ela percebeu que não conseguiu resultado algum. O bronzeamente não ocorreu porque a luz emitida pela lâmpada incandescente é de",A: baixa intensidade.; B: baixa frequência.; C: um espectro contínuo.; D: amplitude inadequada.; E: curto comprimento de onda.,1.465,B,2012
89,"Quando colocados em água, os fosfolipídeos tendem a formar lipossomos, estruturas formadas por uma bicamada lipídica, conforme mostrado na figura. Quando rompida, essa estrutura tende a se reorganizar em um novo lipossomo. Esse arranjo característico se deve ao fato de os fosfolipídios apresentarem uma natureza","A: polar, ou seja, serem inteiramente solúveis em água.; B: apolar, ou seja, não serem solúveis em solução aquosa.; C: anfotérica, ou seja, podem comportar-se como ácidos e bases.; D: insaturada, ou seja, possuírem duplas ligações em sua estrutura.; E: anfifílica, ou seja, possuírem uma parte hidrofílica e outra hidrofóbica.",1.009,E,2012
90,"Aspartame é um edulcorante artificial (adoçante dietético) que apresenta potencial adoçante 200 vezes maior que o açúcar comum, permitindo seu uso em pequenas quantidades. Muito usado pela indústria alimentícia, principalmente nos refrigerantes diet, tem valor energético que corresponde a 4 calorias/grama. É contraindicado a portadores de fenilcetonúria, uma doença genética rara que provoca o acúmulo da fenilalanina no organismo, causando retardo mental. O IDA (índice diário aceitável) desse adoçante é 40 mg/kg de massa corpórea. Com base nas informações do texto, a quantidade máxima recomendada de aspartame, em mol, que uma pessoa de 70 kg de massa corporal pode ingerir por dia é mais próxima de","A: 1,3 × 10–4.; B: 9,5 × 10–3.; C: 4 × 10–2.; D: 2,6.; E: 823",1.198,B,2012
46,"Músculos artificiais são dispositivos feitos com plásticos inteligentes que respondem a uma corrente elétrica com um movimento mecânico. A oxidação e redução de um polímero condutor criam cargas positivas e/ou negativas no material, que são compensadas com a inserção ou expulsão de cátions ou ânions. Por exemplo, na figura os filmes escuros são de polipirrol e o filme branco é de um eletrólito polimérico contendo um sal inorgânico. Quando o polipirrol sofre oxidação, há a inserção de ânions para compensar a carga positiva no polímero e o filme se expande. Na outra face do dispositivo o filme de polipirrol sofre redução, expulsando ânions, e o filme se contrai. Pela montagem, em sanduíche, o sistema todo se movimenta de forma harmônica, conforme mostrado na figura. A camada central de eletrólito polimérico é importante porque","A: absorve a irradiação de partículas carregadas, emitidas pelo aquecimento elétrico dos filmes de polipirrol.; B: permite a difusão dos íons promovida pela aplicação de diferença de potencial, fechando o circuito elétrico.; C: mantém um gradiente térmico no material para promover a dilatação/contração térmica de cada filme de polipirrol.; D: permite a condução de elétrons livres, promovida pela aplicação de diferença de potencial, gerando corrente elétrica.; E: promove a polarização das moléculas poliméricas, o que resulta no movimento gerado pela aplicação de diferença de potencial.",2.652,B,2013
47,"O brasileiro consome em média 500 miligramas de cálcio por dia, quando a quantidade recomendada é o dobro. Uma alimentação balanceada é a melhor decisão para evitar problemas no futuro, como a osteoporose, uma doença que atinge os ossos. Ela se caracteriza pela diminuição substancial de massa óssea, tornando os ossos frágeis e mais suscetíveis a fraturas. Considerando-se o valor de 6 × 1023 mol–1 para a constante de Avogadro e a massa molar do cálcio igual a 40 g/mol, qual a quantidade mínima diária de átomos de cálcio a ser ingerida para que uma pessoa supra suas necessidades?","A: 7,5 × 1021; B: 1,5 × 1022; C: 7,5 × 1023; D: 1,5 × 1025; E: 4,8 × 1025",1.1322,B,2013
48,"Em um experimento foram utilizadas duas garrafas PET, uma pintada de branco e a outra de preto, acopladas cada uma a um termômetro. No ponto médio da distância entre as garrafas, foi mantida acesa, durante alguns minutos, uma lâmpada incandescente. Em seguida a lâmpada foi desligada. Durante o experimento, foram monitoradas as temperaturas das garrafas: a) enquanto a lâmpada permaneceu acesa e b) após a lâmpada ser desligada e atingirem equilíbrio térmico com o ambiente. A taxa de variação da temperatura da garrafa preta, em comparação à da branca, durante todo experimento, foi",A: igual no aquecimento e igual no resfriamento.; B: maior no aquecimento e igual no resfriamento.; C: menor no aquecimento e igual no resfriamento.; D: maior no aquecimento e menor no resfriamento.; E: maior no aquecimento e maior no resfriamento.,2.0771,E,2013
49,"Glicose marcada com nuclídeos de carbono-11 é utilizada na medicina para se obter imagens tridimensionais do cérebro, por meio de tomografia de emissão de pósitrons. A desintegração do carbono-11 gera um pósitron, com tempo de meia-vida de 20,4 min, de acordo com a equação da reação nuclear: A partir da injeção de glicose marcada com esse nuclídeo, o tempo de aquisição de uma imagem de tomografia é de cinco meias-vidas. Considerando que o medicamento contém 1,00 g do carbono-11, a massa, em miligramas, do nuclídeo restante, após a aquisição da imagem, é mais próxima de","A: 0,200.; B: 0,969.; C: 9,80.; D: 31,3.; E: 200.",1.3952,D,2013
50,"Milhares de pessoas estavam morrendo de varíola humana no final do século XVIII. Em 1796, o médico Edward Jenner (1749-1823) inoculou em um menino de 8 anos o pus extraído de feridas de vacas contaminadas com o vírus da varíola bovina, que causa uma doença branda em humanos. O garoto contraiu uma infecção benigna e, dez dias depois, estava recuperado. Meses depois, Jenner inoculou, no mesmo menino, o pus varioloso humano, que causava muitas mortes. O menino não adoeceu. Considerando o resultado do experimento, qual a contribuição desse médico para a saúde humana?",A: A prevenção de diversas doenças infectocontagiosas em todo o mundo.; B: A compreensão de que vírus podem se multiplicar em matéria orgânica.; C: O tratamento para muitas enfermidades que acometem milhões de pessoas.; D: O estabelecimento da ética na utilização de crianças em modelos experimentais.; E: A explicação de que alguns vírus de animais podem ser transmitidos para os humanos.,0.5244,A,2013
51,"Química Verde pode ser definida como a criação, o desenvolvimento e a aplicação de produtos e processos químicos para reduzir ou eliminar o uso e a geração de substâncias nocivas à saúde humana e ao ambiente. Sabe-se que algumas fontes energéticas desenvolvidas pelo homem exercem, ou têm potencial para exercer, em algum nível, impactos ambientais negativos. À luz da Química Verde, métodos devem ser desenvolvidos para eliminar ou reduzir a poluição do ar causada especialmente pelas",A: hidrelétricas.; B: termelétricas.; C: usinas geotérmicas.; D: fontes de energia solar.; E: fontes de energia eólica,0.5114,B,2013
52,"Em viagens de avião, é solicitado aos passageiros o desligamento de todos os aparelhos cujo funcionamento envolva a emissão ou a recepção de ondas eletromagnéticas. O procedimento é utilizado para eliminar fontes de radiação que possam interferir nas comunicações via rádio dos pilotos com a torre de controle. A propriedade das ondas emitidas que justifica o procedimento adotado é o fato de",A: terem fases opostas.; B: serem ambas audíveis.; C: terem intensidades inversas.; D: serem de mesma amplitude.; E: terem frequências próximas.,-0.3633,E,2013
53,"As serpentes que habitam regiões de seca podem ficar em jejum por um longo período de tempo devido à escassez de alimento. Assim, a sobrevivência desses predadores está relacionada ao aproveitamento máximo dos nutrientes obtidos com a presa capturada. De acordo com essa situação, essas serpentes apresentam alterações morfológicas e fisiológicas, como o aumento das vilosidades intestinais e a intensificação da irrigação sanguínea na porção interna dessas estruturas. A função do aumento das vilosidades intestinais para essas serpentes é maximizar o(a)",A: comprimento do trato gastrointestinal para caber mais alimento.; B: área de contato com o conteúdo intestinal para absorção dos nutrientes.; C: liberação de calor via irrigação sanguínea para controle térmico do sistema digestório.; D: secreção de enzimas digestivas para aumentar a degradação proteica no estômago.; E: processo de digestão para diminuir o tempo de permanência do alimento no intestino.,0.5373,B,2013
54,"O uso de embalagens plásticas descartáveis vem crescendo em todo o mundo, juntamente com o problema ambiental gerado por seu descarte inapropriado. O politereftalato de etileno (PET), cuja estrutura é mostrada, tem sido muito utilizado na indústria de refrigerantes e pode ser reciclado e reutilizado. Uma das opções possíveis envolve a produção de matérias-primas, como o etilenoglicol (1,2-etanodiol), a partir de objetos compostos de PET pós-consumo. Com base nas informações do texto, uma alternativa para a obtenção de etilenoglicol a partir do PET é a",A: solubilização dos objetos.; B: combustão dos objetos.; C: trituração dos objetos.; D: hidrólise dos objetos.; E: fusão dos objetos.,1.5675,D,2013
55,"A pílula anticoncepcional é um dos métodos contraceptivos de maior segurança, sendo constituída basicamente de dois hormônios sintéticos semelhantes aos hormônios produzidos pelo organismo feminino, o estrogênio (E) e a progesterona (P). Em um experimento médico, foi analisado o sangue de uma mulher que ingeriu ininterruptamente um comprimido desse medicamento por dia durante seis meses. Qual gráfico representa a concentração sanguínea desses hormônios durante o período do experimento?",A; B; C; D; E,3.0754,A,2013
56,"A imagem representa uma ilustração retirada do livro De Motu Cordis, de autoria do médico inglês Willian Harvey, que fez importantes contribuições para o entendimento do processo de circulação do sangue no corpo humano. No experimento ilustrado, Harvey, após aplicar um torniquete (A) no braço de um voluntário e esperar alguns vasos incharem, pressionava-os em um ponto (H). Mantendo o ponto pressionado, deslocava o conteúdo de sangue em direção ao cotovelo, percebendo que um trecho do vaso sanguíneo permanecia vazio após esse processo (H-O). A demonstração de Harvey permite estabelecer a relação entre circulação sanguínea e",A: pressão arterial.; B: válvulas venosas.; C: circulação linfática.; D: contração cardíaca.; E: transporte de gases.,2.1622,B,2013
57,"Para realizar um experimento com uma garrafa PET cheia d´água, perfurou-se a lateral da garrafa em três posições a diferentes alturas. Com a garrafa tampada, a água não vazou por nenhum dos orifícios, e, com a garrafa destampada, observou-se o escoamento da água conforme ilustrado na figura. Como a pressão atmosférica interfere no escoamento da água, nas situações com a garrafa tampada e destampada, respectivamente?","A: Impede a saída de água, por ser maior que a pressão interna; não muda a velocidade de escoamento, que só depende da pressão da coluna de água.; B: Impede a saída de água, por ser maior que a pressão interna; altera a velocidade de escoamento, que é proporcional à pressão atmosférica na altura do furo.; C: Impede a entrada de ar, por ser menor que a pressão interna; altera a velocidade de escoamento, que é proporcional à pressão atmosférica na altura do furo.; D: Impede a saída de água, por ser maior que a pressão interna; regula a velocidade de escoamento, que só depende da pressão atmosférica.; E: Impede a entrada de ar, por ser menor que a pressão interna; não muda a velocidade de escoamento, que só depende da pressão da coluna de água.",2.0489,A,2013
58,"O citral, substância de odor fortemente cítrico, é obtido a partir de algumas plantas como o capim-limão, cujo óleo essencial possui aproximadamente 80%, em massa, da substância. Uma de suas aplicações é na fabricação de produtos que atraem abelhas, especialmente do gênero Apis, pois seu cheiro é semelhante a um dos feromônios liberados por elas. Sua fórmula molecular é C10H16O, com uma cadeia alifática de oito carbonos, duas insaturações, nos carbonos 2 e 6; e dois grupos substituintes metila, nos carbonos 3 e 7. O citral possui dois isômeros geométricos, sendo o trans o que mais contribui para o forte odor. Para que se consiga atrair um maior número de abelhas para uma determinada região, a molécula que deve estar presente em alta concentração no produto a ser utilizado é:",A; B; C; D; E,2.3327,A,2013
59,"Plantas terrestres que ainda estão em fase de crescimento fixam grandes quantidades de CO2, utilizando-o para formar novas moléculas orgânicas, e liberam grande quantidade de O2. No entanto, em florestas maduras, cujas árvores já atingiram o equilíbrio, o consumo de O2 pela respiração tende a igualar sua produção pela fotossíntese. A morte natural de árvores nessas florestas afeta temporariamente a concentração de O2 e de CO2 próximo à superfície do solo onde elas caíram. A concentração de O2 próximo ao solo, no local da queda, será","A: menor, pois haverá consumo de O2 durante a decomposição dessas árvores.; B: maior, pois haverá economia de O2 pela ausência das árvores mortas.; C: maior, pois haverá liberação de O2 durante a fotossíntese das árvores jovens.; D: igual, pois haverá consumo e produção de O2 pelas árvores maduras restantes.; E: menor, pois haverá redução de O2 pela falta da fotossíntese realizada pelas árvores mortas.",1.5516,A,2013
60,"As fêmeas de algumas espécies de aranhas, escorpiões e de outros invertebrados predam os machos após a cópula e inseminação. Como exemplo, fêmeas canibais do inseto conhecido como louva-a-deus, Tenodera aridofolia, possuem até 63% da sua dieta composta por machos parceiros. Para as fêmeas, o canibalismo sexual pode assegurar a obtenção de nutrientes importantes na reprodução. Com esse incremento na dieta, elas geralmente produzem maior quantidade de ovos. Apesar de ser um comportamento aparentemente desvantajoso para os machos, o canibalismo sexual evoluiu nesses táxons animais porque",A: promove a maior ocupação de diferentes nichos ecológicos pela espécie.; B: favorece o sucesso reprodutivo individual de ambos os parentais.; C: impossibilita a transmissão de genes do macho para a prole.; D: impede a sobrevivência e reprodução futura do macho.; E: reduz a variabilidade genética da população.,0.8017,B,2013
61,"Para oferecer acessibilidade aos portadores de dificuldades de locomoção, é utilizado, em ônibus e automóveis, o elevador hidráulico. Nesse dispositivo é usada uma bomba elétrica, para forçar um fluido a passar de uma tubulação estreita para outra mais larga, e dessa forma acionar um pistão que movimenta a plataforma. Considere um elevador hidráulico cuja área da cabeça do pistão seja cinco vezes maior do que a área da tubulação que sai da bomba. Desprezando o atrito e considerando uma aceleração gravitacional de 10 m/s2, deseja-se elevar uma pessoa de 65 kg em uma cadeira de rodas de 15 kg sobre a plataforma de 20 kg. Qual deve ser a força exercida pelo motor da bomba sobre o fluido, para que o cadeirante seja elevado com velocidade constante?",A: 20 N; B: 100 N; C: 200 N; D: 1 000 N; E: 5 000 N,1.7126,C,2013
62,"A estratégia de obtenção de plantas transgênicas pela inserção de transgenes em cloroplastos, em substituição à metodologia clássica de inserção do transgene no núcleo da célula hospedeira, resultou no aumento quantitativo da produção de proteínas recombinantes com diversas finalidades biotecnológicas. O mesmo tipo de estratégia poderia ser utilizada para produzir proteínas recombinantes em células de organismos eucarióticos não fotossintetizantes, como as leveduras, que são usadas para produção comercial de várias proteínas recombinantes e que podem ser cultivadas em grandes fermentadores. Considerando a estratégia metodológica descrita, qual organela celular poderia ser utilizada para inserção de transgenes em leveduras?",A: Lisossomo.; B: Mitocôndria.; C: Peroxissomo.; D: Complexo golgiense.; E: Retículo endoplasmático.,1.9594,B,2013
63,"No Brasil, cerca de 80% da energia elétrica advém de hidrelétricas, cuja construção implica o represamento de rios. A formação de um reservatório para esse fim, por sua vez, pode modificar a ictiofauna local. Um exemplo é o represamento do Rio Paraná, onde se observou o desaparecimento de peixes cascudos quase que simultaneamente ao aumento do número de peixes de espécies exóticas introduzidas, como o mapará e a corvina, as três espécies com nichos ecológicos semelhantes. Nessa modificação da ictiofauna, o desaparecimento de cascudos é explicado pelo(a)",A: redução do fluxo gênico da espécie nativa.; B: diminuição da competição intraespecífica.; C: aumento da competição interespecífica.; D: isolamento geográfico dos peixes.; E: extinção de nichos ecológicos.,0.6152,C,2013
64,"Uma das etapas do tratamento da água é a desinfecção, sendo a cloração o método mais empregado. Esse método consiste na dissolução do gás cloro numa solução sob pressão e sua aplicação na água a ser desinfectada. As equações das reações químicas envolvidas são: A ação desinfetante é controlada pelo ácido hipocloroso, que possui um potencial de desinfecção cerca de 80 vezes superior ao ânion hipoclorito. O pH do meio é importante, porque influencia na extensão com que o ácido hipocloroso se ioniza. Para que a desinfecção seja mais efetiva, o pH da água a ser tratada deve estar mais próximo de",A: 0.; B: 5.; C: 7.; D: 9.; E: 14.,3.194,B,2013
65,"Uma manifestação comum das torcidas em estádios de futebol é a ola mexicana. Os espectadores de uma linha, sem sair do lugar e sem se deslocarem lateralmente, ficam de pé e se sentam, sincronizados com os da linha adjacente. O efeito coletivo se propaga pelos espectadores do estádio, formando uma onda progressiva, conforme ilustração. Calcula-se que a velocidade de propagação dessa “onda humana” é 45 km/h, e que cada período de oscilação contém 16 pessoas, que se levantam e sentam organizadamente e distanciadas entre si por 80 cm. Nessa ola mexicana, a frequência da onda, em hertz, é um valor mais próximo de","A: 0,3.; B: 0,5.; C: 1,0.; D: 1,9.; E: 3,7.",1.584,C,2013
66,"Para serrar ossos e carnes congeladas, um açougueiro utiliza uma serra de fita que possui três polias e um motor. O equipamento pode ser montado de duas formas diferentes, P e Q. Por questão de segurança, é necessário que a serra possua menor velocidade linear. Por qual montagem o açougueiro deve optar e qual a justificativa desta opção?","A: Q, pois as polias 1 e 3 giram com velocidades lineares iguais em pontos periféricos e a que tiver maior raio terá menor frequência.; B: Q, pois as polias 1 e 3 giram com frequências iguais e a que tiver maior raio terá menor velocidade linear em um ponto periférico.; C: P, pois as polias 2 e 3 giram com frequências diferentes e a que tiver maior raio terá menor velocidade linear em um ponto periférico.; D: P, pois as polias 1 e 2 giram com diferentes velocidades lineares em pontos periféricos e a que tiver menor raio terá maior frequência.; E: Q, pois as polias 2 e 3 giram com diferentes velocidades lineares em pontos periféricos e a que tiver maior raio terá menor frequência",2.024,A,2013
67,"Sabe-se que o aumento da concentração de gases como CO2, CH4 e N2O na atmosfera é um dos fatores responsáveis pelo agravamento do efeito estufa. A agricultura é uma das atividades humanas que pode contribuir tanto para a emissão quanto para o sequestro desses gases, dependendo do manejo da matéria orgânica do solo. De que maneira as práticas agrícolas podem ajudar a minimizar o agravamento do efeito estufa?",A: Evitando a rotação de culturas.; B: Liberando o CO2 presente no solo.; C: Aumentando a quantidade de matéria orgânica do solo.; D: Queimando a matéria orgânica que se deposita no solo.; E: Atenuando a concentração de resíduos vegetais do solo.,1.5069,C,2013
68,"O glifosato (C3 H8 NO5 P) é um herbicida pertencente ao grupo químico das glicinas, classificado como não seletivo. Esse composto possui os grupos funcionais carboxilato, amino e fosfonato. A degradação do glifosato no solo é muito rápida e realizada por grande variedade de microrganismos, que usam o produto como fonte de energia e fósforo. Os produtos da degradação são o ácido aminometilfosfônico (AMPA) e o N-metilglicina (sarcosina): A partir do texto e dos produtos de degradação apresentados, a estrutura química que representa o glifosato é:",A; B; C; D; E,1.9007,B,2013
69,"A formação frequente de grandes volumes de pirita (FeS2) em uma variedade de depósitos minerais favorece a formação de soluções ácidas ferruginosas, conhecidas como “drenagem ácida de minas”. Esse fenômeno tem sido bastante pesquisado pelos cientistas e representa uma grande preocupação entre os impactos da mineração no ambiente. Em contato com oxigênio, a 25 °C, a pirita sofre reação, de acordo com a equação química: Para corrigir os problemas ambientais causados por essa drenagem, a substância mais recomendada a ser adicionada ao meio é o",A: sulfeto de sódio.; B: cloreto de amônio.; C: dióxido de enxofre.; D: dióxido de carbono.; E: carbonato de cálcio.,1.174,E,2013
70,"Cinco casais alegavam ser os pais de um bebê. A confirmação da paternidade foi obtida pelo exame de DNA. O resultado do teste está esquematizado na figura, em que cada casal apresenta um padrão com duas bandas de DNA (faixas, uma para o suposto pai e outra para a suposta mãe), comparadas à do bebê. Que casal pode ser considerado como pais biológicos do bebê?",A: 1; B: 2; C: 3; D: 4; E: 5,-0.2251,C,2013
71,"A varfarina é um fármaco que diminui a agregação plaquetária, e por isso é utilizada como anticoagulante, desde que esteja presente no plasma, com uma concentração superior a 1,0 mg/L. Entretanto, concentrações plasmáticas superiores a 4,0 mg/L podem desencadear hemorragias. As moléculas desse fármaco ficam retidas no espaço intravascular e dissolvidas exclusivamente no plasma, que representa aproximadamente 60% do sangue em volume. Em um medicamento, a varfarina é administrada por via intravenosa na forma de solução aquosa, com concentração de 3,0 mg/mL. Um indivíduo adulto, com volume sanguíneo total de 5,0 L, será submetido a um tratamento com solução injetável desse medicamento. Qual é o máximo volume da solução do medicamento que pode ser administrado a esse indivíduo, pela via intravenosa, de maneira que não ocorram hemorragias causadas pelo anticoagulante?","A: 1,0 mL; B: 1,7 mL; C: 2,7 mL; D: 4,0 mL; E: 6,7 mL",1.6832,D,2013
72,"Um eletricista analisa o diagrama de uma instalação elétrica residencial para planejar medições de tensão e corrente em uma cozinha. Nesse ambiente existem uma geladeira (G), uma tomada (T) e uma lâmpada (L), conforme a figura. O eletricista deseja medir a tensão elétrica aplicada à geladeira, a corrente total e a corrente na lâmpada. Para isso, ele dispõe de um voltímetro (V) e dois amperímetros (A). Para realizar essas medidas, o esquema da ligação desses instrumentos está representado em:",A; B; C; D; E,2.0308,E,2013
73,"Uma indústria está escolhendo uma linhagem de microalgas que otimize a secreção de polímeros comestíveis, os quais são obtidos do meio de cultura de crescimento. Na figura podem ser observadas as proporções de algumas organelas presentes no citoplasma de cada linhagem. Qual é a melhor linhagem para se conseguir maior rendimento de polímeros secretados no meio de cultura?",A: I; B: II; C: III; D: IV; E: V,1.7951,A,2013
74,"Eu também podia decompor a água, se fosse salgada ou acidulada, usando a pilha de Daniell como fonte de força. Lembro o prazer extraordinário que sentia ao decompor um pouco de água em uma taça para ovos quentes, vendo-a separar-se em seus elementos, o oxigênio em um eletrodo, o hidrogênio no outro. A eletricidade de uma pilha de 1 volt parecia tão fraca, e no entanto podia ser suficiente para desfazer um composto químico, a água... O fragmento do romance de Oliver Sacks relata a separação dos elementos que compõem a água. O princípio do método apresentado é utilizado industrialmente na",A: obtenção de ouro a partir de pepitas.; B: obtenção de calcário a partir de rochas.; C: obtenção de alumínio a partir da bauxita.; D: obtenção de ferro a partir de seus óxidos.; E: obtenção de amônia a partir de hidrogênio e nitrogênio.,2.0899,C,2013
75,"O chuveiro elétrico é um dispositivo capaz de transformar energia elétrica em energia térmica, o que possibilita a elevação da temperatura da água. Um chuveiro projetado para funcionar em 110 V pode ser adaptado para funcionar em 220 V, de modo a manter inalterada sua potência. Uma das maneiras de fazer essa adaptação é trocar a resistência do chuveiro por outra, de mesmo material e com o(a)",A: dobro do comprimento do fio.; B: metade do comprimento do fio.; C: metade da área da seção reta do fio.; D: quádruplo da área da seção reta do fio.; E: quarta parte da área da seção reta do fio.,1.9937,E,2013
76,"Uma pessoa necessita da força de atrito em seus pés para se deslocar sobre uma superfície. Logo, uma pessoa que sobe uma rampa em linha reta será auxiliada pela força de atrito exercida pelo chão em seus pés. Em relação ao movimento dessa pessoa, quais são a direção e o sentido da força de atrito mencionada no texto?",A: Perpendicular ao plano e no mesmo sentido do movimento.; B: Paralelo ao plano e no sentido contrário ao movimento.; C: Paralelo ao plano e no mesmo sentido do movimento.; D: Horizontal e no mesmo sentido do movimento.; E: Vertical e sentido para cima.,1.9545,C,2013
77,"A produção de aço envolve o aquecimento do minério de ferro, junto com carvão (carbono) e ar atmosférico em uma série de reações de oxirredução. O produto é chamado de ferro-gusa e contém cerca de 3,3% de carbono. Uma forma de eliminar o excesso de carbono é a oxidação a partir do aquecimento do ferro-gusa com gás oxigênio puro. Os dois principais produtos formados são aço doce (liga de ferro com teor de 0,3% de carbono restante) e gás carbônico. As massas molares aproximadas dos elementos carbono e oxigênio são, respectivamente, 12 g/mol e 16 g/mol. Considerando que um forno foi alimentado com 2,5 toneladas de ferro-gusa, a massa de gás carbônico formada, em quilogramas, na produção de aço doce, é mais próxima de",A: 28.; B: 75.; C: 175.; D: 275.; E: 303.,3.1881,D,2013
78,"A contaminação pelo vírus da rubéola é especialmente preocupante em grávidas, devido à síndrome da rubéola congênita (SRC), que pode levar ao risco de aborto e malformações congênitas. Devido a campanhas de vacinação específicas, nas últimas décadas houve uma grande diminuição de casos de rubéola entre as mulheres, e, a partir de 2008, as campanhas se intensificaram e têm dado maior enfoque à vacinação de homens jovens. Considerando a preocupação com a ocorrência da SRC, as campanhas passaram a dar enfoque à vacinação dos homens, porque eles",A: ficam mais expostos a esse vírus.; B: transmitem o vírus a mulheres gestantes.; C: passam a infecção diretamente para o feto.; D: transferem imunidade às parceiras grávidas.; E: são mais sucetíveis a esse vírus que as mulheres.,0.9461,B,2013
79,"Um circuito em série é formado por uma pilha, uma lâmpada incandescente e uma chave interruptora. Ao se ligar a chave, a lâmpada acende quase instantaneamente, irradiando calor e luz. Popularmente, associa-se o fenômeno da irradiação de energia a um desgaste da corrente elétrica, ao atravessar o filamento da lâmpada, e à rapidez com que a lâmpada começa a brilhar. Essa explicação está em desacordo com o modelo clássico de corrente. De acordo com o modelo mencionado, o fato de a lâmpada acender quase instantaneamente está relacionado à rapidez com que",A: o fluido elétrico se desloca no circuito.; B: as cargas negativas móveis atravessam o circuito.; C: a bateria libera cargas móveis para o filamento da lâmpada.; D: o campo elétrico se estabelece em todos os pontos do circuito.; E: as cargas positivas e negativas se chocam no filamento da lâmpada.,2.8441,D,2013
80,"Estudos de fluxo de energia em ecossistemas demonstram que a alta produtividade nos manguezais está diretamente relacionada às taxas de produção primária líquida e à rápida reciclagem dos nutrientes. Como exemplo de seres vivos encontrados nesse ambiente, temos: aves, caranguejos, insetos, peixes e algas. Dos grupos de seres vivos citados, os que contribuem diretamente para a manutenção dessa produtividade no referido ecossistema são",A: aves.; B: algas.; C: peixes.; D: insetos.; E: caranguejos.,0.5307,B,2013
81,"Entre as substâncias usadas para o tratamento de água está o sulfato de alumínio que, em meio alcalino, forma partículas em suspensão na água, às quais as impurezas presentes no meio se aderem. O método de separação comumente usado para retirar o sulfato de alumínio com as impurezas aderidas é a",A: flotação.; B: levigação.; C: ventilação.; D: peneiração.; E: centrifugação.,1.1538,A,2013
82,"Em um piano, o Dó central e a próxima nota Dó (Dó maior) apresentam sons parecidos, mas não idênticos. É possível utilizar programas computacionais para expressar o formato dessas ondas sonoras em cada uma das situações como apresentado nas figuras, em que estão indicados intervalos de tempo idênticos (T). A razão entre as frequências do Dó central e do Dó maior é de:",A: 1/2; B: 2; C: 1; D: 1/4; E: 4,1.705,A,2013
83,"Medir temperatura é fundamental em muitas aplicações, e apresentar a leitura em mostradores digitais é bastante prático. O seu funcionamento é baseado na correspondência entre valores de temperatura e de diferença de potencial elétrico. Por exemplo, podemos usar o circuito elétrico apresentado, no qual o elemento sensor de temperatura ocupa um dos braços do circuito (Rs) e a dependência da resistência com a temperatura é conhecida. Para um valor de temperatura em que RS = 100 Ω, a leitura apresentada pelo voltímetro será de","A: + 6,2 V.; B: + 1,7 V.; C: + 0,3 V.; D: – 0,3 V.; E: – 6,2 V.",3.3857,D,2013
84,"Apesar de belos e impressionantes, corais exóticos encontrados na Ilha Grande podem ser uma ameaça ao equilíbrio dos ecossistemas do litoral do Rio de Janeiro. Originários do Oceano Pacífico, esses organismos foram trazidos por plataformas de petróleo e outras embarcações, provavelmente na década de 1980, e disputam com as espécies nativas elementos primordiais para a sobrevivência, como espaço e alimento. Organismos invasores são a segunda maior causa de perda de biodiversidade, superados somente pela destruição direta de hábitats pela ação do homem. As populações de espécies invasoras crescem indefinidamente e ocupam o espaço de organismos nativos. As populações de espécies invasoras crescem bastante por terem a vantagem de",A: não apresentarem genes deletérios no seu pool gênico.; B: não possuírem parasitas e predadores naturais presentes no ambiente exótico.; C: apresentarem características genéticas para se adaptarem a qualquer clima ou condição ambiental.; D: apresentarem capacidade de consumir toda a variedade de alimentos disponibilizados no ambiente exótico.; E: apresentarem características fisiológicas que lhes conferem maior tamanho corporal que o das espécies nativas.,0.3834,B,2013
85,"Desenvolve-se um dispositivo para abrir automaticamente uma porta no qual um botão, quando acionado, faz com que uma corrente elétrica i = 6 A percorra uma barra condutora de comprimento L = 5 cm, cujo ponto médio está preso a uma mola de constante elástica k = 5 × 10–2 N/cm. O sistema mola-condutor está imerso em um campo magnético uniforme perpendicular ao plano. Quando acionado o botão, a barra sairá da posição de equilíbrio a uma velocidade média de 5 m/s e atingirá a catraca em 6 milisegundos, abrindo a porta. A intensidade do campo magnético, para que o dispostivo funcione corretamente, é de",A: 5 × 10–1 T.; B: 5 × 10–2 T.; C: 5 × 101 T.; D: 2 × 10–2 T.; E: 2 × 100 T.,2.88,A,2013
86,"As fraldas descartáveis que contêm o polímero poliacrilato de sódio (1) são mais eficientes na retenção de água que as fraldas de pano convencionais, constituídas de fibras de celulose (2). A maior eficiência dessas fraldas descartáveis, em relação às de pano, deve-se às","A: interações dipolo-dipolo mais fortes entre o poliacrilato e a água, em relação às ligações de hidrogênio entre a celulose e as moléculas de água.; B: interações íon-íon mais fortes entre o poliacrilato e as moléculas de água, em relação às ligações de hidrogênio entre a celulose e as moléculas de água.; C: ligações de hidrogênio mais fortes entre o poliacrilato e a água, em relação às interações íon-dipolo entre a celulose e as moléculas de água.; D: ligações de hidrogênio mais fortes entre o poliacrilato e as moléculas de água, em relação às interações dipolo induzido-dipolo induzido entre a celulose e as moléculas de água.; E: interações íon-dipolo mais fortes entre o poliacrilato e as moléculas de água, em relação às ligações de hidrogênio entre a celulose e as moléculas de água.",2.4916,E,2013
87,"Em um dia sem vento, ao saltar de um avião, um paraquedista cai verticalmente até atingir a velocidade limite. No instante em que o paraquedas é aberto (instante TA), ocorre a diminuição de sua velocidade de queda. Algum tempo após a abertura do paraquedas, ele passa a ter velocidade de queda constante, que possibilita sua aterrissagem em segurança. Que gráfico representa a força resultante sobre o paraquedista, durante o seu movimento de queda?",A; B; C; D; E,2.1657,B,2013
88,"Para a identificação de um rapaz vítima de acidente, fragmentos de tecidos foram retirados e submetidos à extração de DNA nuclear, para comparação com o DNA disponível dos possíveis familiares (pai, avô materno, avó materna, filho e filha). Como o teste com o DNA nuclear não foi conclusivo, os peritos optaram por usar também DNA mitocondrial, para dirimir dúvidas. Para identificar o corpo, os peritos devem verificar se há homologia entre o DNA mitocondrial do rapaz e o DNA mitocondrial do(a)",A: pai.; B: filho.; C: filha.; D: avó materna.; E: avô materno.,1.283,D,2013
89,"Aquecedores solares usados em residências têm o objetivo de elevar a temperatura da água até 70 °C. No entanto, a temperatura ideal da água para um banho é de 30 °C. Por isso, deve-se misturar a água aquecida com a água à temperatura ambiente de um outro reservatório, que se encontra a 25 °C. Qual a razão entre a massa de água quente e a massa de água fria na mistura para um banho à temperatura ideal?","A 0,111.; B 0,125.; C 0,357.; D 0,428.; E 0,833.",1.8499,B,2013
90,"As moléculas de nanoputians lembram figuras humanas e foram criadas para estimular o interesse de jovens na compreensão da linguagem expressa em fórmulas estruturais, muito usadas em química orgânica. Um exemplo é o NanoKid, representado na figura: Em que parte do corpo do NanoKid existe carbono quaternário?",A: Mãos.; B: Cabeça.; C: Tórax.; D: Abdômen.; E: Pés.,0.3737,A,2013
46,"Christiaan Huygens, em 1656, criou o relógio de pêndulo. Nesse dispositivo, a pontualidade baseia-se na regularidade das pequenas oscilações do pêndulo. Para manter a precisão desse relógio, diversos problemas foram contornados. Por exemplo, a haste passou por ajustes até que, no início do século XX, houve uma inovação, que foi sua fabricação usando uma liga metálica que se comporta regularmente em um largo intervalo de temperaturas. Desprezando a presença de forças dissipativas e considerando a aceleração da gravidade constante, para que esse tipo de relógio realize corretamente a contagem do tempo, é necessário que o(a)",A: comprimento da haste seja mantido constante.; B: massa do corpo suspenso pela haste seja pequena.; C: material da haste possua alta condutividade térmica.; D: amplitude da oscilação seja constante a qualquer temperatura.; E: energia potencial gravitacional do corpo suspenso se mantenha constante.,1.92589,A,2014
47,"Na década de 1940, na Região Centro-Oeste, produtores rurais, cujos bois, porcos, aves e cabras estavam morrendo por uma peste desconhecida, fizeram uma promessa, que consistiu em não comer carne e derivados até que a peste fosse debelada. Assim, durante três meses, arroz, feijão, verduras e legumes formaram o prato principal desses produtores. Para suprir o déficit nutricional a que os produtores rurais se submeteram durante o período da promessa, foi importante eles terem consumido alimentos ricos em",A: vitaminas A e E.; B: frutose e sacarose.; C: aminoácidos naturais.; D: aminoácidos essenciais.; E: ácidos graxos saturados.,1.18738,D,2014
48,"A liberação dos gases clorofluorcarbonos (CFCs) na atmosfera pode provocar depleção de ozônio (O3) na estratosfera. O ozônio estratosférico é responsável por absorver parte da radiação ultravioleta emitida pelo Sol, a qual é nociva aos seres vivos. Esse processo, na camada de ozônio, é ilustrado simplificadamente na figura. Quimicamente, a destruição do ozônio na atmosfera por gases CFCs é decorrência da","A: clivagem da molécula de ozônio pelos CFCs para produzir espécies radicalares.; B: produção de oxigênio molecular a partir de ozônio, catalisada por átomos de cloro.; C: oxidação do monóxido de cloro por átomos de oxigênio para produzir átomos de cloro.; D: reação direta entre os CFCs e o ozônio para produzir oxigênio molecular e monóxido de cloro.; E: reação de substituição de um dos átomos de oxigênio na molécula de ozônio por átomos de cloro.",2.04165,B,2014
49,"O potencial brasileiro para transformar lixo em energia permanece subutilizado — apenas pequena parte dos resíduos brasileiros é utilizada para gerar energia. Contudo, bons exemplos são os aterros sanitários, que utilizam a principal fonte de energia ali produzida. Alguns aterros vendem créditos de carbono com base no Mecanismo de Desenvolvimento Limpo (MDL), do Protocolo de Kyoto. Essa fonte de energia subutilizada, citada no texto, é o","A: etanol, obtido a partir da decomposição da matéria orgânica por bactérias.; B: gás natural, formado pela ação de fungos decompositores da matéria orgânica.; C: óleo de xisto, obtido pela decomposição da matéria orgânica pelas bactérias anaeróbias.; D: gás metano, obtido pela atividade de bactérias anaeróbias na decomposição da matéria orgânica.; E: gás liquefeito de petróleo, obtido pela decomposição de vegetais presentes nos restos de comida.",0.51719,D,2014
50,"É comum aos fotógrafos tirar fotos coloridas em ambientes iluminados por lâmpadas fluorescentes, que contêm uma forte composição de luz verde. A consequência desse fato na fotografia é que todos os objetos claros, principalmente os brancos, aparecerão esverdeados. Para equilibrar as cores, deve-se usar um filtro adequado para diminuir a intensidade da luz verde que chega aos sensores da câmera fotográfica. Na escolha desse filtro, utiliza-se o conhecimento da composição das cores-luz primárias: vermelho, verde e azul; e das cores-luz secundárias: amarelo = vermelho + verde, ciano = verde + azul e magenta = vermelho + azul. Na situação descrita, qual deve ser o filtro utilizado para que a fotografia apresente as cores naturais dos objetos?",A: Ciano.; B: Verde.; C: Amarelo.; D: Magenta.; E: Vermelho.,2.1268,D,2014
52,"A talidomida é um sedativo leve e foi muito utilizado no tratamento de náuseas, comuns no início da gravidez. Quando foi lançada, era considerada segura para o uso de grávidas, sendo administrada como uma mistura racêmica composta pelos seus dois enantiômeros (R e S). Entretanto, não se sabia, na época, que o enantiômero S leva à malformação congênita, afetando principalmente o desenvolvimento normal dos braços e pernas do bebê. Essa malformação congênita ocorre porque esses enantiômeros",A: reagem entre si.; B: não podem ser separados.; C: não estão presentes em partes iguais.; D: interagem de maneira distinta com o organismo.; E: são estruturas com diferentes grupos funcionais.,0.78035,D,2014
54,"O biodiesel não é classificado como uma substância pura, mas como uma mistura de ésteres derivados dos ácidos graxos presentes em sua matéria-prima. As propriedades do biodiesel variam com a composição do óleo vegetal ou gordura animal que lhe deu origem, por exemplo, o teor de ésteres saturados é responsável pela maior estabilidade do biodiesel frente à oxidação, o que resulta em aumento da vida útil do biocombustível. O quadro ilustra o teor médio de ácidos graxos de algumas fontes oleaginosas. Qual das fontes oleaginosas apresentadas produziria um biodiesel de maior resistência à oxidação?",A: Milho.; B: Palma.; C: Canola.; D: Algodão.; E: Amendoim.,1.75228,B,2014
55,"Uma pessoa, lendo o manual de uma ducha que acabou de adquirir para a sua casa, observa o gráfico, que relaciona a vazão na ducha com a pressão, medida em metros de coluna de água (mca). Nessa casa residem quatro pessoas. Cada uma delas toma um banho por dia, com duração média de 8 minutos, permanecendo o registro aberto com vazão máxima durante esse tempo. A ducha é instalada em um ponto seis metros abaixo do nível da lâmina de água, que se mantém constante dentro do reservatório. Ao final de 30 dias, esses banhos consumirão um volume de água, em litros, igual a",A: 69 120.; B: 17 280.; C: 11 520.; D: 8 640.; E: 2 880.,0.95877,C,2014
56,"Diesel é uma mistura de hidrocarbonetos que também apresenta enxofre em sua composição. Esse enxofre é um componente indesejável, pois o trióxido de enxofre gerado é um dos grandes causadores da chuva ácida. Nos anos 1980, não havia regulamentação e era utilizado óleo diesel com 13 000 ppm de enxofre. Em 2009, o diesel passou a ter 1 800 ppm de enxofre (S1800) e, em seguida, foi inserido no mercado o diesel S500 (500 ppm). Em 2012, foi difundido o diesel S50, com 50 ppm de enxofre em sua composição. Atualmente, é produzido um diesel com teores de enxofre ainda menores. A substituição do diesel usado nos anos 1980 por aquele difundido em 2012 permitiu uma redução percentual de emissão de SO3 de","A: 86,2%.; B: 96,2%.; C: 97,2%.; D: 99,6%.; E: 99,9%.",0.97713,D,2014
57,"Um sistema de iluminação foi construído com um circuito de três lâmpadas iguais conectadas a um gerador (G) de tensão constante. Esse gerador possui uma chave que pode ser ligada nas posições A ou B. Considerando o funcionamento do circuito dado, a lâmpada 1 brilhará mais quando a chave estiver na posição","A: B, pois a corrente será maior nesse caso.; B: B, pois a potência total será maior nesse caso.; C: A, pois a resistência equivalente será menor nesse caso.; D: B, pois o gerador fornecerá uma maior tensão nesse caso.; E: A, pois a potência dissipada pelo gerador será menor nesse caso.",1.58493,C,2014
58,"A capacidade de limpeza e a eficiência de um sabão dependem de sua propriedade de formar micelas estáveis, que arrastam com facilidade as moléculas impregnadas no material a ser limpo. Tais micelas têm em sua estrutura partes capazes de interagir com substâncias polares, como a água, e partes que podem interagir com substâncias apolares, como as gorduras e os óleos. A substância capaz de formar as estruturas mencionadas é",A C18H36.; B C17H33COONa.; C: CH3 CH2 COONa.; D: CH3 CH2 CH2 COOH.; E: CH3 CH2 CH2 CH2 OCH2 CH2 CH2 CH3.,1.96591,B,2014
59,"A revelação das chapas de raios X gera uma solução que contém íons prata na forma de Ag(S2O3)23−. Para evitar a descarga desse metal no ambiente, a recuperação de prata metálica pode ser feita tratando eletroquimicamente essa solução com uma espécie adequada. O quadro apresenta semirreações de redução de alguns íons metálicos. Das espécies apresentadas, a adequada para essa recuperação é",A: Cu (s).; B: Pt (s).; C: Al3+ (aq).; D: Sn (s).; E: Zn2+ (aq).,2.34787,D,2014
60,"Existem bactérias que inibem o crescimento de um fungo causador de doenças no tomateiro, por consumirem o ferro disponível no meio. As bactérias também fazem fixação de nitrogênio, disponibilizam cálcio e produzem auxinas, substâncias que estimulam diretamente o crescimento do tomateiro. Qual dos processos biológicos mencionados indica uma relação ecológica de competição?",A: Fixação de nitrogênio para o tomateiro.; B: Disponibilização de cálcio para o tomateiro.; C: Diminuição da quantidade de ferro disponível para o fungo.; D: Liberação de substâncias que inibem o crescimento do fungo.; E: Liberação de auxinas que estimulam o crescimento do tomateiro.,0.66203,C,2014
61,"Uma região de Cerrado possui lençol freático profundo, estação seca bem marcada, grande insolação e recorrência de incêndios naturais. Cinco espécies de árvores nativas, com as características apresentadas no quadro, foram avaliadas quanto ao seu potencial para uso em projetos de reflorestamento nessa região. Qual é a árvore adequada para o reflorestamento dessa região?",A: 1; B: 2; C: 3; D: 4; E: 5,2.97259,B,2014
62,"Um sistema de pistão contendo um gás é mostrado na figura. Sobre a extremidade superior do êmbolo, que pode movimentar-se livremente sem atrito, encontra-se um objeto. Através de uma chapa de aquecimento é possível fornecer calor ao gás e, com auxílio de um manômetro, medir sua pressão. A partir de diferentes valores de calor fornecido, considerando o sistema como hermético, o objeto elevou-se em valores Δh, como mostrado no gráfico. Foram estudadas, separadamente, quantidades equimolares de dois diferentes gases, denominados M e V. A diferença no comportamento dos gases no experimento decorre do fato de o gás M, em relação ao V, apresentar",A: maior pressão de vapor.; B: menor massa molecular.; C: maior compressibilidade.; D: menor energia de ativação.; E: menor capacidade calorífica.,2.8549,E,2014
63,"A aplicação excessiva de fertilizantes nitrogenados na agricultura pode acarretar alterações no solo e na água pelo acúmulo de compostos nitrogenados, principalmente a forma mais oxidada, favorecendo a proliferação de algas e plantas aquáticas e alterando o ciclo do nitrogênio, representado no esquema. A espécie nitrogenada mais oxidada tem sua quantidade controlada por ação de microrganismos que promovem a reação de redução dessa espécie, no processo denominado desnitrificação. O processo citado está representado na etapa",A: I.; B: II.; C: III.; D: IV.; E: V.,1.62363,E,2014
64,"O pêndulo de Newton pode ser constituído por cinco pêndulos idênticos suspensos em um mesmo suporte. Em um dado instante, as esferas de três pêndulos são deslocadas para a esquerda e liberadas, deslocando-se para a direita e colidindo elasticamente com as outras duas esferas, que inicialmente estavam paradas. O movimento dos pêndulos após a primeira colisão está representado em:",A; B; C; D; E,2.10244,C,2014
65,"A forma das moléculas, como representadas no papel, nem sempre é planar. Em um determinado fármaco, a molécula contendo um grupo não planar é biologicamente ativa, enquanto moléculas contendo substituintes planares são inativas. O grupo responsável pela bioatividade desse fármaco é",A; B; C; D; E,2.36697,A,2014
66,"A elevação da temperatura das águas de rios, lagos e mares diminui a solubilidade do oxigênio, pondo em risco as diversas formas de vida aquática que dependem desse gás. Se essa elevação de temperatura acontece por meios artificiais, dizemos que existe poluição térmica. As usinas nucleares, pela própria natureza do processo de geração de energia, podem causar esse tipo de poluição. Que parte do ciclo de geração de energia das usinas nucleares está associada a esse tipo de poluição?",A: Fissão do material radioativo.; B: Condensação do vapor-d’água no final do processo.; C: Conversão de energia das turbinas pelos geradores.; D: Aquecimento da água líquida para gerar vapor-d’água.; E: Lançamento do vapor-d’água sobre as pás das turbinas.,2.25004,B,2014
67,"Para entender os movimentos dos corpos, Galileu discutiu o movimento de uma esfera de metal em dois planos inclinados sem atritos e com a possibilidade de se alterarem os ângulos de inclinação, conforme mostra a figura. Na descrição do experimento, quando a esfera de metal é abandonada para descer um plano inclinado de um determinado nível, ela sempre atinge, no plano ascendente, no máximo, um nível igual àquele em que foi abandonada. Se o ângulo de inclinação do plano de subida for reduzido a zero, a esfera","A: manterá sua velocidade constante, pois o impulso resultante sobre ela será nulo.; B: manterá sua velocidade constante, pois o impulso da descida continuará a empurrá-la.; C: diminuirá gradativamente a sua velocidade, pois não haverá mais impulso para empurrá-la.; D: diminuirá gradativamente a sua velocidade, pois o impulso resultante será contrário ao seu movimento.; E: aumentará gradativamente a sua velocidade, pois não haverá nenhum impulso contrário ao seu movimento.",1.75351,A,2014
68,"Uma proposta de dispositivo capaz de indicar a qualidade da gasolina vendida em postos e, consequentemente, evitar fraudes, poderia utilizar o conceito de refração luminosa. Nesse sentido, a gasolina não adulterada, na temperaturaambiente, apresenta razão entre os senos dos raios incidente e refratado igual a 1,4. Desse modo, fazendo incidir o feixe de luz proveniente do ar com um ângulo fixo e maior que zero, qualquer modificação no ângulo do feixe refratado indicará adulteração no combustível. Em uma fiscalização rotineira, o teste apresentou o valor de 1,9. Qual foi o comportamento do raio refratado?",A: Mudou de sentido.; B: Sofreu reflexão total.; C: Atingiu o valor do ângulo limite.; D: Direcionou-se para a superfície de separação.; E: Aproximou-se da normal à superfície de separação.,1.25817,E,2014
69,"Em um laboratório de genética experimental, observou-se que determinada bactéria continha um gene que conferia resistência a pragas específicas de plantas. Em vista disso, os pesquisadores procederam de acordo com a figura. Do ponto de vista biotecnológico, como a planta representada na figura é classificada?",A: Clone.; B: Híbrida.; C: Mutante.; D: Adaptada.; E: Transgênica.,0.55299,E,2014
70,"Visando minimizar impactos ambientais, a legislação brasileira determina que resíduos químicos lançados diretamente no corpo receptor tenham pH entre 5,0 e 9,0. Um resíduo líquido aquoso gerado em um processo industrial tem concentração de íons hidroxila igual a 1,0 × 10−10 mol/L. Para atender a legislação, um químico separou as seguintes substâncias, disponibilizadas no almoxarifado da empresa: CH3COOH, Na2SO4, CH3OH,K2CO3 e NH4Cl. Para que o resíduo possa ser lançado diretamente no corpo receptor, qual substância poderia ser empregada no ajuste do pH?",A: CH3COOH; B: Na2SO4; C: CH3OH; D: K2CO3; E: NH4Cl,2.22099,D,2014
71,"Parte do gás carbônico da atmosfera é absorvida pela água do mar. O esquema representa reações que ocorrem naturalmente, em equilíbrio, no sistema ambiental marinho. O excesso de dióxido de carbono na atmosfera pode afetar os recifes de corais. O resultado desse processo nos corais é o(a)","A: seu branqueamento, levando à sua morte e extinção.; B: excesso de fixação de cálcio, provocando calcificação indesejável.; C: menor incorporação de carbono, afetando seu metabolismo energético.; D: estímulo da atividade enzimática, evitando a descalcificação dos esqueletos.; E: dano à estrutura dos esqueletos calcários, diminuindo o tamanho das populações.",1.06465,E,2014
72,"O funcionamento dos geradores de usinas elétricas baseia-se no fenômeno da indução eletromagnética, descoberto por Michael Faraday no século XIX. Pode-se observar esse fenômeno ao se movimentar um ímã e uma espira em sentidos opostos com módulo da velocidade igual a v, induzindo uma corrente elétrica de intensidade i, como ilustrado na figura. A fim de se obter uma corrente com o mesmo sentido da apresentada na figura, utilizando os mesmos materiais, outra possibilidade é mover a espira para a",A: esquerda e o ímã para a direita com polaridade invertida.; B: direita e o ímã para a esquerda com polaridade invertida.; C: esquerda e o ímã para a esquerda com mesma polaridade.; D: direita e manter o ímã em repouso com polaridade invertida.; E: esquerda e manter o ímã em repouso com mesma polaridade.,1.38241,A,2014
73,"Segundo a teoria evolutiva mais aceita hoje, as mitocôndrias, organelas celulares responsáveis pela produção de ATP em células eucariotas, assim como os cloroplastos, teriam sido originados de procariontes ancestrais que foram incorporados por células mais complexas. Uma característica da mitocôndria que sustenta essa teoria é a",A: capacidade de produzir moléculas de ATP.; B: presença de parede celular semelhante à de procariontes.; C: presença de membranas envolvendo e separando a matriz mitocondrial do citoplasma.; D: capacidade de autoduplicação dada por DNA circular próprio semelhante ao bacteriano.; E: presença de um sistema enzimático eficiente às reações químicas do metabolismo aeróbio.,1.53304,D,2014
74,"No heredograma, os símbolos preenchidos representam pessoas portadoras de um tipo raro de doença genética. Os homens são representados pelos quadrados e as mulheres, pelos círculos. Qual é o padrão de herança observado para essa doença?","A: Dominante autossômico, pois a doença aparece em ambos os sexos.; B: Recessivo ligado ao sexo, pois não ocorre a transmissão do pai para os filhos.; C: Recessivo ligado ao Y, pois a doença é transmitida dos pais heterozigotos para os filhos.; D: Dominante ligado ao sexo, pois todas as filhas de homens afetados também apresentam a doença.; E: Codominante autossômico, pois a doença é herdada pelos filhos de ambos os sexos, tanto do pai quanto da mãe.",1.48152,D,2014
75,"Um pesquisador percebe que o rótulo de um dos vidros em que guarda um concentrado de enzimas digestivas está ilegível. Ele não sabe qual enzima o vidro contém, mas desconfia de que seja uma protease gástrica, que age no estômago digerindo proteínas. Sabendo que a digestão no estômago é ácida e no intestino é básica, ele monta cinco tubos de ensaio com alimentos diferentes, adiciona o concentrado de enzimas em soluções com pH determinado e aguarda para ver se a enzima age em algum deles. O tubo de ensaio em que a enzima deve agir para indicar que a hipótese do pesquisador está correta é aquele que contém",A: cubo de batata em solução com pH = 9.; B: pedaço de carne em solução com pH = 5.; C: clara de ovo cozida em solução com pH = 9.; D: porção de macarrão em solução com pH = 5.; E: bolinha de manteiga em solução com pH = 9.,0.84758,B,2014
76,"Alguns sistemas de segurança incluem detectores de movimento. Nesses sensores, existe uma substância que se polariza na presença de radiação eletromagnética de certa região de frequência, gerando uma tensão que pode ser amplificada e empregada para efeito de controle. Quando uma pessoa se aproxima do sistema, a radiação emitida por seu corpo é detectada por esse tipo de sensor. A radiação captada por esse detector encontra-se na região de frequência",A: da luz visível.; B: do ultravioleta.; C: do infravermelho.; D: das micro-ondas.; E: das ondas longas de rádio.,0.312,C,2014
77,"O estudo de compostos orgânicos permite aos analistas definir propriedades físicas e químicas responsáveis pelas características de cada substância descoberta. Um laboratório investiga moléculas quirais cuja cadeia carbônica seja insaturada, heterogênea e ramificada. A fórmula que se enquadra nas características da molécula investigada é",A: CH3–(CH)2–CH(OH)–CO–NH–CH3.; B: CH3–(CH)2–CH(CH3)–CO–NH–CH3.; C: CH3–(CH)2–CH(CH3)–CO–NH2. ; D: CH3–CH2–CH(CH3)–CO–NH–CH3.; E: C6H5–CH2–CO–NH–CH3.,1.97033,B,2014
78,"Com o objetivo de substituir as sacolas de polietileno, alguns supermercados têm utilizado um novo tipo de plástico ecológico, que apresenta em sua composição amido de milho e uma resina polimérica termoplástica, obtida a partir de uma fonte petroquímica. Nesses plásticos, a fragmentação da resina polimérica é facilitada porque os carboidratos presentes",A: dissolvem-se na água.; B: absorvem água com facilidade.; C: caramelizam por aquecimento e quebram.; D: são digeridos por organismos decompositores.; E: decompõem-se espontaneamente em contato com água e gás carbônico.,0.87414,D,2014
79,"Em um hospital havia cinco lotes de bolsas de sangue, rotulados com os códigos I, II, III, IV e V. Cada lote continha apenas um tipo sanguíneo não identificado. Uma funcionária do hospital resolveu fazer a identificação utilizando dois tipos de soro, anti-A e anti-B. Os resultados obtidos estão descritos no quadro. Quantos litros de sangue eram do grupo sanguíneo do tipo A?",A: 15; B: 25; C: 30; D: 33; E: 55,1.19448,B,2014
80,"O principal processo industrial utilizado na produção de fenol é a oxidação do cumeno (isopropilbenzeno). A equação mostra que esse processo envolve a formação do hidroperóxido de cumila, que em seguida é decomposto em fenol e acetona, ambos usados na indústria química como precursores de moléculas mais complexas. Após o processo de síntese, esses dois insumos devem ser separados para comercialização individual. Considerando as características físico-químicas dos dois insumos formados, o método utilizado para a separação da mistura, em escala industrial, é a",A: filtração.; B: ventilação.; C: decantação.; D: evaporação.; E: destilação fracionada.,0.57513,E,2014
81,"Os parasitoides (misto de parasitas e predadores) são insetos diminutos que têm hábitos muito peculiares: suas larvas podem se desenvolver dentro do corpo de outros organismos, como mostra a figura. A forma adulta se alimenta de pólen e açúcares. Em geral, cada parasitoide ataca hospedeiros de determinada espécie e, por isso, esses organismos vêm sendo amplamente usados para o controle biológico de pragas agrícolas. A forma larval do parasitoide assume qual papel nessa cadeia alimentar?","A: Consumidor primário, pois ataca diretamente uma espécie herbívora.; B: Consumidor secundário, pois se alimenta diretamente dos tecidos da lagarta.; C: Organismo heterótrofo de primeira ordem, pois se alimenta de pólen na fase adulta.; D: Organismo heterótrofo de segunda ordem, pois apresenta o maior nível energético na cadeia.; E: Decompositor, pois se alimenta de tecidos do interior do corpo da lagarta e a leva à morte.",0.9016,B,2014
82,"Um professor utiliza essa história em quadrinhos para discutir com os estudantes o movimento de satélites. Nesse sentido, pede a eles que analisem o movimento do coelhinho, considerando o módulo da velocidade constante. Desprezando a existência de forças dissipativas, o vetor aceleração tangencial do coelhinho, no terceiro quadrinho, é",A: nulo.; B: paralelo à sua velocidade linear e no mesmo sentido.; C: paralelo à sua velocidade linear e no sentido oposto.; D: perpendicular à sua velocidade linear e dirigido para o centro da Terra.; E: perpendicular à sua velocidade linear e dirigido para fora da superfície da Terra.,2.26688,A,2014
83,"A utilização de processos de biorremediação de resíduos gerados pela combustão incompleta de compostos orgânicos tem se tornado crescente, visando minimizar a poluição ambiental. Para a ocorrência de resíduos de naftaleno, algumas legislações limitam sua concentração em até 30 mg/kg para solo agrícola e 0,14 mg/L para água subterrânea. A quantificação desse resíduo foi realizada em diferentes ambientes, utilizando-se amostras de 500 g de solo e 100 mL de água, conforme apresentado no quadro. O ambiente que necessita de biorremediação é o(a)",A: solo I.; B: solo II.; C: água I.; D: água II.; E: água III.,1.07065,B,2014
84,"Ao sintonizarmos uma estação de rádio ou um canal de TV em um aparelho, estamos alterando algumas características elétricas de seu circuito receptor. Das inúmeras ondas eletromagnéticas que chegam simultaneamente ao receptor, somente aquelas que oscilam com determinada frequência resultarão em máxima absorção de energia. O fenômeno descrito é a",A: difração.; B: refração.; C: polarização.; D: interferência.; E: ressonância.,1.85878,E,2014
85,"Embora sejam produzidos e utilizados em situações distintas, os imunobiológicos I e II atuam de forma semelhante nos humanos e equinos, pois",A: conferem imunidade passiva.; B: transferem células de defesa.; C: suprimem a resposta imunológica.; D: estimulam a produção de anticorpos.; E: desencadeiam a produção de antígenos.,-0.05127,D,2014
86,"Grande quantidade dos maus odores do nosso dia a dia está relacionada a compostos alcalinos. Assim, em vários desses casos, pode-se utilizar o vinagre, que contém entre 3,5% e 5% de ácido acético, para diminuir ou eliminar o mau cheiro. Por exemplo, lavar as mãos com vinagre e depois enxaguá-las com água elimina o odor de peixe, já que a molécula de piridina (C5H5N) é uma das substâncias responsáveis pelo odor característico de peixe podre. A eficiência do uso do vinagre nesse caso se explica pela","A: sobreposição de odor, propiciada pelo cheiro característico do vinagre.; B: solubilidade da piridina, de caráter ácido, na solução ácida empregada.; C: inibição da proliferação das bactérias presentes, devido à ação do ácido acético.; D: degradação enzimática da molécula de piridina, acelerada pela presença de ácido acético.; E: reação de neutralização entre o ácido acético e a piridina, que resulta em compostos sem mau odor.",0.90174,E,2014
87,"Quando adolescente, as nossas tardes, após as aulas, consistiam em tomar às mãos o violão e o dicionário de acordes de Almir Chediak e desafi ar nosso amigo Hamilton a descobrir, apenas ouvindo o acorde, quais notas eram escolhidas. Sempre perdíamos a aposta, ele possui o ouvido absoluto. O ouvido absoluto é uma característica perceptual de poucos indivíduos capazes de identifi car notas isoladas sem outras referências, isto é, sem precisar relacioná-las com outras notas de uma melodia. No contexto apresentado, a propriedade física das ondas que permite essa distinção entre as notas é a",A: frequência.; B: intensidade.; C: forma da onda.; D: amplitude da onda.; E: velocidade de propagação.,0.80341,A,2014
88,"Grandes fontes de emissão do gás dióxido de enxofre são as indústrias de extração de cobre e níquel, em decorrência da oxidação dos minérios sulfurados. Para evitar a liberação desses óxidos na atmosfera e a consequente formação da chuva ácida, o gás pode ser lavado, em um processo conhecido como dessulfurização, conforme mostrado na equação (1). CaCO3 (s) + SO2 (g) → CaSO3 (s) + CO2 (g) (1) Por sua vez, o sulfito de cálcio formado pode ser oxidado, com o auxílio do ar atmosférico, para a obtenção do sulfato de cálcio, como mostrado na equação (2). Essa etapa é de grande interesse porque o produto da reação, popularmente conhecido como gesso, é utilizado para fins agrícolas. 2 CaSO3 (s) + O2 (g) → 2 CaSO4 (s) (2) As massas molares dos elementos carbono, oxigênio, enxofre e cálcio são iguais a 12 g/mol, 16 g/mol, 32 g/mol e 40 g/mol, respectivamente. Considerando um rendimento de 90% no processo, a massa de gesso obtida, em gramas, por mol de gás retido é mais próxima de",A: 64.; B: 108.; C: 122.; D: 136.; E: 245.,1.77915,C,2014
89,"Na década de 1990, células do cordão umbilical de recém-nascidos humanos começaram a ser guardadas por criopreservação, uma vez que apresentam alto potencial terapêutico em consequência de suas características peculiares. O poder terapêutico dessas células baseia-se em sua capacidade de",A: multiplicação lenta.; B: comunicação entre células.; C: adesão a diferentes tecidos.; D: diferenciação em células especializadas.; E: reconhecimento de células semelhantes.,1.3958,D,2014
90,"As lentes fotocromáticas escurecem quando expostas à luz solar por causa de reações químicas reversíveis entre uma espécie incolor e outra colorida. Diversas reações podem ser utilizadas, e a escolha do melhor reagente para esse fim se baseia em três principais aspectos: (i) o quanto escurece a lente; (ii) o tempo de escurecimento quando exposta à luz solar; e (iii) o tempo de esmaecimento em ambiente sem forte luz solar. A transmitância indica a razão entre a quantidade de luz que atravessa o meio e a quantidade de luz que incide sobre ele. Durante um teste de controle para o desenvolvimento de novas lentes fotocromáticas, foram analisadas cinco amostras, que utilizam reagentes químicos diferentes. No quadro, são apresentados os resultados. Considerando os três aspectos, qual é a melhor amostra de lente fotocromática para se utilizar em óculos?",A: 1; B: 2; C: 3; D: 4; E: 5,1.10564,C,2014
46,"Em uma flauta, as notas musicais possuem 
frequências e comprimentos de onda (λ) muito bem 
definidos. As figuras mostram esquematicamente 
um tubo de comprimento L, que representa de forma 
simplificada uma flauta, em que estão representados: 
em A o primeiro harmônico de uma nota musical 
(comprimento de onda λA), em B seu segundo harmônico 
(comprimento de onda λB) e em C o seu terceiro 
harmônico (comprimento de onda λC), onde λA > λB > λC.
L
A
B
C
Em função do comprimento do tubo, qual o comprimento 
de onda da oscilação que forma o próximo harmônico?",A: L; B: L; C: L; D: L; E: 6L,2.2825,C,2015
47,"Durante a aula, um professor apresentou uma 
pesquisa nacional que mostrava que o consumo de sódio 
pelos adolescentes brasileiros é superior ao determinado 
pela Organização Mundial da Saúde. O professor, então, 
destacou que esse hábito deve ser evitado.
A doença associada a esse hábito é a",A: obesidade.; B: osteoporose.; C: diabetes tipo II.; D: hipertensão arterial.; E: hipercolesterolemia.,0.11367,D,2015
48,"O cladograma representa, de forma simplificada, o 
processo evolutivo de diferentes grupos de vertebrados. 
Nesses organismos, o desenvolvimento de ovos 
protegidos por casca rígida (pergaminácea ou calcárea) 
possibilitou a conquista do ambiente terrestre.
O surgimento da característica mencionada está 
representado, no cladograma, pelo número",A: 1.; B: 2.; C: 3.; D: 4.; E: 5.,0.565,C,2015
49,"Um eletricista projeta um circuito com três lâmpadas 
incandescentes idênticas, conectadas conforme a figura. 
Deseja-se que uma delas fique sempre acesa, por isso é 
ligada diretamente aos polos da bateria, entre os quais se 
mantém uma tensão constante. As outras duas lâmpadas 
são conectadas em um fio separado, que contém uma 
chave. Com a chave aberta (desligada), a bateria fornece 
uma potência X.
2
Chave
Bateria
Assumindo que as lâmpadas obedeçam à Lei de Ohm, 
com a chave fechada, a potência fornecida pela bateria, 
em função de X, é:","A: 2
 X.; B: X.; C: 3
 X.; D: 2X.; E: 3X.",2.22439,C,2015
50,"O urânio é um elemento cujos átomos contêm 92 prótons, 
92 elétrons e entre 135 e 148 nêutrons. O isótopo de 
urânio 235U é utilizado como combustível em usinas 
nucleares, onde, ao ser bombardeado por nêutrons, sofre 
fissão de seu núcleo e libera uma grande quantidade 
de energia (2,35×1010 kJ/mol). O isótopo 235U ocorre 
naturalmente em minérios de urânio, com concentração 
de apenas 0,7%. Para ser utilizado na geração de 
energia nuclear, o minério é submetido a um processo 
de enriquecimento, visando aumentar a concentração do 
isótopo 235U para, aproximadamente, 3% nas pastilhas. 
Em décadas anteriores, houve um movimento mundial 
para aumentar a geração de energia nuclear buscando 
substituir, parcialmente, a geração de energia elétrica 
a partir da queima do carvão, o que diminui a emissão 
atmosférica de CO2 (gás com massa molar igual a 44 g/mol). 
A queima do carvão é representada pela equação química:
C (s) + O2 (g) → CO2 (g)       ∆H = −400 kJ/mol
Qual é a massa de CO2, em toneladas, que deixa de ser 
liberada na atmosfera, para cada 100 g de pastilhas de 
urânio enriquecido utilizadas em substituição ao carvão 
como fonte de energia?","A: 2,10; B: 7,70; C: 9,00; D: 33,0; E: 300",1.56282,D,2015
51,"O cobre presente nos fios elétricos e instrumentos 
musicais é obtido a partir da ustulação do minério 
calcosita (Cu2S). Durante esse processo, ocorre o 
aquecimento desse sulfeto na presença de oxigênio, de 
forma que o cobre fique “livre” e o enxofre se combine 
com o O2 produzindo SO2, conforme a equação química:
Cu2S (s) + O2 (g) ∆ 2 Cu (l) + SO2 (g)
As massas molares dos elementos Cu e S são, 
respectivamente, iguais a 63,5 g/mol e 32 g/mol.
CANTO, E. L. Minerais, minérios, metais: de onde vêm?, para onde vão? 
São Paulo: Moderna, 1996 (adaptado).
Considerando que se queira obter 16 mols do metal em 
uma reação cujo rendimento é de 80%, a   massa, em 
gramas, do minério necessária para obtenção do cobre 
é igual a",A: 955.; B: 1 018.; C: 1 590.; D: 2 035.; E: 3 180.,1.38225,C,2015
52,"Sais de amônio são sólidos iônicos com alto ponto de fusão, muito mais solúveis em água que as aminas 
originais e ligeiramente solúveis em solventes orgânicos apolares, sendo compostos convenientes para serem 
usados em xaropes e medicamentos injetáveis. Um exemplo é a efedrina, que funde a 79 °C, tem um odor 
desagradável e oxida na presença do ar atmosférico formando produtos indesejáveis. O cloridrato de efedrina funde a 
217 °C, não se oxida e é inodoro, sendo o ideal para compor os medicamentos.
OH
OH
CH
CH
NHCH
+NH2CH3
HCl
Cl
+
Cloridrato de efedrina
Efedrina
−
SOUTO, C. R. O.; DUARTE, H. C. Química da vida: aminas. Natal: EDUFRN, 2006.
De acordo com o texto, que propriedade química das aminas possibilita a formação de sais de amônio estáveis, 
facilitando a manipulação de princípios ativos?",A: Acidez.; B: Basicidade.; C: Solubilidade.; D: Volatilidade.; E: Aromaticidade.,1.70151,B,2015
53,"Além de ser uma prática ilegal, a adulteração de combustíveis é prejudicial ao meio ambiente, ao governo e, 
especialmente, ao consumidor final. Em geral, essa adulteração é feita utilizando compostos com propriedades físicas 
semelhantes às do combustível, mas de menor valor agregado.
Considerando um combustível com 20% de adulterante, a mistura em que a adulteração seria identificada visualmente é",A: etanol e água.; B: etanol e acetona.; C: gasolina e água.; D: gasolina e benzeno.; E: gasolina e querosene.,0.85743,C,2015
54,"Sabe-se que nas proximidades dos polos do planeta Terra é comum a formação dos icebergs, que são grandes 
blocos de gelo, flutuando nas águas oceânicas. Estudos mostram que a parte de gelo que fica emersa durante a 
flutuação corresponde a aproximadamente 10% do seu volume total. Um estudante resolveu simular essa situação 
introduzindo um bloquinho de gelo no interior de um recipiente contendo água, observando a variação de seu nível 
desde o instante de introdução até o completo derretimento do bloquinho.
Com base nessa simulação, verifica-se que o nível da água no recipiente","A: subirá com a introdução do bloquinho de gelo e, após o derretimento total do gelo, esse nível subirá ainda mais.; B: subirá com a introdução do bloquinho de gelo e, após o derretimento total do gelo, esse nível descerá, voltando 
ao seu valor inicial.; C: subirá com a introdução do bloquinho de gelo e, após o derretimento total do gelo, esse nível permanecerá 
sem alteração.; D: não sofrerá alteração com a introdução do bloquinho de gelo, porém, após seu derretimento, o nível subirá devido 
a um aumento em torno de 10% no volume de água.; E: subirá em torno de 90% do seu valor inicial com a introdução do bloquinho de gelo e, após seu derretimento, o 
nível descerá apenas 10% do valor inicial.",2.263,C,2015
55,"A rede elétrica de uma residência tem tensão de 
110 V e o morador compra, por engano, uma lâmpada 
incandescente com potência nominal de 100 W e tensão 
nominal de 220 V.
Se essa lâmpada for ligada na rede de 110 V, o que 
acontecerá?","A: A lâmpada brilhará normalmente, mas como a tensão 
é a metade da prevista, a corrente elétrica será o 
dobro da normal, pois a potência elétrica é o produto 
de tensão pela corrente.; B: A lâmpada não acenderá, pois ela é feita para trabalhar 
apenas com tensão de 220 V, e não funciona com 
tensão abaixo desta.; C: A lâmpada irá acender dissipando uma potência de 
50 W, pois como a tensão é metade da esperada, a 
potência também será reduzida à metade.; D: A lâmpada irá brilhar fracamente, pois com a metade 
da tensão nominal, a corrente elétrica também será 
menor e a potência dissipada será menos da metade 
da nominal.; E: A lâmpada queimará, pois como a tensão é menor do 
que a esperada, a corrente será maior, ultrapassando 
a corrente para a qual o filamento foi projetado.",1.9843,D,2015
56,"A obtenção de sistemas coloidais estáveis depende 
das interações entre as partículas dispersas e o meio 
onde se encontram. Em um sistema coloidal aquoso, 
cujas partículas são hidrofílicas, a adição de um solvente 
orgânico miscível em água, como etanol, desestabiliza 
o coloide, podendo ocorrer a agregação das partículas 
preliminarmente dispersas.
A desestabilização provocada pelo etanol ocorre porque","A: a polaridade da água no sistema coloidal é reduzida.; B: as cargas superficiais das partículas coloidais são 
diminuídas.; C: as camadas de solvatação de água nas partículas 
são diminuídas.; D: o processo de miscibilidade da água e do solvente 
libera calor para o meio.; E: a intensidade dos movimentos brownianos das 
partículas coloidais é reduzida.",2.00402,C,2015
57,"Dentre outras características, uma determinada 
vegetação apresenta folhas durante três a quatro meses 
ao ano, com limbo reduzido, mecanismo rápido de 
abertura e fechamento dos estômatos e caule suculento. 
Essas são algumas características adaptativas das 
plantas ao bioma onde se encontram.
Que fator ambiental é o responsável pela ocorrência 
dessas características adaptativas?",A: Escassez de nutrientes no solo.; B: Estratificação da vegetação.; C: Elevada insolação.; D: Baixo pH do solo.; E: Escassez de água.,0.77875,E,2015
58,"O avanço tecnológico da medicina propicia o 
desenvolvimento de tratamento para diversas doenças, 
como as relacionadas à visão. As correções que utilizam 
laser para o tratamento da miopia são consideradas 
seguras até 12 dioptrias, dependendo da espessura e 
curvatura da córnea. Para valores de dioptria superiores a 
esse, o implante de lentes intraoculares é mais indicado. 
Essas lentes, conhecidas como lentes fácicas (LF), são 
implantadas junto à córnea, antecedendo o cristalino (C), 
sem que esse precise ser removido, formando a imagem 
correta sobre a retina (R).
O comportamento de um feixe de luz incidindo no olho 
que possui um implante de lentes fácicas para correção 
do problema de visão apresentado é esquematizado por",A: LF     C               R; B: LF     C               R; C: LF     C               R; D: LF     C               R; E: LF     C               R,1.82358,B,2015
59,"O papel tem na celulose sua matéria-prima, e uma das etapas de sua produção é o branqueamento, que visa 
remover a lignina da celulose. Diferentes processos de branqueamento usam, por exemplo, cloro (Cl2), hipoclorito 
de sódio (NaClO), oxigênio (O2), ozônio (O3) ou peróxido de hidrogênio (H2O2). Alguns processos de branqueamento 
levam à formação de compostos organoclorados. São apresentadas as estruturas de um fragmento da lignina e do 
tetracloroguaiacol, um dos organoclorados formados no processo de branqueamento.
CH O
CH O
CH O
Fragmento da Lignina
CHOH
CH
CH
CH
O
CHOH
CH
CH
CH
CH
CH
CH OH
CH OH
CH
CH OH
CH OH
OCH
OCH
OCH
OCH
OCH
2
2
3
O
O
O
O
O
OH
CI
CI
CI
CI
OCH
Tetracloroguaiacol
SANTOS, C. P. et al. Papel: como se fabrica? Química Nova na Escola, n. 14, 2001 (adaptado).
Os reagentes capazes de levar à formação de organoclorados no processo citado são",A: O2 e O3.; B: Cl2 e O2.; C: H2O2 e Cl2.; D: NaClO e O3.; E: NaClO e Cl2.,2.6728,E,2015
60,"A remoção de petróleo derramado em ecossistemas 
marinhos é complexa e muitas vezes envolve a adição de 
mais sustâncias ao ambiente. Para facilitar o processo de 
recuperação dessas áreas, pesquisadores têm estudado 
a bioquímica de bactérias encontradas em locais sujeitos 
a esse tipo de impacto. Eles verificaram que algumas 
dessas espécies utilizam as moléculas de hidrocarbonetos 
como fonte energética, atuando como biorremediadores, 
removendo o óleo do ambiente.
KREPSKY, N.; SILVA SOBRINHO, F.; CRAPEZ, M. A. C. 
Ciência Hoje, n. 223, jan.-fev. 2006 (adaptado).
Para serem eficientes no processo de biorremediação 
citado, as espécies escolhidas devem possuir","A: células flageladas, que capturem as partículas de 
óleo presentes na água.; B: altas taxas de mutação, para se adaptarem ao 
ambiente impactado pelo óleo.; C: enzimas, que catalisem reações de quebra das 
moléculas constituintes do óleo.; D: parede celular espessa, que impossibilite que as 
bactérias se contaminem com o óleo.; E: capacidade de fotossíntese, que possibilite a liberação 
de oxigênio para a renovação do ambiente poluído.",0.66067,C,2015
61,"Os calcários são materiais compostos por carbonato 
de cálcio, que podem atuar como sorventes do dióxido 
de enxofre (SO2), um importante poluente atmosférico. 
As reações envolvidas no processo são a ativação do 
calcário, por meio de calcinação, e a fixação do SO2 com 
a formação de um sal de cálcio, como ilustrado pelas 
equações químicas simplificadas.
CaCO3 
calor  CaO + CO2
CaO + SO2 + 1
2  O2 
 Sal de cálcio
Considerando-se as reações envolvidas nesse processo 
de dessulfurização, a fórmula química do sal de cálcio 
corresponde a",A: CaSO3.; B: CaSO4.; C: CaS2O8.; D: CaSO2.; E: CaS2O7.,0.55445,B,2015
62,"Uma enzima foi retirada de um dos órgãos do sistema 
digestório de um cachorro e, após ser purificada, foi 
diluída em solução fisiológica e distribuída em três tubos 
de ensaio com os seguintes conteúdos:
•	 Tubo 1: carne
•	 Tubo 2: macarrão
•	 Tubo 3: banha
Em todos os tubos foi adicionado ácido clorídrico (HCl), 
e o pH da solução baixou para um valor próximo a 2. Além 
disso, os tubos foram mantidos por duas horas a uma 
temperatura de 37 °C. A digestão do alimento ocorreu 
somente no tubo 1.
De qual órgão do cachorro a enzima foi retirada?",A: Fígado.; B: Pâncreas.; C: Estômago.; D: Vesícula biliar.; E: Intestino delgado.,1.37491,C,2015
63,"Observações astronômicas indicam que no centro 
de nossa galáxia, a Via Láctea, provavelmente exista um 
buraco negro cuja massa é igual a milhares de vezes a 
massa do Sol. Uma técnica simples para estimar a massa 
desse buraco negro consiste em observar algum objeto 
que orbite ao seu redor e medir o período de uma rotação 
completa, T, bem como o raio médio, R, da órbita do objeto, 
que supostamente se desloca, com boa aproximação, em 
movimento circular uniforme. Nessa situação, considere 
que a força resultante, devido ao movimento circular, é 
igual, em magnitude, à força gravitacional que o buraco 
negro exerce sobre o objeto.
A partir do conhecimento do período de rotação, da 
distância média e da constante gravitacional, G, a massa 
do buraco negro é","A: 4p2R 2
GT 
.; B: p2R 3
2GT 
.; C: 2p2R 3
GT 
.; D: 4p2R 3
GT 
.; E: p2R 5
GT 
.",1.74175,D,2015
64,"As superbactérias respondem por um número crescente de infecções e mortes em todo o mundo. O termo 
superbactérias é atribuído às bactérias que apresentam resistência a praticamente todos os antibióticos. Dessa forma, 
no organismo de um paciente, a população de uma espécie bacteriana patogênica pode ser constituída principalmente 
por bactérias sensíveis a antibióticos usuais e por um número reduzido de superbactérias que, por mutação ou 
intercâmbio de material genético, tornaram-se resistentes aos antibióticos existentes.
FERREIRA, F. A.; CRUZ, R. S.; FIGUEIREDO, A. M. S. Superbactérias: o problema mundial da resistência a antibióticos. Ciência Hoje, n. 287, nov. 2011 (adaptado).
Qual figura representa o comportamento populacional das bactérias ao longo de uma semana de tratamento 
com um antibiótico comum?","A: 1      2      3      4     5      6      7
Dias de tratamento
Densidade populacional
I
II
I - Bactérias sensíveis ao antibiótico
II -  Bactérias resistentes ao antibiótico; B: 1      2      3      4     5      6      7
I
II
Dias de tratamento
Densidade populacional
I - Bactérias sensíveis ao antibiótico
II -  Bactérias resistentes ao antibiótico; C: 1      2      3      4     5      6      7
I
II
Dias de tratamento
Densidade populacional
I - Bactérias sensíveis ao antibiótico
II -  Bactérias resistentes ao antibiótico; D: 1      2      3      4     5      6      7
I
II
Dias de tratamento
Densidade populacional
I - Bactérias sensíveis ao antibiótico
II -  Bactérias resistentes ao antibiótico; E: 1      2      3      4     5      6      7
I
II
Dias de tratamento
Densidade populacional
I - Bactérias sensíveis ao antibiótico
II -  Bactérias resistentes ao antibiótico",0.80753,B,2015
65,"Em altos-fornos siderúrgicos, as temperaturas acima 
de 600 °C são mensuradas por meio de pirômetros óticos. 
Esses dispositivos apresentam a vantagem de medir a 
temperatura de um objeto aquecido sem necessidade 
de contato. Dentro de um pirômetro ótico, um filamento 
metálico é aquecido pela passagem de corrente elétrica 
até que sua cor seja a mesma que a do objeto aquecido 
em observação. Nessa condição, a temperatura 
conhecida do filamento é idêntica à do objeto aquecido 
em observação.
Disponível em: www.if.usp.br. Acesso em: 4 ago. 2012 (adaptado).
A propriedade da radiação eletromagnética avaliada 
nesse processo é a",A: amplitude.; B: coerência.; C: frequência.; D: intensidade.; E: velocidade.,1.79646,C,2015
66,"A 
fenilcetonúria 
é 
uma 
doença 
hereditária 
autossômica recessiva, associada à mutação do 
gene PAH, que limita a metabolização do aminoácido 
fenilalanina. Por isso, é obrigatório, por lei, que 
as embalagens de alimentos, como refrigerantes 
dietéticos, informem a presença de fenilalanina em sua 
composição. Uma mulher portadora de mutação para 
o gene PAH tem três filhos normais, com um homem 
normal, cujo pai sofria de fenilcetonúria, devido à 
mesma mutação no gene PAH encontrada em um dos 
alelos da mulher.
Qual a probabilidade de a quarta criança gerada por 
esses pais apresentar fenilcetonúria?","A: 0%; B: 12,5%; C: 25%; D: 50%; E: 75%",2.54187,C,2015
67,"Num sistema de freio convencional, as rodas do 
carro travam e os pneus derrapam no solo, caso a força 
exercida sobre o pedal seja muito intensa. O sistema 
ABS evita o travamento das rodas, mantendo a força de 
atrito no seu valor estático máximo, sem derrapagem. 
O coeficiente de atrito estático da borracha em contato 
com o concreto vale µe = 1,0 e o coeficiente de atrito 
cinético para o mesmo par de materiais é µc = 0,75. Dois 
carros, com velocidades iniciais iguais a 108 km/h, iniciam 
a frenagem numa estrada perfeitamente horizontal de 
concreto no mesmo ponto. O carro 1 tem sistema ABS e 
utiliza a força de atrito estática máxima para a frenagem; 
já o carro 2 trava as rodas, de maneira que a força de 
atrito efetiva é a cinética. Considere g = 10 m/s2.
As distâncias, medidas a partir do ponto em que iniciam 
a frenagem, que os carros 1 (d1) e 2 (d2) percorrem até 
parar são, respectivamente,","A: d1 = 45 m e d2 = 60 m.; B: d1 = 60 m e d2 = 45 m.; C: d1 = 90 m e d2 = 120 m.; D: d1 = 5,8×102 m e d2 = 7,8×102 m.; E: d1 = 7,8×102 m e d2 = 5,8×102 m.",1.56301,A,2015
68,"Cinco indústrias de ramos diferentes foram instaladas 
ao longo do curso de um rio. O descarte dos efluentes 
dessas indústrias acarreta impacto na qualidade de suas 
águas. O pH foi determinado em diferentes pontos desse 
rio, a 25 °C, e os resultados são apresentados no quadro.
Pontos de coleta
Valor do pH
Antes da primeira indústria
5,5
Entre a primeira e a segunda indústria
5,5
Entre a segunda e a terceira indústria
7,5
Entre a terceira e a quarta indústria
7,0
Entre a quarta e a quinta indústria
7,0
Após a quinta indústria
6,5
A indústria que descarta um efluente com características 
básicas é a",A: primeira.; B: segunda.; C: terceira.; D: quarta.; E: quinta.,1.20478,B,2015
69,"O poli(ácido lático) ou PLA é um material de interesse tecnológico por ser um polímero biodegradável e bioabsorvível. 
O ácido lático, um metabólito comum no organismo humano, é a matéria-prima para produção do PLA, de acordo com 
a equação química simplificada:
Ácido d/l-lático
100 ≤ n ≤ 10 000
polimerização
HO
HO
HO
O
O
O
HO
O
CH
CH
CH
CH
O
O
n
Que tipo de polímero de condensação é formado nessa reação?",A: Poliéster.; B: Polivinila.; C: Poliamida.; D: Poliuretana.; E: Policarbonato.,1.17204,A,2015
70,"O alumínio é um metal bastante versátil, pois, a partir dele, podem-se confeccionar materiais amplamente utilizados 
pela sociedade. A obtenção do alumínio ocorre a partir da bauxita, que é purificada e dissolvida em criolita fundida 
(Na3AlF6) e eletrolisada a cerca de 1 000 °C. Há liberação do gás dióxido de carbono (CO2), formado a partir da reação 
de um dos produtos da eletrólise com o material presente nos eletrodos. O ânodo é formado por barras de grafita 
submergidas na mistura fundida. O cátodo é uma caixa de ferro coberta de grafita. A reação global do processo é:
2 Al2O3 (l) + 3 C (s) → 4 Al (l) + 3 CO2 (g)
Na etapa de obtenção do alumínio líquido, as reações que ocorrem no cátodo e ânodo são:","A: cátodo: Al3+ + 3 e− → Al
ânodo 2 O2− → O2 + 4 e−; C: + O2 → CO2; B: cátodo 2 O2− → O2 + 4 e−; C: + O2 → CO2
ânodo: Al3+ + 3 e− → Al; C: cátodo Al3+ + 3 e− → Al
2 O2− → O2 + 4 e−
ânodo: C + O2 → CO2; D: cátodo Al3+ + 3 e− → Al; C: + O2 → CO2
ânodo: 2 O2− → O2 + 4 e−; E: cátodo: 2 O2− → O2 + 4 e−
ânodo
Al3+ + 3 e− → Al; C: + O2 → CO2",2.11971,A,2015
71,"O quadro apresenta a composição do petróleo.
Fração
Faixa de tamanho 
das moléculas
Faixa de ponto de 
ebulição (°C)
Usos
Gás
C1 a C5
−160 a 30
combustíveis gasosos
Gasolina
C5 a C12
30 a 200
combustível de motor
Querosene
C12 a C18
180 a 400
diesel e combustível de alto-forno
Lubrificantes
maior que C16
maior que 350
lubrificantes
Parafinas
maior que C20
sólidos de baixa fusão
velas e fósforos
Asfalto
maior que C30
resíduos pastosos
pavimentação
BROWN, T. L. et al. Química: a ciência central. São Paulo: Person Prentice Hall, 2005.
Para a separação dos constituintes com o objetivo de produzir a gasolina, o método a ser utilizado é a",A: filtração.; B: destilação.; C: decantação.; D: precipitação.; E: centrifugação.,0.6933,B,2015
72,"Um gel vaginal poderá ser um recurso para as mulheres na prevenção contra a aids. Esse produto tem como 
princípio ativo um composto que inibe a transcriptase reversa viral.
Essa ação inibidora é importante, pois a referida enzima","A: corta a dupla hélice do DNA, produzindo um molde para o RNA viral.; B: produz moléculas de DNA viral que vão infectar células sadias.; C: polimeriza molécula de DNA, tendo como molde o RNA viral.; D: promove a entrada do vírus da aids nos linfócitos T.; E: sintetiza os nucleotídeos que compõem o DNA viral.",1.82821,C,2015
73,"O Nylon® é um polímero (uma poliamida) obtido pela reação do ácido adípico com a hexametilenodiamina, como 
indicado no esquema reacional.
O
O
HO
HO
N
N
H
H
O
O
(
)
(
)
(
)
(
)
4
+
+
H N
NH
n
n
ácido hexanodioico
(ácido adípico)
1,6-diamino-hexano
(hexametilenodiamina)
Nylon 6,6
H2O
Na época da invenção desse composto, foi proposta uma nomenclatura comercial, baseada no número de átomos 
de carbono do diácido carboxílico, seguido do número de carbonos da diamina.
De acordo com as informações do texto, o nome comercial de uma poliamida resultante da reação do ácido butanodioico 
com o 1,2-diamino-etano é","A: Nylon 4,3.; B: Nylon 6,2.; C: Nylon 3,4.; D: Nylon 4,2.; E: Nylon 2,6.",1.0304,D,2015
74,"O vinagre vem sendo usado desde a Antiguidade 
como conservante de alimentos, bem como agente de 
limpeza e condimento. Um dos principais componentes 
do vinagre é o ácido acético (massa molar  60 g/mol), cuja 
faixa de concentração deve se situar entre 4% a 6% (m/v). 
Em um teste de controle de qualidade foram analisadas 
cinco marcas de diferentes vinagres, e as concentrações 
de ácido acético, em mol/L, se encontram no quadro.
Amostra
Concentração de ácido acético (mol/L)
0,007
0,070
0,150
0,400
0,700
RIZZON, L. A. Sistema de produção de vinagre.
Disponível em: www.sistemasdeproducao.cnptia.embrapa.br. 
 Acesso em: 14 ago. 2012 (adaptado).
A amostra de vinagre que se encontra dentro do limite de 
concentração tolerado é a",A: 1.; B: 2.; C: 3.; D: 4.; E: 5.,1.86626,E,2015
75,"Os parasitoides são insetos diminutos, que têm 
hábitos bastante peculiares: suas larvas se desenvolvem 
dentro do corpo de outros animais. Em geral, cada 
parasitoide ataca hospedeiros de determinada espécie 
e, por isso, esses organismos vêm sendo amplamente 
usados para o controle biológico de pragas agrícolas.
SANTO, M. M. E. et al. Parasitoides: insetos benéficos e cruéis. 
Ciência Hoje, n. 291, abr. 2012 (adaptado).
O uso desses insetos na agricultura traz benefícios 
ambientais, pois diminui o(a)",A: tempo de produção agrícola.; B: diversidade de insetos-praga.; C: aplicação de inseticidas tóxicos.; D: emprego de fertilizantes agrícolas.; E: necessidade de combate a ervas daninhas.,0.28914,C,2015
76,"A figura representa uma embalagem cartonada e 
sua constituição em multicamadas. De acordo com as 
orientações do fabricante, essas embalagens não devem 
ser utilizadas em fornos micro-ondas.
polietileno.....
alumínio......
polietileno...
papel...........
polietileno....
NASCIMENTO, R. M. M. et al. Embalagem cartonada longa vida: lixo ou luxo? 
Química Nova na Escola, n. 25, maio 2007 (adaptado).
A restrição citada deve-se ao fato de a","A: embalagem aberta se expandir pela pressão do vapor 
formado em seu interior.; B: camada de polietileno se danificar, colocando o 
alumínio em contato com o alimento.; C: fina camada de alumínio blindar a radiação, não 
permitindo que o alimento se aqueça.; D: absorção de radiação pelo papel, que se aquece e 
pode levar à queima da camada de polietileno.; E: geração de centelhas na camada de alumínio, 
que pode levar à queima da camada de papel e de 
polietileno.
	",1.14246,E,2015
77,"No manual de uma torneira elétrica são fornecidas 
instruções básicas de instalação para que o produto 
funcione corretamente:
•	
Se a torneira for conectada à caixa-d’água 
domiciliar, a pressão da água na entrada da 
torneira deve ser no mínimo 18 kPa e no máximo 
38 kPa.
•	
Para pressões da água entre 38 kPa e 75 kPa 
ou água proveniente diretamente da rede pública, 
é necessário utilizar o redutor de pressão que 
acompanha o produto.
•	
Essa torneira elétrica pode ser instalada em um 
prédio ou em uma casa. 
Considere a massa específica da água 1 000 kg/m3 e a 
aceleração da gravidade 10 m/s2.
Caixa-d’água
Altura h
Torneira elétrica
Para que a torneira funcione corretamente, sem o uso 
do redutor de pressão, quais deverão ser a mínima e a 
máxima altura entre a torneira e a caixa-d’água?","A: 1,8 m e 3,8 m; B: 1,8 m e 7,5 m; C: 3,8 m e 7,5 m; D: 18 m e 38 m; E: 18 m e 75 m",1.42495,A,2015
78,"De acordo com estatísticas do Ministério da 
Saúde, cerca de 5% das pessoas com dengue 
hemorrágica morrem. A dengue hemorrágica tem como 
base fisiopatológica uma resposta imune anômala, 
causando aumento da permeabilidade de vasos 
sanguíneos, queda da pressão arterial e manifestações 
hemorrágicas, podendo ocorrer manchas vermelhas 
na pele e sangramento pelo nariz, boca e gengivas. 
O hemograma do paciente pode apresentar como 
resultado leucopenia (diminuição do número de glóbulos 
brancos), linfocitose (aumento do número de linfócitos), 
aumento do hematócrito e trombocitopenia (contagem de 
plaquetas abaixo de 100 000/mm3).
Disponível em: www.ciencianews.com.br. Acesso em: 28 fev. 2012 (adaptado).
Relacionando os sintomas apresentados pelo paciente 
com dengue hemorrágica e os possíveis achados do 
hemograma, constata-se que","A: as manifestações febris ocorrem em função da 
diminuição dos glóbulos brancos, uma vez que estes 
controlam a temperatura do corpo.; B: a queda na pressão arterial é ocasionada pelo 
aumento do número de linfócitos, que têm como 
função principal a produção de anticorpos.; C: o sangramento pelo nariz, pela boca e gengiva é 
ocasionado pela quantidade reduzida de plaquetas, 
que são responsáveis pelo transporte de oxigênio.; D: as manifestações hemorrágicas estão associadas 
à trombocitopenia, uma vez que as plaquetas estão 
envolvidas na cascata de coagulação sanguínea.; E: os sangramentos observados ocorrem em função 
da linfocitose, uma vez que os linfócitos são 
responsáveis pela manutenção da integridade dos 
vasos sanguíneos.
	",0.70934,D,2015
79,"O caramujo gigante africano, Achatina fulica, é uma espécie exótica que tem despertado o interesse das 
autoridades brasileiras, uma vez que tem causado danos ambientais e prejuízos econômicos à agricultura. 
A introdução da espécie no Brasil ocorreu clandestinamente, com o objetivo de ser utilizada na alimentação humana. 
Porém, o molusco teve pouca aceitação no comércio de alimentos, o que resultou em abandono e liberação 
intencional das criações por vários produtores. Por ser uma espécie herbívora generalista (alimenta-se de mais 
de 500 espécies diferentes de vegetais), com grande capacidade reprodutiva, tornou-se uma praga agrícola de 
difícil erradicação. Associada a isto, a ausência de predadores naturais fez com que ocorresse um crescimento 
descontrolado da população.
O desequilíbrio da cadeia alimentar observado foi causado pelo aumento da densidade populacional de","A: consumidores terciários, em função da elevada disponibilidade de consumidores secundários.; B: consumidores primários, em função da ausência de consumidores secundários.; C: consumidores secundários, em função da ausência de consumidores primários.; D: consumidores terciários, em função da elevada disponibilidade de produtores.; E: consumidores primários, em função do aumento de produtores.",0.58043,B,2015
80,"O álcool utilizado como combustível automotivo (etanol hidratado) deve apresentar uma taxa máxima de água em 
sua composição para não prejudicar o funcionamento do motor. Uma maneira simples e rápida de estimar a quantidade 
de etanol em misturas com água é medir a densidade da mistura. O gráfico mostra a variação da densidade da mistura 
(água e etanol) com a fração percentual da massa de etanol (fe), dada pela expressão
fe = 100 × 
me 
(me + ma)
 ,
em que me e ma são as massas de etanol e de água na mistura, respectivamente, a uma temperatura de 20 °C.
30
70
fe
0,98
0,96
0,94
0,92
0,9
0,88
0,86
0,84
0,82
0,8
0,78
0,76
ρ (g/cm³)
 
Disponível em: www.handymath.com. Acesso em: 8 ago. 2012.
Suponha que, em uma inspeção de rotina realizada em determinado posto, tenha-se verificado que 50,0 cm3 de álcool 
combustível tenham massa igual a 45,0 g. Qual é a fração percentual de etanol nessa mistura?",A: 7%; B: 10%; C: 55%; D: 90%; E: 93%,1.3471,C,2015
81,"A 
toxina 
botulínica 
(produzida 
pelo 
bacilo 
Clostridium botulinum) pode ser encontrada em 
alimentos malconservados, causando até a morte de 
consumidores. No entanto, essa toxina modificada 
em laboratório está sendo usada cada vez mais 
para melhorar a qualidade de vida das pessoas com 
problemas físicos e/ou estéticos, atenuando problemas 
como o blefaroespasmo, que provoca contrações 
involuntárias das pálpebras.
BACHUR, T. P. R. et al. Toxina botulínica: de veneno a tratamento. Revista Eletrônica 
Pesquisa Médica, n. 1, jan.-mar. 2009 (adaptado).
O alívio dos sintomas do blefaroespasmo é consequência 
da ação da toxina modificada sobre o tecido","A: glandular, uma vez que ela impede a produção de 
secreção de substâncias na pele.; B: muscular, uma vez que ela provoca a paralisia das 
fibras que formam esse tecido.; C: epitelial, uma vez que ela leva ao aumento da camada 
de queratina que protege a pele.; D: conjuntivo, uma vez que ela aumenta a quantidade de 
substância intercelular no tecido.; E: adiposo, uma vez que ela reduz a espessura da 
camada de células de gordura do tecido.",0.3369,B,2015
82,"A cafeína é um alcaloide, identificado como 
1,3,7-trimetilxantina (massa molar igual a 194 g/mol), 
cuja estrutura química contém uma unidade de purina, 
conforme representado. Esse alcaloide é encontrado em 
grande quantidade nas sementes de café e nas folhas de 
chá-verde. Uma xícara de café contém, em média, 80 mg 
de cafeína.
CH3
CH
N
N
N
N
O
O
H C
MARIA, C. A. B.; MOREIRA, R. F. A. Cafeína: revisão sobre métodos de análise. 
Química Nova, n. 1, 2007 (adaptado).
Considerando que a xícara descrita contém um volume 
de 200 mL de café, a concentração, em mol/L, de cafeína 
nessa xícara é mais próxima de:","A: 0,0004.; B: 0,002.; C: 0,4.; D: 2.; E: 4.",1.12376,B,2015
83,"A reprodução vegetativa de plantas por meio de 
estacas é um processo natural. O homem, observando 
esse processo, desenvolveu uma técnica para propagar 
plantas em escala comercial.
A base genética dessa técnica é semelhante àquela 
presente no(a)",A: transgenia.; B: clonagem.; C: hibridização.; D: controle biológico.; E: melhoramento genético.,1.82323,B,2015
84,"O acúmulo de plásticos na natureza pode levar a 
impactos ambientais negativos, tanto em ambientes 
terrestres quanto aquáticos. Uma das formas de 
minimizar esse problema é a reciclagem, para a qual é 
necessária a separação dos diferentes tipos de plásticos. 
Em um processo de separação foi proposto o seguinte 
procedimento:
I.	
Coloque a mistura de plásticos picados em um 
tanque e acrescente água até a metade da sua 
capacidade.
II.	 Mantenha essa mistura em repouso por cerca de 
10 minutos.
III.	 Retire os pedaços que flutuaram e transfira-os 
para outro tanque com uma solução de álcool.
IV.	 Coloque os pedaços sedimentados em outro 
tanque com solução de sal e agite bem.
Qual propriedade da matéria possibilita a utilização do 
procedimento descrito?","A: Massa.; B: Volume.; C: Densidade.; D: Porosidade.; E: Maleabilidade.
	",0.33164,C,2015
85,"Para irrigar sua plantação, um produtor rural construiu 
um reservatório a 20 metros de altura a partir da barragem 
de onde será bombeada a água. Para alimentar o motor 
elétrico das bombas, ele instalou um painel fotovoltaico. 
A potência do painel varia de acordo com a incidência 
solar, chegando a um valor de pico de 80 W ao meio-dia. 
Porém, entre as 11 horas e 30 minutos e as 12 horas e 
30 minutos, disponibiliza uma potência média de 50 W. 
Considere a aceleração da gravidade igual a 10 m/s2 e 
uma eficiência de transferência energética de 100%.
Qual é o volume de água, em litros, bombeado para o 
reservatório no intervalo de tempo citado?",A: 150; B: 250; C: 450; D: 900; E: 1 440,1.81809,D,2015
86,"A fotografia feita sob luz polarizada é usada por 
dermatologistas para diagnósticos. Isso permite ver 
detalhes da superfície da pele que não são visíveis com o 
reflexo da luz branca comum. Para se obter luz polarizada, 
pode-se utilizar a luz transmitida por um polaroide ou a 
luz refletida por uma superfície na condição de Brewster, 
como mostra a figura. Nessa situação, o feixe da luz 
refratada forma um ângulo de 90° com o feixe da luz 
refletida, fenômeno conhecido como Lei de Brewster. 
Nesse caso, o ângulo de incidência θp , também chamado 
de ângulo de polarização, e o ângulo de refração θr  estão 
em conformidade com a Lei de Snell.
Raio de luz incidente
(não polarizado)
Raio de luz refletido
(polarizado)
Raio de luz refratado
(parcialmente polarizado)
Lâmina
θp
θp
θr
sen 30° = cos 60° =  
sen 60° = cos 30° =  √3
Dado:
Considere um feixe de luz não polarizada proveniente 
de um meio com índice de refração igual a 1, que incide 
sobre uma lâmina e faz um ângulo de refração θr de 30°.
Nessa situação, qual deve ser o índice de refração da 
lâmina para que o feixe refletido seja polarizado?",A: √3; B: √3/3; C: 2; D: 1/2; E:√3/2,1.7766,A,2015
87,"Na natureza a matéria é constantemente transformada 
por meio dos ciclos biogeoquímicos. Além do ciclo 
da água, existem os ciclos do carbono, do enxofre, do 
fósforo, do nitrogênio e do oxigênio.
O elemento que está presente em todos os ciclos 
nomeados é o",A: fósforo.; B: enxofre.; C: carbono.; D: oxigênio.; E: nitrogênio.,-0.11164,D,2015
88,"Bioindicador ou indicador biológico é uma espécie 
ou grupo de espécies que reflete o estado biótico ou 
abiótico de um meio ambiente, o impacto produzido sobre 
um hábitat, comunidade ou ecossistema, entre outras 
funções. A posição trófica do organismo bioindicador é 
uma das características mais relevantes quanto ao seu 
grau de importância para essa função: quanto mais baixo 
o nível trófico do organismo, maior é a sua utilidade, pois 
pressupõe-se que toda a cadeia trófica é contaminada a 
partir dele.
ANDRÉA, M. M. Bioindicadores ecotoxicológicos de agrotóxicos.
Disponível em: www.biologico.sp.gov.br. Acesso em: 11 mar. 2013 (adaptado).
O grupo de organismos mais adequado para essa 
condição, do ponto de vista da sua posição na cadeia 
trófica, é constituído por",A: algas.; B: peixes.; C: baleias.; D: camarões.; E: anêmonas.,0.13497,A,2015
89,"Durante uma aula experimental de física, os 
estudantes construíram um sistema ressonante com 
pêndulos simples. As características de cada pêndulo 
são apresentadas no quadro. Inicialmente, os estudantes 
colocaram apenas o pêndulo A para oscilar.
Pêndulo 
Massa 
Comprimento 
do barbante
A 
M 
 L
M  
 L
M 
 2L
2M 
L
M 
L
 2M 
L
Quais pêndulos, além desse, passaram também a oscilar?","A: 1, 2, 3, 4 e 5.; B: 1, 2 e 3.; C: 1 e 4.; D: 1 e 5.; E: 3 e 4.",4.52893,D,2015
90,"CO2
C6H12O6
No esquema representado, o processo identificado pelo 
número 2 é realizado por",A: seres herbívoros.; B: fungos fermentadores.; C: bactérias heterótrofas.; D: organismos produtores.; E: microrganismos decompositores.,1.02035,D,2015
46,"Os métodos empregados nas análises químicas 
são ferramentas importantes para se conhecer a 
composição dos diversos materiais presentes no meio 
ambiente. É comum, na análise de metais presentes 
em amostras ambientais, como água de rio ou de 
mar, a adição de um ácido mineral forte, normalmente 
o ácido nítrico (HNO3), com a finalidade de impedir a
precipitação de compostos pouco solúveis desses 
metais ao longo do tempo.
Na ocorrência de precipitação, o resultado da análise 
pode ser subestimado, porque","A: ocorreu passagem de parte dos metais para uma fase 
sólida.; B: houve volatilização de compostos dos metais para a 
atmosfera.; C: os metais passaram a apresentar comportamento de 
não metais.; D: formou-se uma nova fase líquida, imiscível com a 
solução original.; E: os metais reagiram com as paredes do recipiente que 
contém a amostra.",0.70434,B,2016
47,"O paclitaxel é um triterpeno poli-hidroxilado que foi 
originalmente isolado da casca de Taxus brevifolia, árvore 
de crescimento lento e em risco de extinção, mas agora 
é obtido por rota química semissintética. Esse fármaco 
é utilizado como agente quimioterápico no tratamento 
de tumores de ovário, mama e pulmão. Seu mecanismo 
de ação antitumoral envolve sua ligação à tubulina 
interferindo com a função dos microtúbulos.
KRETZER, I. F. Terapia antitumoral combinada de derivados do paclitaxel e 
etoposídeo associados à nanoemulsão lipídica rica em colesterol - LDE.
Disponível em: www.teses.usp.br. Acesso em: 29 fev. 2012 (adaptado).
De acordo com a ação antitumoral descrita, que função 
celular é diretamente afetada pelo paclitaxel?",A: Divisão celular.; B: Transporte passivo.; C: Equilíbrio osmótico.; D: Geração de energia.; E: Síntese de proteínas.,2.01306,C,2016
48,"Para a instalação de um aparelho de ar-condicionado, 
é sugerido que ele seja colocado na parte superior da 
parede do cômodo, pois a maioria dos fluidos (líquidos
e gases), quando aquecidos, sofrem expansão, tendo 
sua densidade diminuída e sofrendo um deslocamento 
ascendente. Por sua vez, quando são resfriados, 
tornam-se mais densos e sofrem um deslocamento 
descendente.","A: sugestão apresentada no texto minimiza o consumo de 
energia, porque; A: diminui a umidade do ar dentro do cômodo.; B: aumenta a taxa de condução térmica para fora 
do cômodo.; C: torna mais fácil o escoamento da água para fora 
do cômodo.; D: facilita a circulação das correntes de ar frio e quente 
dentro do cômodo.; E: diminui a taxa de emissão de calor por parte do 
aparelho para dentro do cômodo.",0.92743,A,2016
50,"Um jovem suspeita que não é filho biológico de 
seus pais, pois descobriu que o seu tipo sanguíneo é 
O Rh negativo, o de sua mãe é B Rh positivo e de 
seu pai é A Rh positivo. A condição genotípica que possibilita que ele seja 
realmente filho biológico de seus pais é que","A: o pai e a mãe sejam heterozigotos para o sistema 
sanguíneo ABO e para o fator Rh.; B: o pai e a mãe sejam heterozigotos para o sistema 
sanguíneo ABO e homozigotos para o fator Rh.; C: o pai seja homozigoto para as duas características e 
a mãe heterozigota para as duas características.; D: o pai seja homozigoto para as duas características e 
a mãe heterozigota para o sistema ABO e homozigota 
para o fator Rh.; E: o pai seja homozigoto para o sistema ABO e 
heterozigoto para o fator Rh e a mãe homozigota para 
as duas características.",1.34021,B,2016
51,"Um cosmonauta russo estava a bordo da estação 
espacial MIR quando um de seus rádios de comunicação 
quebrou. Ele constatou que dois capacitores do rádio 
de 3 μF e 7 μF ligados em série estavam queimados. 
Em função da disponibilidade, foi preciso substituir os 
capacitores defeituosos por um único capacitor que 
cumpria a mesma função.
Qual foi a capacitância, medida em μF, do capacitor 
utilizado pelo cosmonauta?","A: 0,10; B: 0,50; C: 2,1; D: 10; E: 21",1.79508,C,2016
52,"Em 1950, Erwin Chargaff e colaboradores estudavam 
a composição química do DNA e observaram que a 
quantidade de adenina (A) é igual à de timina (T), e a 
quantidade de guanina (G) é igual à de citosina (C) na 
grande maioria das duplas fitas de DNA. Em outras
palavras, esses cientistas descobriram que o total de 
purinas (A + G) e o total de pirimidinas (C + T) eram iguais. 
Um professor trabalhou esses conceitos em sala de aula 
e apresentou como exemplo uma fita simples de DNA
com 20 adeninas, 25 timinas, 30 guaninas e 25 citosinas.
Qual a quantidade de cada um dos nucleotídeos, quando 
considerada a dupla fita de DNA formada pela fita simples
exemplificada pelo professor?""",A: Adenina: 20; Timina: 25; Guanina: 25; Citosina: 30.; B: Adenina: 25; Timina: 20; Guanina: 45; Citosina: 45.; C: Adenina: 45; Timina: 45; Guanina: 55; Citosina: 55.; D: Adenina: 50; Timina: 50; Guanina: 50; Citosina: 50.; E: Adenina: 55; Timina: 55; Guanina: 45; Citosina: 45.,1.51652,E,2016
53,"Num dia em que a temperatura ambiente é de 37 °C, uma pessoa, com essa mesma temperatura corporal, repousa 
à sombra. Para regular sua temperatura corporal e mantê-la constante, a pessoa libera calor através da evaporação 
do suor. Considere que a potência necessária para manter seu metabolismo é 120 W e que, nessas condições, 20% 
dessa energia é dissipada pelo suor, cujo calor de vaporização é igual ao da água (540 cal/g). Utilize 1 cal igual a 4 J.
Após duas horas nessa situação, que quantidade de água essa pessoa deve ingerir para repor a perda pela transpiração?","A: 0,08 g; B: 0,44 g; C: 1,30 g; D: 1,80 g; E: 80,0 g",1.29881,D,2016
54,"Suponha que um pesticida lipossolúvel que se acumula no organismo após ser ingerido tenha sido utilizado 
durante anos na região do Pantanal, ambiente que tem uma de suas cadeias alimentares representadas no esquema:
PLÂNCTON ĺ PULGA-D’ÁGUA ĺ LAMBARI ĺ PIRANHA ĺ TUIUIÚ
Um pesquisador avaliou a concentração do pesticida nos tecidos de lambaris da região e obteve um resultado de 
6,1 partes por milhão (ppm).
Qual será o resultado compatível com a concentração do pesticida (em ppm) nos tecidos dos outros componentes da 
cadeia alimentar?","A: PLÂNCTON PULGA-D’ÁGUA PIRANHA TUIUIÚ 
15,1 10,3 4,3 1,2; B: PLÂNCTON PULGA-D’ÁGUA PIRANHA TUIUIÚ
6,1 6,1 6,1 6,1; C: PLÂNCTON PULGA-D’ÁGUA PIRANHA TUIUIÚ
2,1 4,3 10,4 14,3; D:  PLÂNCTON PULGA-D’ÁGUA PIRANHA TUIUIÚ
2,1 3,9 4,1 2,3; E: PLÂNCTON PULGA-D’ÁGUA PIRANHA TUIUIÚ
8,8 5,8 5,3 9,6",1.91803,C,2016
55,"A sombra do cedro vem se encostar no cocho. Primo 
Ribeiro levantou os ombros; começa a tremer. Com muito 
atraso. Mas ele tem no baço duas colmeias de bichinhos 
maldosos, que não se misturam, soltando enxames no 
sangue em dias alternados. E assim nunca precisa de 
passar um dia sem tremer.
ROSA, J. G. Sagarana. Rio de Janeiro: Nova Fronteira, 1984.
O texto de João Guimarães Rosa descreve as 
manifestações das crises paroxísticas da malária em 
seu personagem. Essas se caracterizam por febre alta, 
calafrios, sudorese intensa e tremores, com intervalos de 
48 h ou 72 h, dependendo da espécie de Plasmodium.
Essas crises periódicas ocorrem em razão da","A: lise das hemácias, liberando merozoítos e substâncias 
denominadas hemozoínas.; B: invasão das hemácias por merozoítos com maturação 
até a forma esquizonte.; C: reprodução assexuada dos esporozoítos no fígado do 
indivíduo infectado.; D: liberação de merozoítos dos hepatócitos para a 
corrente sanguínea.; E: formação de gametócitos dentro das hemácias.",1.61944,C,2016
56,"O soro fisiológico é uma solução aquosa de 
cloreto de sódio (NaCl) comumente utilizada para 
higienização ocular, nasal, de ferimentos e de lentes 
de contato. Sua concentração é 0,90% em massa e 
densidade igual a 1,00 g/mL.
Qual massa de NaCl, em grama, deverá ser adicionada à 
água para preparar 500 mL desse soro?","A: 0,45; B: 0,90; C: 4,50; D: 9,00; E: 45,00",1.14504,B,2016
57,"Um eletricista deve instalar um chuveiro que 
tem as especificações 220 V — 4 400 W a 6 800 W. 
Para a instalação de chuveiros, recomenda-se uma 
rede própria, com fios de diâmetro adequado e um 
disjuntor dimensionado à potência e à corrente elétrica 
previstas, com uma margem de tolerância próxima 
de 10%. Os disjuntores são dispositivos de segurança 
utilizados para proteger as instalações elétricas de 
curtos-circuitos e sobrecargas elétricas e devem 
desarmar sempre que houver passagem de corrente 
elétrica superior à permitida no dispositivo.
Para fazer uma instalação segura desse chuveiro, o valor 
da corrente máxima do disjuntor deve ser",A: 20 A.; B: 25 A.; C: 30 A.; D: 35 A.; E: 40 A.,1.05996,A,2016
58,"Suponha que uma doença desconhecida esteja 
dizimando um rebanho bovino de uma cidade e alguns 
veterinários tenham conseguido isolar o agente causador 
da doença, verificando que se trata de um ser unicelular
e procarionte.
Para combater a doença, os veterinários devem 
administrar, nos bovinos contaminados,",A: vacinas.; B: antivirais.; C: fungicidas.; D: vermífugos.; E: antibióticos.,1.95698,D,2016
59,"As sacolas plásticas são utilizadas em grande 
quantidade no Brasil por serem práticas, leves e de 
baixo custo. Porém, o tempo necessário para que 
sofram degradação nas condições do meio é de, no 
mínimo, 100 anos. Com o intuito de reduzir o impacto 
ambiental desses produtos, as sacolas biodegradáveis 
foram introduzidas no mercado. Essas sacolas são 
confeccionadas de um material polimérico que confere a 
elas uma característica que as torna biodegradáveis.","A: qual característica das sacolas biodegradáveis o texto 
faz referência?; A: Elevada massa molecular do polímero.; B: Espessura final do material que as constitui; C: Baixa resistência aos líquidos nas condições de uso.; D: Baixa resistência ao ataque por microrganismos em 
condições adequadas.; E: Ausência de anéis aromáticos na estrutura do 
polímero usado na confecção das sacolas.",2.1859,B,2016
60,"Os ráficos representam a concentração na atmosfera, em partes por milhão (ppm), bilhão (ppb) ou trilhão (ppt),
dos cinco gases responsáveis por 97% do efeito estufa durante o período de 1978 a 2010.
380
360
340
1978 1982 1986 1990 1994 1998 2002 2006 2010
Dióxido de carbono
(ppm)
320
310
300
1978 1982 1986 1990 1994 1998 2002 2006 2010
Óxido nitroso
(ppb)
500
300
100
1978 1982 1986 1990 1994 1998 2002 2006 2010
(ppt)
1800
1700
1600
1978 1982 1986 1990 1994 1998 2002 2006 2010
Metano
(ppb)
CFC-12
CFC-11
Disponível em: www.esrl.noaa.gov. Acesso em: 6 ago. 2012 (adaptado).
Qual gás teve o maior aumento percentual de concentração na atmosfera nas últimas duas décadas?",A: CO2; B: CH4; C: N2O; D: CFC-12; E: CFC-11,1.38542,D,2016
61,"O eletrocardiograma, exame utilizado para avaliar 
o estado do coração de um paciente, trata-se do 
registro da atividade elétrica do coração ao longo de 
um certo intervalo de tempo. A figura representa o
eletrocardiograma de um paciente adulto, descansado, 
não fumante, em um ambiente com temperatura 
agradável. Nessas condições, é considerado normal um 
ritmo cardíaco entre 60 e 100 batimentos por minuto.
5
3
1
Tensão (mV)
Tempo (s)
Com base no eletrocardiograma apresentado, identifica-se
que a frequência cardíaca do paciente é",A: normal.; B: acima do valor ideal.; C: abaixo do valor ideal.; D: próxima do limite inferior.; E: próxima do limite superior.,1.49097,C,2016
62,"A modernização da agricultura, também conhecida 
como Revolução Verde, ficou marcada pela expansão da
agricultura nacional. No entanto, trouxe consequências 
como o empobrecimento do solo, o aumento da erosão 
e dos custos de produção, entre outras. Atualmente, a 
preocupação com a agricultura sustentável tem suscitado 
práticas como a adubação verde, que consiste na 
incorporação ao solo de fitomassa de espécies vegetais
distintas, sendo as mais difundidas as leguminosas.
ANUNCIAÇÃO, G. C. F. Disponível em: www.muz.ifsuldeminas.edu.br.
 Acesso em: 20 dez. 2012 (adaptado).","A: utilização de leguminosas nessa prática de cultivo visa 
reduzir a; A: utilização de agrotóxicos.; B: atividade biológica do solo.; C: necessidade do uso de fertilizantes.; D: decomposição da matéria orgânica.; E: capacidade de armazenamento de água no solo.",1.24446,A,2016
63,"Nos anos 1990, verificou-se que o rio Potomac,
situado no estado norte-americano de Maryland, tinha, 
em parte de seu curso, águas extremamente ácidas por 
receber um efluente de uma mina de carvão desativada, o
qual continha ácido sulfúrico (H2SO4). Essa água, embora 
límpida, era desprovida de vida. Alguns quilômetros 
adiante, instalou-se uma fábrica de papel e celulose 
que emprega hidróxido de sódio (NaOH) e carbonato de 
sódio (Na2CO3) em seus processos. Em pouco tempo, 
observou-se que, a partir do ponto em que a fábrica lança 
seus rejeitos no rio, a vida aquática voltou a florecer.
HARRIS, D. C. Análise química quantitativa. Rio de Janeiro: 
A explicação para o retorno da vida aquática nesse rio é a","A: diluição das águas do rio pelo novo efluente lançado
nele.; B: precipitação do íon sulfato na presença do efluente
da nova fábrica.; C: biodegradação do ácido sulfúrico em contato com o 
novo efluente descartado; D: diminuição da acidez das águas do rio pelo eflluente
da fábrica de papel e celulose.; E: volatilização do ácido sulfúrico após contato com o 
novo efluente introduzido no rio",2.41901,D,2016
64,"O motor de combustão interna, utilizado no transporte 
de pessoas e cargas, é uma máquina térmica cujo ciclo 
consiste em quatro etapas: admissão, compressão, 
explosão/expansão e escape. Essas etapas estão 
representadas no diagrama da pressão em função do 
volume. Nos motores a gasolina, a mistura ar/combustível 
entra em combustão por uma centelha elétrica.
C
E
B
A
D
P
V
Para o motor descrito, em qual ponto do ciclo é produzida 
a centelha elétrica?",A: A; B: B; C: C; D: D; E: E,1.57038,B,2016
65,"Utensílios de uso cotidiano e ferramentas que 
contêm ferro em sua liga metálica tendem a sofrer 
processo corrosivo e enferrujar. A corrosão é um 
processo eletroquímico e, no caso do ferro, ocorre a 
precipitação do óxido de ferro(III) hidratado, substância 
marrom pouco solúvel, conhecida como ferrugem. Esse 
processo corrosivo é, de maneira geral, representado 
pela equação química:
4 Fe (s) + 3 O2 (g) + 2 H2O (l) → 2 Fe2 O3 H2 O (s)
Ferrugem.
Uma forma de impedir o processo corrosivo nesses 
utensílios é","A: renovar sua superfície, polindo-a semanalmente.; B: evitar o contato do utensílio com o calor, isolando-o 
termicamente.; C: impermeabilizar a superfície, isolando-a de seu 
contato com o ar úmido.; D: esterilizar frequentemente os utensílios, impedindo a 
proliferação de bactérias.; E: guardar os utensílios em embalagens, isolando-os do 
contato com outros objetos.",0.94461,E,2016
66,"A descoberta de organismos extremófilos foi
uma surpresa para os pesquisadores. Alguns desses 
organismos, chamados de acidófilos, são capazes de
de sobreviver em ambientes extremamente ácidos.
Uma característica desses organismos é a capacidade 
de produzir membranas celulares compostas de lipídeos 
feitos de éteres em vez dos ésteres de glicerol, comuns 
nos outros seres vivos (mesófilos), o que preserva 
a membrana celular desses organismos mesmo em 
condições extremas de acidez.
A degradação das membranas celulares de organismos
não extremófilos em meio ácido é classificada",A: hidrólise.; B: termólise.; C: eterificação; D: condensação.; E: saponificação,1.88996,B,2016
67,"Nas rodovias, é comum motoristas terem a 
visão ofuscada ao receberem a luz refletida na água
empoçada no asfalto. Sabe-se que essa luz adquire 
polarização horizontal. Para solucionar esse problema, 
há a possibilidade de o motorista utilizar óculos de lentes 
constituídas por filtros polarizadores. As linhas nas lentes 
dos óculos representam o eixo de polarização dessas 
lentes.
Quais são as lentes que solucionam o problema descrito?",A: ;B: ; C:; D: ; E:,0.93786,D,2016
68,"Companheira viajante
Suavemente revelada? Bem no interior de nossas 
células, uma clandestina e estranha alma existe. 
Silenciosamente, ela trama e aparece cumprindo seus 
afazeres domésticos cotidianos, descobrindo seu nicho 
especial em nossa fogosa cozinha metabólica, mantendo 
entropia em apuros, em ciclos variáveis noturnos e 
diurnos. Contudo, raramente ela nos acende, apesar 
de sua fornalha consumi-la. Sua origem? Microbiana, 
supomos. Julga-se adaptada às células eucariontes, 
considerando-se como escrava — uma serva a serviço 
de nossa verdadeira evolução.
McMURRAY, W. C. The traveler. Trends in Biochemical Sciences, 1994 (adaptado).
A organela celular descrita de forma poética no texto é o(a)",A: centríolo.; B: lisossomo.; C: mitocôndria.; D: complexo golgiense.; E: retículo endoplasmático liso.,1.22526,B,2016
69,"Até 1824 acreditava-se que as máquinas térmicas, 
cujos exemplos são as máquinas a vapor e os atuais 
motores a combustão, poderiam ter um funcionamento 
ideal. Sadi Carnot demonstrou a impossibilidade de 
uma máquina térmica, funcionando em ciclos entre 
duas fontes térmicas (uma quente e outra fria), obter 
100% de rendimento.
Tal limitação ocorre porque essas máquinas",A: realizam trabalho mecânico.; B: produzem aumento da entropia.; C: utilizam transformações adiabáticas.; D: contrariam a lei da conservação de energia.; E: funcionam com temperatura igual à da fonte quente.,1.76532,E,2016
70,"Em uma aula de biologia sobre formação vegetal 
brasileira, a professora destacou que, em uma 
região, a flora convive com condições ambientais 
curiosas. As características dessas plantas não 
estão relacionadas com a falta de água, mas com 
as condições do solo, que é pobre em sais minerais, 
ácido e rico em alumínio. Além disso, essas plantas 
possuem adaptações ao fogo.
As características adaptativas das plantas que 
correspondem à região destacada pela professora são:",A: Raízes escoras e respiratórias.; B: Raízes tabulares e folhas largas.; C: Casca grossa e galhos retorcidos.; D: Raízes aéreas e perpendiculares ao solo.; E: Folhas reduzidas ou modificadas em espinhos,2.65321,A,2016
71,"Em Bangladesh, mais da metade dos poços artesianos 
cuja água serve à população local está contaminada com 
arsênio proveniente de minerais naturais e de pesticidas. 
O arsênio apresenta efeitos tóxicos cumulativos. A ONU 
desenvolveu um kit para tratamento dessa água a fim
de torná-la segura para o consumo humano. O princípio 
desse kit é a remoção do arsênio por meio de uma reação 
de precipitação com sais de ferro(III) que origina um 
sólido volumoso de textura gelatinosa.
Disponível em: http://tc.iaea.org. Acesso em: 11 dez. 2012 (adaptado).
Com o uso desse kit, a população local pode remover o 
elemento tóxico por meio de",A: fervura.; B: ¿OWUDomR; C: destilação.; D: calcinação.; E: evaporação.,0.82183,D,2016
72,"Nos dias frios, é comum ouvir expressões como: 
“Esta roupa é quentinha” ou então “Feche a janela 
para o frio não entrar”. As expressões do senso comum 
utilizadas estão em desacordo com o conceito de calor da 
termodinâmica. A roupa não é “quentinha”, muito menos 
o frio “entra” pela janela.
A utilização das expressões “roupa é quentinha” e “para o 
frio não entrar” é inadequada, pois o(a)","A: roupa absorve a temperatura do corpo da pessoa, e 
o frio não entra pela janela, o calor é que sai por ela.; B: roupa não fornece calor por ser um isolante térmico, 
e o frio não entra pela janela, pois é a temperatura da 
sala que sai por ela.; C: roupa não é uma fonte de temperatura, e o frio não 
pode entrar pela janela, pois o calor está contido na 
sala, logo o calor é que sai por ela.; D: calor não está contido num corpo, sendo uma 
forma de energia em trânsito de um corpo de maior 
temperatura para outro de menor temperatura.; E: calor está contido no corpo da pessoa, e não na 
roupa, sendo uma forma de temperatura em trânsito 
de um corpo mais quente para um corpo mais frio.",1.83293,C,2016
73,"No dia 27 de junho de 2011, o asteroide 2011 MD, com 
cerca de 10 m de diâmetro, passou a 12 mil quilômetros 
do planeta Terra, uma distância menor do que a órbita 
de um satélite. A trajetória do asteroide é apresentada 
na figura
2011 MD
29/junho
28/junho
27/junho
26/junho
Lua
Terra
Plano da
órbita da Lua
A explicação física para a trajetória descrita é o fato de o 
asteroide","A: deslocar-se em um local onde a resistência do ar é 
nula.; B: deslocar-se em um ambiente onde não há interação 
gravitacional.; C: sofrer a ação de uma força resultante no mesmo 
sentido de sua velocidade.; D: sofrer a ação de uma força gravitacional resultante no 
sentido contrário ao de sua velocidade.; E: estar sob a ação de uma força resultante cuja direção 
é diferente da direção de sua velocidade.",1.06515,C,2016
74,"Darwin, em viagem às Ilhas Galápagos, observou que 
os tentilhões apresentavam bicos com formatos diferentes 
em cada ilha, de acordo com o tipo de alimentação 
disponível. Lamarck, ao explicar que o pescoço da girafa 
teria esticado para colher folhas e frutos no alto das 
árvores, elaborou ideias importantes sobre a evolução 
dos seres vivos.
O texto aponta que uma ideia comum às teorias da 
evolução, propostas por Darwin e por Lamarck, refere-se 
à interação entre os organismos e seus ambientes, que é 
denominada de",A: mutação.; B: adaptação.; C: seleção natural.; D: recombinação gênica.; E: variabilidade genética.,1.20527,A,2016
75,"A obtenção do alumínio dá-se a partir da 
bauxita (Al2O3 3H2O), que é purificada e eletrolisada
numa temperatura de 1 000 °C. Na célula eletrolítica, o 
ânodo é formado por barras de grafite ou carvão, que são
consumidas no processo de eletrólise, com formação de 
gás carbônico, e o cátodo é uma caixa de aço coberta 
de grafita.
A etapa de obtenção do alumínio ocorre no","A: ânodo, com formação de gás carbônico.; B: cátodo, com redução do carvão na caixa de aço.; C: cátodo, com oxidação do alumínio na caixa de aço.; D: ânodo, com depósito de alumínio nas barras de 
JUD¿WD; E: cátodo, com fluxo de elétrons das barras de grafita
para a caixa de aço.",1.37921,E,2016
76,"O quadro apresenta o consumo médio urbano 
de veículos do mesmo porte que utilizam diferentes 
combustíveis e seus respectivos preços. No caso do 
carro elétrico, o consumo está especificado em termos da
distância percorrida em função da quantidade de energia 
elétrica gasta para carregar suas baterias.
Combustível. Consumo na cidade. Preço* (R$)
Eletricidade. 6 km/kWh. 0,40/kWh
Gasolina. 13 km/L. 2,70/L
Diesel. 12 km/L. 2,10/L
Etanol. 9 km/L. 2,10/L
Gás natural. 13 km/m³. 1,60/m³
* Valores aferidos em agosto de 2012.
Considerando somente as informações contidas no 
quadro, o combustível que apresenta o maior custo por 
quilômetro rodado é o(a)",A: diesel.; B: etanol.; C: gasolina.; D: eletricidade.; E: gás natural.,2.12306,A,2016
77,"O petróleo é um tipo de combustível fóssil, de 
origem animal e vegetal, constituído principalmente por 
hidrocarbonetos. Em desastres de derramamento de 
petróleo, vários métodos são usados para a limpeza 
das áreas afetadas. Um deles é a biodegradação por 
populações naturais de microrganismos que utilizam 
o petróleo como fonte de nutrientes. O quadro mostra 
a composição química média das células desses 
microrganismos.
Elemento. Composição média celular (%)
Carbono. 50
Hidrogênio. 7
Nitrogênio. 11
Fósforo. 2
Outros. 30
Para uma efetiva biodegradação, a região afetada deve 
ser suplementada com",A: nitrogênio e fósforo.; B: hidrogênio e fósforo.; C: carbono e nitrogênio.; D: carbono e hidrogênio.; E: nitrogênio e hidrogênio.,1.72917,C,2016
78,"O principal componente do sal de cozinha é o cloreto 
de sódio, mas o produto pode ter aluminossilicato de sódio 
em pequenas concentrações. Esse sal, que é insolúvel 
em água, age como antiumectante, evitando que o sal de 
cozinha tenha um aspecto empedrado.
O procedimento de laboratório adequado para verificar a
presença do antiumectante em uma amostra de sal de 
cozinha é o(a)",A: realização do teste de chama.; B: medida do pH de uma solução aquosa.; C: medida da turbidez de uma solução aquosa.; D: ensaio da presença de substâncias orgânicas.; E: verificação da presença de cátions monovalentes,2.43585,D,2016
79,"Em um hospital, acidentalmente, uma funcionária 
ficou exposta a alta quantidade de radiação liberada
por um aparelho de raios X em funcionamento. 
Posteriormente, ela engravidou e seu filho nasceu com 
grave anemia. Foi verificado que a criança apresentava
a doença devido à exposição anterior da mãe à radiação.
O que justifica, nesse caso, o aparecimento da anemia
na criança?","A: A célula-ovo sofreu uma alteração genética.; B: As células somáticas da mãe sofreram uma mutação.; C: A célula gamética materna que foi fecundada sofreu 
uma mutação.; D: As hemácias da mãe que foram transmitidas à criança 
não eram normais.; E: As células hematopoiéticas sofreram alteração do 
número de cromossomos.",0.53397,B,2016
80,"Chamamos de lixo a grande diversidade de resíduos 
sólidos de diferentes procedências, como os gerados em 
residências. O aumento na produção de resíduos sólidos 
leva à necessidade de se pensar em maneiras adequadas 
de tratamento. No Brasil, 76% do lixo é disposto em 
lixões e somente 24% tem como destino um tratamento 
adequado, considerando os aterros sanitários, as usinas 
de compostagem ou a incineração.
Química Nova na Escola, maio 2001 (adaptado).
Comparando os tratamentos descritos, as usinas de 
compostagem apresentam como vantagem serem o 
destino","A: que gera um produto passível de utilização na 
agricultura.; B: onde ocorre a eliminação da matéria orgânica 
presente no lixo.; C: mais barato, pois não implica custos de tratamento 
nem controle.; D: que possibilita o acesso de catadores, pela disposição 
do lixo a céu aberto.; E: em que se podem utilizar áreas contaminadas com 
resíduos de atividades de mineração.",1.41327,E,2016
81,"As notas musicais podem ser agrupadas de modo 
a formar um conjunto. Esse conjunto pode formar uma 
escala musical. Dentre as diversas escalas existentes, a 
mais difundida é a escala diatônica, que utiliza as notas 
denominadas dó, ré, mi, fá, sol, lá e si. Essas notas estão 
organizadas em ordem crescente de alturas, sendo a nota 
dó a mais baixa e a nota si a mais alta.
Considerando uma mesma oitava, a nota si é a que tem 
menor",A: amplitude.; B: frequência.; C: velocidade.; D: intensidade.; E: comprimento de onda.,1.58677,D,2016
82,"O ambiente marinho pode ser contaminado 
com rejeitos radioativos provenientes de testes com 
armas nucleares. Os materiais radioativos podem se 
acumular nos organismos. Por exemplo, o estrôncio-90 
é quimicamente semelhante ao cálcio e pode substituir 
esse elemento nos processos biológicos.
FIGUEIRA, R. C. L.; CUNHA, I. I. L. A contaminação dos oceanos por radionuclídeos 
antropogênicos. Química Nova na Escola, n. 1, 1998 (adaptado).
Um pesquisador analisou as seguintes amostras 
coletadas em uma região marinha próxima a um local 
que manipula o estrôncio radioativo: coluna vertebral 
de tartarugas, concha de moluscos, endoesqueleto de 
ouriços-do-mar, sedimento de recife de corais e tentáculos 
de polvo.
Em qual das amostras analisadas a radioatividade foi 
menor?",A: Concha de moluscos.; B: Tentáculos de polvo.; C: Sedimento de recife de corais.; D: Coluna vertebral de tartarugas.; E: Endoesqueleto de ouriços-do-mar.,1.65844,B,2016
83,"Para um salto no Grand Canyon usando motos, dois 
paraquedistas vão utilizar uma moto cada, sendo que uma 
delas possui massa três vezes maior. Foram construídas 
duas pistas idênticas até a beira do precipício, de forma 
que no momento do salto as motos deixem a pista 
horizontalmente e ao mesmo tempo. No instante em que 
saltam, os paraquedistas abandonam suas motos e elas 
caem praticamente sem resistência do ar.
As motos atingem o solo simultaneamente porque",A: possuem a mesma inércia.; B: estão sujeitas à mesma força resultante.; C: têm a mesma quantidade de movimento inicial.; D: adquirem a mesma aceleração durante a queda.; E: são lançadas com a mesma velocidade horizontal.,1.19762,C,2016
84,"Uma nova estratégia para o controle da dengue 
foi apresentada durante o Congresso Internacional de 
Medicina Tropical, no Rio de Janeiro, em 2012. O projeto 
traz uma abordagem nova e natural para o combate à 
doença e já está em fase de testes. O objetivo do programa 
é cessar a transmissão do vírus da dengue pelo Aedes
aegypti, a partir da introdução da bactéria Wolbachia
— que é naturalmente encontrada em insetos — nas 
populações locais de mosquitos. Quando essa bactéria 
é introduzida no A. aegypti, atua como uma “vacina”, 
estimulando o sistema imunológico e bloqueando a 
multiplicação do vírus dentro do inseto.
Disponível em: http://portalsaude.saude.gov.br. Acesso em: 20 dez. 2012 (adaptado).
Qual o conceito fundamental relacionado a essa 
estratégia?",A: Clonagem.; B: Mutualismo.; C: Parasitismo.; D: Transgênese.; E: Controle biológico.,1.57689,A,2016
85,"A bauxita é o minério utilizado na fabricação do 
alumínio, a qual apresenta Al2O3 (alumina) em sua 
composição. Após o trituramento e lavagem para reduzir 
o teor de impurezas, o minério é misturado a uma solução 
aquosa de NaOH (etapa A). A parte sólida dessa mistura 
é rejeitada e a solução resultante recebe pequenos cristais 
de alumina, de onde sedimenta um sólido (etapa B).
Esse sólido é aquecido até a obtenção de um pó 
branco, isento de água e constituído unicamente por 
alumina. Finalmente, esse pó é aquecido até sua fusão 
e submetido a uma eletrólise, cujos produtos são o 
metal puro fundido (Al) e o gás carbônico (CO2).
SILVA FILHO, E. B.; ALVES, M. C. M.; DA MOTTA, M. Lama vermelha da indústria de
beneficiamento de alumina: produção características, disposição e
aplicações alternativas. Revista Matéria, n. 2, 2007.
Nesse processo, as funções das etapas A e B são, 
respectivamente,","A: oxidar a alumina e outras substâncias e reduzir 
seletivamente a alumina.; B: solubilizar a alumina e outras substâncias e induzir a 
precipitação da alumina.; C: solidificar as impurezas alcalinas e deslocar o
equilíbrio no sentido da alumina.; D: neutralizar o solo ácido do minério e catalisar a reação 
de produção da alumina.; E: romper as ligações químicas da alumina e diminuir o 
calor de formação do alumínio.",1.28007,C,2016
86,"A figura mostra uma balança de braços iguais, em
equilíbrio, na Terra, onde foi colocada uma massa m,
e a indicação de uma balança de força na Lua, onde a 
aceleração da gravidade é igual a 1,6 m/s2, sobre a qual 
foi colocada uma massa M.
0,50 kg
0,50 kg
m
Superfície da Terra
Superfície da Lua
4,0 N
M
A: razão das massas M / m
 é","A: 4,0.; B: 2,5.; C: 0,4.; D: 1,0.; E: 0,25.",2.3456,A,2016
87,"A energia nuclear é uma alternativa aos combustíveis 
fósseis que, se não gerenciada de forma correta, pode 
causar impactos ambientais graves. O princípio da 
geração dessa energia pode se basear na reação de 
fissão controlada do urânio por bombardeio de neutrons
como ilustrado:
235U + n ĺ 95Sr + 139Xe + 2n + energia
Um grande risco decorre da geração do chamado 
lixo atômico, que exige condições muito rígidas de 
tratamento e armazenamento para evitar vazamentos 
para o meio ambiente.
Esse lixo é prejudicial, pois","A: favorece a proliferação de organismos termófilos.; B: produz nêutrons livres que ionizam o ar, tornando-o 
condutor.; C: libera gases que alteram a composição da 
atmosfera terrestre.; D: acentua o efeito estufa decorrente do calor produzido 
na fissão; E: emite radiação capaz de provocar danos à saúde dos 
seres vivos.",0.56073,E,2016
88,"Os seres vivos mantêm constantes trocas de matéria 
com o ambiente mediante processos conhecidos como 
ciclos biogeoquímicos. O esquema representa um dos 
ciclos que ocorrem nos ecossistemas.
Estado gasoso
Carnívoro
Plantas
Herbívoro
Combustão
Depósito
subterrâneo
Morte
Decomposição
O esquema apresentado corresponde ao ciclo biogeoquímico do(a)",A: água.; B: fósforo.; C: enxofre.; D: carbono.; E: nitrogênio.,1.45486,B,2016
89,"Uma lâmpada LED (diodo emissor de luz), que 
funciona com 12 V e corrente contínua de 0,45 A, 
produz a mesma quantidade de luz que uma lâmpada 
incandescente de 60 W de potência.
Qual é o valor da redução da potência consumida ao se 
substituir a lâmpada incandescente pela de LED?","A: 54,6 W; B: 27,0 W; C: 26,6 W; D: 5,4 W; E: 5,0 W",0.54807,E,2016
90,"Para lavar e refrescar o ambiente, que estava a 40 °C,
uma pessoa resolveu jogar água sobre um piso de granito. 
Ela observou que o líquido se concentrou em algumas 
regiões, molhando parcialmente a superfície. Ao adicionar 
detergente sobre essa água, a pessoa verificou que o
líquido se espalhou e deixou o piso totalmente molhado.
A molhabilidade da superfície foi melhorada em função da",A: solubilidade do detergente em água ser alta.; B: tensão superficial da água ter sido reduzida; C: pressão de vapor da água ter sido diminuída.; D: densidade da solução ser maior que a da água.; E: viscosidade da solução ser menor que a da água.,0.74686,E,2016
91,"Um fato corriqueiro ao se cozinhar arroz é o 
derramamento de parte da água de cozimento sobre a 
chama azul do fogo, mudando-a para uma chama amarela. 
Essa mudança de cor pode suscitar interpretações 
diversas, relacionadas às substâncias presentes na água 
de cozimento. Além do sal de cozinha (NaCl), nela se 
encontram carboidratos, proteínas e sais minerais.
Cientificamente, sabe-se que essa mudança de cor da 
chama ocorre pela","A: reação do gás de cozinha com o sal, volatilizando 
gás cloro.; B: emissão de fótons pelo sódio, excitado por causa da 
chama.; C: produção de derivado amarelo, pela reação com o 
carboidrato.; D: reação do gás de cozinha com a água, formando gás 
hidrogênio.; E: excitação das moléculas de proteínas, com formação 
de luz amarela.",1.35265,B,2017
92,"A classificação biológica proposta por Whittaker 
permite distinguir cinco grandes linhas evolutivas 
utilizando, como critérios de classificação, a organização 
celular e o modo de nutrição. Woese e seus colaboradores, 
com base na comparação das sequências que codificam 
o RNA ribossômico dos seres vivos, estabeleceram 
relações de ancestralidade entre os grupos e concluíram 
que os procariontes do reino Monera não eram um grupo 
coeso do ponto de vista evolutivo.
Descrição do quadro:
No quadro são apresentadas duas colunas. 
•	 A primeira coluna apresenta a Classificação 
de Whittaker, do ano 1969, com cinco reinos: 
Monera, Protista, Fungi, Plantae e Animalia.
•	 A segunda coluna apresenta a Classificação 
de Woese, do ano 1990, com três domínios: 
Archaea, Eubacteria e Eukarya.
O reino Monera corresponde aos domínios Archaea 
e Eubacteria. Os reinos Protista, Fungi, Plantae e 
Animalia correspondem ao domínio Eukarya.
A diferença básica nas classificações citadas é que a 
mais recente se baseia fundamentalmente em",A: tipos de células.; B: aspectos ecológicos.; C: relações filogenéticas.; D: propriedades fisiológicas.; E: características morfológicas.,2.03182,C,2017
93,"Em uma colisão frontal entre dois automóveis, a força 
que o cinto de segurança exerce sobre o tórax e abdômen 
do motorista pode causar lesões graves nos órgãos 
internos. Pensando na segurança do seu produto, um 
fabricante de automóveis realizou testes em cinco modelos 
diferentes de cinto. Os testes simularam uma colisão de  
0,30 segundo de duração, e os bonecos que representavam 
os ocupantes foram equipados com acelerômetros. 
Esse equipamento registra o módulo da desaceleração 
do boneco, que varia de zero a um valor máximo e 
volta para zero, no intervalo de tempo considerado. 
Os parâmetros como massa dos bonecos, dimensões dos 
cintos e velocidade imediatamente antes e após o impacto 
foram os mesmos para todos os testes. O resultado final 
obtido está no gráfico de aceleração por tempo.
Descrição do gráfico:
O eixo horizontal apresenta o tempo, em segundo, de 
0,00 a 0,30 (com intervalo de 0,05 em 0,05). 
O eixo vertical apresenta a aceleração, em metro por 
segundo ao quadrado, de 0 a 200 (com intervalo de 40 
em 40).
•	 Cinto 1: Aceleração máxima de 150 entre o 
intervalo de tempo de 0,00 a 0,15.
•	 Cinto 2: Aceleração máxima de 60 entre o 
intervalo de tempo de 0,04 a 0,27.
•	 Cinto 3: Aceleração máxima de 190 entre o 
intervalo de tempo de 0,12 a 0,20.
•	 Cinto 4: Aceleração máxima de 85 entre o 
intervalo de tempo de 0,05 a 0,30.
•	 Cinto 5: Aceleração máxima de 170 entre o 
intervalo de tempo de 0,20 a 0,30.
Qual modelo de cinto oferece menor risco de lesão interna 
ao motorista?",A: um; B: dois; C: três; D: quatro; E: cinco,0.91191,B,2017
94,"Coagulação acelerada
Pesquisadores criaram um tipo de plaqueta artificial, 
feita com um polímero gelatinoso coberto de anticorpos, 
que promete agilizar o processo de coagulação quando 
injetada no corpo. Se houver sangramento, esses 
anticorpos fazem com que a plaqueta mude sua forma 
e se transforme em uma espécie de rede que gruda nas 
lesões dos vasos sanguíneos e da pele.
Qual a doença cujos pacientes teriam melhora de seu 
estado de saúde com o uso desse material?",A: Filariose.; B: Hemofilia.; C: Aterosclerose.; D: Doença de Chagas.; E: Síndrome da imunodeficiência adquirida.,0.69737,B,2017
95,"A farinha de linhaça dourada é um produto natural que 
oferece grandes benefícios para o nosso organismo. A maior 
parte dos nutrientes da linhaça encontra-se no óleo desta 
semente, rico em substâncias lipossolúveis com massas 
moleculares elevadas. A farinha também apresenta altos 
teores de fibras proteicas insolúveis em água, celulose, 
vitaminas lipossolúveis e sais minerais hidrossolúveis.
Considere o esquema, que resume um processo de 
separação dos componentes principais da farinha de 
linhaça dourada.
Descrição do esquema:
•	 A farinha de linhaça é submetida à adição de éter 
etílico, seguida de agitação e filtração que levam 
à obtenção do resíduo 1 e do extrato etéreo (fase 
orgânica).
•	 O resíduo 1 é submetido à adição de água, 
seguida de agitação e filtração que levam à 
obtenção do resíduo 2 e do extrato aquoso.
•	 O extrato aquoso é submetido à destilação, e 
resulta no destilado 2 e no resíduo 3.
•	 O extrato etéreo (fase orgânica) é submetido à 
destilação, e resulta no destilado 1 e no resíduo 4.
O óleo de linhaça será obtido na fração",A: Destilado um.; B: Destilado dois.; C: Resíduo 2.; D: Resíduo 3.; E: Resíduo 4.,2.60783,E,2017
96,"Automóveis com motores movidos a álcool, quando 
desregulados, podem produzir quantidades excessivas 
de monóxido de carbono, um poluente altamente tóxico, 
na câmara de combustão. Isso ocorre porque o etanol e 
outros combustíveis orgânicos podem reagir de várias 
maneiras com o oxigênio, dependendo das condições 
físico-químicas do sistema. As equações químicas 
exemplificam duas possíveis reações de combustão do 
etanol.
Descrição das equações químicas:
Os reagentes C2H6O + 7 meios de O2 formam os 
produtos 2 CO2 + 3 H2O.
Os reagentes C2H6O + 5 meios de O2 formam os 
produtos 2 CO + 3 H2O.
Essa desregulagem causou, em relação ao 
funcionamento normal do motor, um(a)",A: excesso na admissão de ar.; B: aumento da proporção etanol por oxigênio.; C: desativação do catalisador obrigatório.; D: elevação da pressão na câmara de combustão.; E: diminuição da temperatura na câmara de combustão.,1.67212,B,2017
97,"As centrífugas são equipamentos utilizados em 
laboratórios, clínicas e indústrias. Seu funcionamento faz 
uso da aceleração centrífuga obtida pela rotação de um 
recipiente e que serve para a separação de sólidos em 
suspensão em líquidos ou de líquidos misturados entre si.
Nesse aparelho, a separação das substâncias ocorre 
em função",A: das diferentes densidades.; B: dos diferentes raios de rotação.; C: das diferentes velocidades angulares.; D: das diferentes quantidades de cada substância.; E: da diferente coesão molecular de cada substância.,0.49314,A,2017
98,"Visando explicar uma das propriedades da 
membrana plasmática, fusionou-se uma célula de 
camundongo com uma célula humana, formando uma 
célula híbrida. Em seguida, com o intuito de marcar as 
proteínas de membrana, dois anticorpos foram inseridos 
no experimento, um específico para as proteínas de 
membrana do camundongo e outro para as proteínas de 
membrana humana. Os anticorpos foram visualizados 
ao microscópio por meio de fluorescência de cores 
diferentes, como mostrado no experimento.
Descrição do experimento:
•	 Etapa 1: Seleção de uma célula de camundongo 
e de uma célula humana. A proteína da membrana 
de cada célula é representada por formatos 
diferentes.
•	 Etapa 2: A fusão celular dessas duas células 
resulta em uma célula híbrida que apresenta, 
em seu lado esquerdo, o formato da proteína 
da membrana da célula de camundongo e, do 
lado direito, o formato da proteína da membrana 
da célula humana. Foram inseridos anticorpos 
contra proteínas da membrana de camundongo 
e anticorpos contra proteínas de membrana 
humana. Esses anticorpos foram marcados com 
fluoresceína e rodamina, respectivamente.
•	 Etapa 3: Em tempo zero é possível verificar 
que os anticorpos marcados com fluoresceína 
se acoplaram às proteínas da membrana 
da célula de camundongo, à esquerda, e 
os anticorpos marcados com rodamina se 
acoplaram às proteínas da membrana da 
célula humana, à direita.
•	 Etapa 4: Em tempo igual a 40 minutos, após 
incubação a 37 graus Celsius, é possível verificar 
que os anticorpos acoplados se redistribuíram de 
maneira intercalada.
A mudança observada da etapa 3 para a etapa 4 do 
experimento ocorre porque as proteínas","A: movimentam-se livremente no plano da bicamada 
lipídica.; B: permanecem confinadas em determinadas regiões 
da bicamada.; C: auxiliam o deslocamento dos fosfolipídios da 
membrana plasmática.; D: são mobilizadas em razão da inserção de anticorpos.; E: são bloqueadas pelos anticorpos.",1.92451,A,2017
99,"Pensando no elevado número de acidentes nas 
rodovias à noite, a indústria automobilística investiu 
em um novo sistema de segurança, que consiste num 
dispositivo de visão noturna. O aparelho é capaz de 
detectar pedestres e animais, uma vez que é sensível à 
temperatura dos corpos que estão à sua frente. A partir 
disso, um computador de bordo converte os dados em 
imagens, que são mostradas ao motorista. As cores 
avermelhadas referem-se aos corpos mais próximos ao 
automóvel, enquanto que as cores azuladas, aos corpos 
mais distantes.
O sistema de segurança capta o sinal do espectro 
eletromagnético emitido pelos corpos citados, cuja 
frequência está na faixa de",A: raios X.; B: luz visível.; C: ultravioleta.; D: micro-ondas.; E: infravermelho.,0.68075,E,2017
100,"Fatores ambientais que afetam a  
precipitação úmida
Partículas microscópicas existentes na atmosfera 
funcionam como núcleos de condensação de vapor de 
água que, sob condições adequadas de temperatura 
e pressão, propiciam a formação das nuvens e 
consequentemente das chuvas. No ar atmosférico, tais 
partículas são formadas pela reação de ácidos (HX) 
com a base NH3, de forma natural ou antropogênica, 
dando origem a sais de amônio (NH4X), de acordo com a 
equação química genérica:
Descrição da equação química genérica:
Os reagentes HX (gasoso) + NH3 (gasoso) formam o 
produto NH4X (sólido).
A fixação de moléculas de vapor de água pelos núcleos 
de condensação ocorre por",A: ligações iônicas.; B: interações dipolo-dipolo.; C: interações dipolo-dipolo induzido.; D: interações íon-dipolo.; E: ligações covalentes.,2.23369,D,2017
101,"O  radar é um dispositivo usado pelos agentes de 
trânsito nas cidades ou rodovias, com a intenção de 
limitar a velocidade  e assim reduzir acidentes de trânsito. 
Alguns dispositivos funcionam emitindo ondas sonoras ou 
eletromagnéticas, que incidem no veículo em movimento 
e retornam para o dispositivo. De acordo com a alteração 
da frequência do sinal recebido, pode-se determinar a 
velocidade do veículo.
Qual fenômeno físico está associado ao funcionamento  
desse tipo de radar?",A: Difração.; B: Refração.; C: Ressonância.; D: Efeito Doppler.; E: Efeito fotoelétrico.,1.74661,D,2017
102,"A prova do carbono 14
A técnica do carbono-14 permite a datação de fósseis pela medição dos valores de emissão beta desse isótopo 
presente no fóssil. Para um ser em vida, o máximo são 15 emissões beta por, abre parêntese, minuto multiplicado por 
grama, fecha parêntese. Após a morte, a quantidade de carbono quatorze se reduz pela metade a cada 5 730 anos.
Considere que um fragmento fóssil de massa igual a 30 gramas foi encontrado em um sítio arqueológico, e a medição 
de radiação apresentou 6 750 emissões beta por hora. A idade desse fóssil, em anos, é",A: quatrocentos e cinquenta; B: mil quatrocentos e trinta e três; C: onze mil quatrocentos e sessenta; D: dezessete mil cento e noventa; E: vinte e sete mil,1.8785,C,2017
103,"A figura mostra o funcionamento de uma estação híbrida de geração de eletricidade movida a energia eólica e 
biogás. Essa estação possibilita que a energia gerada no parque eólico seja armazenada na forma de gás hidrogênio, 
usado no fornecimento de energia para a rede elétrica comum e para abastecer células a combustível.
Descrição da imagem: 
•	 Turbinas eólicas podem gerar eletricidade para a rede de distribuição elétrica ou para a produção de hidrogênio. 
•	 Nesse processo, o hidrogênio é armazenado e pode ser utilizado como combustível, ou ser misturado ao 
biogás armazenado (através de uma válvula para mistura). 
•	 Essa mistura vai para uma planta mista de geração de energia e pode gerar eletricidade para a rede de 
distribuição elétrica, ou calor para o destino da energia térmica.
 
Mesmo com ausência de ventos por curtos períodos, essa estação continua abastecendo a cidade onde está 
instalada, pois o(a)","A: planta mista de geração de energia realiza eletrólise para enviar energia à rede de distribuição elétrica.; B: hidrogênio produzido e armazenado é utilizado na combustão com o biogás para gerar calor e eletricidade.; C: conjunto de turbinas continua girando com a mesma velocidade, por inércia, mantendo a eficiência anterior.; D: combustão da mistura biogás-hidrogênio gera diretamente energia elétrica adicional para a manutenção da estação.; E: planta mista de geração de energia é capaz de utilizar todo o calor fornecido na combustão para a geração de eletricidade.",1.01157,B,2017
104,"Indústrias de processos químicos
A eletrólise é um processo não espontâneo de grande importância para a indústria química. Uma de suas 
aplicações é a obtenção do gás cloro e do hidróxido de sódio, a partir de uma solução aquosa de cloreto de sódio. 
Nesse procedimento, utiliza-se uma célula eletroquímica, como ilustrado.
Descrição da figura:
•	 A  figura apresenta uma célula eletroquímica formada por duas semicélulas separadas por um diafragma de 
amianto.
•	 A semicélula da esquerda contém um ânodo de carbono (polo positivo da célula eletroquímica) que está ligado 
ao polo positivo de uma bateria.
•	 Essa semicélula é alimentada por uma solução aquosa de NaCl, e ocorre liberação de Cl2 gasoso através de 
um orifício em sua parte superior.
•	 A semicélula da direita contém um cátodo de carbono (polo negativo da célula eletroquímica) que está ligado 
ao polo negativo da bateria.
•	 Essa semicélula apresenta, na parte inferior à direita, um dreno para a solução aquosa alcalina e, na parte 
superior, um orifício que mostra a liberação de um produto secundário.
•	 O fluxo de elétrons ocorre do ânodo para o cátodo, passando através da bateria e fechando o circuito elétrico.
No processo eletrolítico ilustrado, o produto secundário obtido é o",A: vapor de água.; B: oxigênio molecular.; C: hipoclorito de sódio.; D: hidrogênio molecular.; E: cloreto de hidrogênio.,1.66775,D,2017
105,"Agricultura natural/orgânica como instrumento de fixação biológica e manutenção do nitrogênio no solo: 
um modelo sustentável de MDL
Uma grande virada na moderna história da agricultura ocorreu depois da Segunda Guerra Mundial. Após a guerra, 
os governos haviam se deparado com um enorme excedente de nitrato de amônio, ingrediente usado na fabricação 
de explosivos. A partir daí as fábricas de munição foram adaptadas para começar a produzir fertilizantes tendo como 
componente principal os nitratos.
No ciclo natural do nitrogênio, o equivalente ao principal componente desses fertilizantes industriais é produzido na 
etapa de",A: nitratação.; B: nitrosação.; C: amonificação.; D: desnitrificação.; E: fixação biológica do N2.,1.61043,A,2017
106,"A toxicidade de algumas substâncias é normalmente 
representada por um índice conhecido como DL50 (dose 
letal mediana). Ele representa a dosagem aplicada 
a uma população de seres vivos que mata 50 por cento 
desses indivíduos e é normalmente medido 
utilizando-se ratos como cobaias. Esse índice é muito 
importante para os seres humanos, pois ao se extrapolar os 
dados obtidos com o uso de cobaias, pode-se determinar 
o nível tolerável de contaminação de alimentos, para que 
possam ser consumidos de forma segura pelas pessoas. 
O quadro apresenta três pesticidas e suas toxicidades. 
A unidade miligrama por quilograma indica a massa da 
substância ingerida pela massa da cobaia.
Descrição do quadro:
O quadro apresenta duas colunas: na primeira coluna, 
os nomes dos pesticidas e, na segunda coluna, seus 
respectivos valores de dose letal, DL50, em miligrama 
por quilograma.
•	 Diazinon: 70.
•	 Malation: 1 000.
•	 Atrazina: 3 100.
Sessenta ratos, com massa de 200 gramas 
cada, foram divididos em três grupos de vinte.  
Três amostras de ração, contaminadas, cada uma 
delas com um dos pesticidas indicados no quadro, 
na concentração de 3 miligramas por grama de 
ração, foram administradas para cada grupo de 
cobaias. Cada rato consumiu 100 gramas de ração.
Qual(ais) grupo(s) terá(ão) uma mortalidade mínima de 
10 ratos?","A: O grupo que se contaminou somente com atrazina.; B: O grupo que se contaminou somente com diazinon.; C: Os grupos que se contaminaram com atrazina e 
malation.; D: Os grupos que se contaminaram com diazinon e 
malation.; E: Nenhum dos grupos contaminados com atrazina, 
diazinon e malation.",1.606,D,2017
107,"Os medicamentos são rotineiramente utilizados pelo 
ser humano com o intuito de diminuir ou, por muitas vezes, 
curar possíveis transtornos de saúde. Os antibióticos são 
grupos de fármacos inseridos no tratamento de doenças 
causadas por bactérias.
Na terapêutica das doenças mencionadas, alguns desses 
fármacos atuam",A: ativando o sistema imunológico do hospedeiro.; B: interferindo na cascata bioquímica da inflamação.; C: removendo as toxinas sintetizadas pelas bactérias.; D: combatendo as células hospedeiras das bactérias.; E: danificando estruturas específicas da célula bacteriana.,1.11215,E,2017
108,".
Dispositivos eletrônicos que utilizam materiais de 
baixo custo, como polímeros semicondutores, têm sido 
desenvolvidos para monitorar a concentração de amônia 
(gás tóxico e incolor) em granjas avícolas. A polianilina 
é um polímero semicondutor que tem o valor de sua 
resistência elétrica nominal quadruplicado quando exposta 
a altas concentrações de amônia. Na ausência de amônia, 
a polianilina se comporta como um resistor ôhmico e a sua 
resposta elétrica é mostrada no gráfico.
Descrição do gráfico:
Gráfico da corrente elétrica (eixo vertical, em 
10 elevado a menos seis ampères) em função da 
diferença de potencial (eixo horizontal, em volt).  
O gráfico é constituído por uma linha reta inclinada 
crescente, partindo da origem dos eixos, com os 
seguintes pontos:
•	 Diferença de potencial 0,5 e corrente 1,0.
•	 Diferença de potencial 1,0 e corrente 2,0.
•	 Diferença de potencial 1,5 e corrente 3,0.
•	 Diferença de potencial 2,0 e corrente 4,0.
•	 Diferença de potencial 2,5 e corrente 5,0.
•	 Diferença de potencial 3,0 e corrente 6,0.
O valor da resistência elétrica da polianilina na presença 
de altas concentrações de amônia, em ohm, é igual a","A: zero vírgula cinco vezes, abre parêntese, dez elevado a zero, fecha parêntese.; B: dois vírgula zero vezes, abre parêntese, dez elevado a zero, fecha parêntese.; C: dois vírgula cinco vezes, abre parêntese, dez elevado a cinco, fecha parêntese.; D: cinco vírgula zero vezes, abre parêntese, dez elevado a cinco, fecha parêntese.; E: dois vírgula zero vezes, abre parêntese, dez elevado a seis, fecha parêntese.",1.65616,E,2017
109,"Nanotubos de carbono incrementam a 
 fotossíntese de plantas
Pesquisadores conseguiram estimular a absorção de 
energia luminosa em plantas graças ao uso de nanotubos 
de carbono. Para isso, nanotubos de carbono “se 
inseriram” no interior dos cloroplastos por uma montagem 
espontânea, através das membranas dos cloroplastos. 
Pigmentos da planta absorvem as radiações luminosas, 
os elétrons são “excitados” e se deslocam no interior de 
membranas dos cloroplastos, e a planta utiliza em seguida 
essa energia elétrica para a fabricação de açúcares. 
Os nanotubos de carbono podem absorver comprimentos 
de onda habitualmente não utilizados pelos cloroplastos, 
e os pesquisadores tiveram a ideia de utilizá-los como 
“antenas”, estimulando a conversão de energia solar pelos 
cloroplastos, com o aumento do transporte de elétrons.
O aumento da eficiência fotossintética ocorreu pelo fato 
de os nanotubos de carbono promoverem diretamente a",A: utilização de água.; B: absorção de fótons.; C: formação de gás oxigênio.; D: proliferação dos cloroplastos.; E: captação de dióxido de carbono.,0.81902,B,2017
110,"Impacto ambiental das barragens hidrelétricas
O fenômeno da piracema (subida do rio) é um 
importante mecanismo que influencia a reprodução 
de algumas espécies de peixes, pois induz o processo 
que estimula a queima de gordura e ativa mecanismos 
hormonais complexos, preparando-os para a reprodução. 
Intervenções antrópicas nos ambientes aquáticos, como 
a construção de barragens, interferem na reprodução 
desses animais.
Essa intervenção antrópica prejudica a piracema porque 
reduz o(a)",A: percurso da migração.; B: longevidade dos indivíduos.; C: disponibilidade de alimentos.; D: período de migração da espécie.; E: número de espécies de peixes no local.,0.85071,A,2017
111,"Fusível é um dispositivo de proteção contra 
sobrecorrente em circuitos. Quando a corrente que passa 
por esse componente elétrico é maior que sua máxima 
corrente nominal, o fusível queima. Dessa forma, evita 
que a corrente elevada danifique os aparelhos do circuito. 
Suponha que o circuito elétrico mostrado seja alimentado 
por uma fonte de tensão U e que o fusível suporte uma 
corrente nominal de 500 miliampères.
Descrição da figura:
•	 Um circuito elétrico em forma de losango com 
vértices ABCD, alimentado por uma fonte de 
tensão U. 
•	 O polo positivo da tensão U parte para o ponto 
A, e o polo negativo da tensão U para o ponto C. 
•	 Entre A e B, há um resistor de 60 ohms. 
•	 Entre B e C, há outro resistor de 60 ohms ligado 
em paralelo com um resistor de 30 ohms. 
•	 Entre C e D, há um resistor de 40 ohms. 
•	 Entre D e A, há outro resistor de 60 ohms ligado 
em paralelo com um resistor de 120 ohms que 
está em série com um fusível.
 
Qual é o máximo valor da tensão U para que o fusível não 
queime?",A: vinte volts; B: quarenta volts; C: sessenta volts; D: cento e vinte volts; E: cento e oitenta e cinco volts,1.18769,D,2017
112,"Sentinelas do mar
Os botos-cinza (Sotalia guianensis), mamíferos da 
família dos golfinhos, são excelentes indicadores da 
poluição das áreas em que vivem, pois passam toda a 
sua vida — cerca de 30 anos — na mesma região. Além 
disso, a espécie acumula mais contaminantes em seu 
organismo, como o mercúrio, do que outros animais da 
sua cadeia alimentar.
Os botos-cinza acumulam maior concentração dessas 
substâncias porque",A: são animais herbívoros.; B: são animais detritívoros.; C: são animais de grande porte.; D: digerem o alimento lentamente.; E: estão no topo da cadeia alimentar.,2.77185,E,2017
113,"O Trombone de Quincke (de formato elíptico) é um 
dispositivo experimental utilizado para demonstrar o 
fenômeno da interferência de ondas sonoras. Uma fonte 
emite ondas sonoras de determinada frequência na 
entrada do dispositivo. Essas ondas se dividem por dois 
caminhos e se encontram no ponto de saída do dispositivo, 
onde se posiciona um detector. Um desses dois caminhos 
pode ser aumentado através do deslocamento de uma das 
partes do dispositivo, que é móvel. Quando os dois trajetos 
possuem o mesmo comprimento total, cada um com  
30 centímetros na ida e 30 centímetros na volta, capta-se um 
som muito intenso na saída. Entretanto, aumentando-se 
gradativamente o trajeto da parte móvel, até que ele fique 
com um comprimento total de 40 centímetros na ida e  
40 centímetros na volta, a intensidade do som na saída 
fica praticamente nula. Dessa forma, conhecida a 
velocidade do som no interior do tubo (320 metros por 
segundo), é possível determinar o valor da frequência do 
som produzido pela fonte.
O valor da frequência, em hertz, do som produzido pela 
fonte sonora é",A: três mil e duzentos; B: mil e seiscentos; C: oitocentos; D: seiscentos e quarenta; E: quatrocentos,1.62067,C,2017
114,"O ácido acetilsalicílico, AAS (massa molar igual a 180 gramas por mol), é sintetizado a partir da reação do ácido 
salicílico (massa molar igual a 138 gramas por mol) com anidrido acético, usando-se ácido sulfúrico como catalisador, 
conforme o esquema reacional:
Descrição do esquema reacional:
Uma molécula de ácido salicílico (cadeia carbônica que contém um anel ligado no carbono 1 ao grupo COOH, por 
meio de ligação simples, e ligado no carbono 2 ao grupo hidroxila (OH), também por meio de ligação simples) reage 
com uma molécula de anidrido acético (cadeia carbônica com oxigênio no centro, ligado por meio de ligação simples 
a dois grupos C dupla O ligação simples com CH3) em presença de ácido sulfúrico e produz uma molécula de ácido 
acetilsalicílico (cadeia carbônica que contém um anel ligado no carbono 1 ao grupo COOH por meio de ligação 
simples, e ligado no carbono 2 ao grupo O ligação simples para C dupla O, e ligação simples para CH3 também por 
meio de ligação simples) e uma molécula de ácido acético (CH3 ligação simples com o grupo COOH).
Após a síntese, o AAS é purificado e o rendimento final é de aproximadamente 50 por cento. Devido às suas 
propriedades farmacológicas (antitérmico, analgésico, anti-inflamatório e antitrombótico), o AAS é utilizado como 
medicamento na forma de comprimidos, nos quais se emprega tipicamente uma massa de 500 miligramas dessa 
substância.
Uma indústria farmacêutica pretende fabricar um lote de 900 mil comprimidos, de acordo com as especificações do 
texto. Qual é a massa de ácido salicílico, em quilograma, que deve ser empregada para esse fim?",A: duzentos e noventa e três; B: trezentos e quarenta e cinco; C: quatrocentos e catorze; D: seiscentos e noventa; E: oitocentos e vinte e oito,2.68155,D,2017
115,"A Mata Atlântica caracteriza-se por uma grande diversidade de epífitas, como as bromélias. Essas plantas estão 
adaptadas a esse ecossistema e conseguem captar luz, água e nutrientes mesmo vivendo sobre as árvores.
Essas espécies captam água do(a)",A: organismo das plantas vizinhas.; B: solo através de suas longas raízes.; C: chuva acumulada entre suas folhas.; D: seiva bruta das plantas hospedeiras.; E: comunidade que vive em seu interior.,2.25847,C,2017
116,"O ferro é encontrado na natureza na forma de seus minérios, tais como a hematita (alfa-Fe2O3), a magnetita 
(Fe3O4) e a wustita (FeO). Na siderurgia, o ferro-gusa é obtido pela fusão de minérios de ferro em altos fornos em 
condições adequadas. Uma das etapas nesse processo é a formação de monóxido de carbono. O CO (gasoso) é 
utilizado para reduzir o FeO (sólido), conforme a equação química:
Descrição da equação química:
Os reagentes FeO (sólido) + CO (gasoso) formam os produtos Fe (sólido) + CO2 (gasoso).
Considere as seguintes equações termoquímicas:
Descrição das três equações termoquímicas:
Primeira equação:
•	 Os reagentes Fe2O3 (sólido) + 3 CO (gasoso) formam os produtos 2 Fe (sólido) + 3 CO2 (gasoso). 
•	 Variação de entalpia igual a −25 quilojoules por mol de Fe2O3.
Segunda equação:
•	 Os reagentes 3 FeO (sólido) + CO2 (gasoso) formam os produtos Fe3O4 (sólido) + CO (gasoso).
•	 Variação de entalpia igual a −36 quilojoules por mol de CO2.
Terceira equação:
•	 Os reagentes 2 Fe3O4 (sólido) + CO2 (gasoso) formam os produtos 3 Fe2O3 (sólido) + CO (gasoso).
•	 Variação de entalpia igual a +47 quilojoules por mol de CO2.
O valor mais próximo de variação de entalpia, em quilojoule por mol de FeO, para a reação indicada do  
FeO (sólido) com o CO (gasoso) é",A: menos catorze; B: menos dezessete; C: menos cinquenta; D: menos sessenta e quatro; E: menos cem,2.1206,B,2017
117,"Japão pesquisa efeitos da radiação na fauna e flora de Fukushima
O Japão começou uma investigação em animais e plantas para estabelecer os efeitos da radiação procedente da 
usina nuclear de Fukushima nas regiões mais afetadas pelo acidente atômico. A análise registrará os níveis de césio 
radioativo em vários pontos da província japonesa.
Esse tipo de radiação promove reações químicas anormais nos tecidos orgânicos, pois retira elétrons das moléculas 
por um processo de",A: redução.; B: eletrólise.; C: ionização.; D: fusão nuclear.; E: fissão nuclear.,0.95439,C,2017
118,"A distrofia muscular Duchenne (DMD) é uma doença 
causada por uma mutação em um gene localizado no 
cromossomo X. Pesquisadores estudaram uma família 
na qual gêmeas monozigóticas eram portadoras de um 
alelo mutante recessivo para esse gene (heterozigóticas). 
O interessante é que uma das gêmeas apresentava 
o fenótipo relacionado ao alelo mutante, isto é, DMD, 
enquanto a sua irmã apresentava fenótipo normal.
A diferença na manifestação da DMD entre as gêmeas 
pode ser explicada pela","A: dominância incompleta do alelo mutante em relação 
ao alelo normal.; B: falha na separação dos cromossomos X no momento 
da separação dos dois embriões.; C: recombinação cromossômica em uma divisão celular 
embrionária anterior à separação dos dois embriões.; D: inativação aleatória de um dos cromossomos X em 
fase posterior à divisão que resulta nos dois embriões.; E: origem paterna do cromossomo portador do alelo mutante 
em uma das gêmeas e origem materna na outra.",0.81755,D,2017
119,"Para se adequar às normas ambientais atuais, as 
construtoras precisam prever em suas obras a questão 
do uso de materiais de modo a minimizar os impactos 
causados no local. Entre esses materiais está o chamado 
concregrama ou pisograma, que é um tipo de revestimento 
composto por peças de concreto com áreas vazadas, 
preenchidas com solo gramado. As figuras apresentam 
essas duas formas de piso feitos de concreto.
Descrição da imagem:
A imagem traz a representação dos pisos de concreto 
tradicional e do concregrama. O piso tradicional de 
concreto é representado por um retângulo de concreto 
maciço, já o piso concregrama é representado por um 
retângulo de concreto com quatro retângulos menores 
vazados preenchidos com solo gramado.
A utilização desse tipo de piso em uma obra tem o objetivo 
de evitar, no solo, a",A: impermeabilização.; B: diminuição da temperatura.; C: acumulação de matéria orgânica.; D: alteração do pH.; E: salinização.,2.04059,A,2017
120,"Ácidos e bases em química orgânica 
Diversos produtos naturais podem ser obtidos de 
plantas por processo de extração. O lapachol é da classe 
das naftoquinonas. Sua estrutura apresenta uma hidroxila 
enólica (pKa = 6,0) que permite que este composto seja 
isolado da serragem dos ipês por extração com solução 
adequada, seguida de filtração simples. Considere que 
pKa igual a menos log de Ka, em que Ka é a constante 
ácida da reação de ionização do lapachol.
Descrição da estrutura química do lapachol:
A estrutura representa um ciclo com 6 átomos de 
carbono contendo uma ligação dupla entre os carbonos 
1 e 2, com as seguintes características: 
•	 um grupo hidroxila (OH) no carbono 1 do ciclo;
•	 uma cadeia carbônica ligada ao carbono 2 do 
ciclo. Essa cadeia contém 4 átomos de carbono 
com uma ligação dupla entre o segundo e o 
terceiro e um grupo metila no terceiro carbono;
•	 uma ligação dupla com oxigênio nos carbonos 
3 e 6 do ciclo;
•	 um anel benzênico condensado ao ciclo pelos 
carbonos 4 e 5 do ciclo.
Qual solução deve ser usada para extração do lapachol 
da serragem do ipê com maior eficiência?","A: Solução de Na2CO3 para formar um sal de lapachol.; B: Solução-tampão ácido acético/acetato de sódio 
(pH = 4,5).; C: Solução de NaCl a fim de aumentar a força iônica 
do meio.; D: Solução de Na2SO4 para formar um par iônico com 
lapachol.; E: Solução de HCl a fim de extraí-lo por meio de reação 
ácido-base.",1.34402,A,2017
121,"Alguns tipos de dessalinizadores usam o processo de 
osmose reversa para obtenção de água potável a partir 
da água salgada. Nesse método, utiliza-se um recipiente 
contendo dois compartimentos separados por uma 
membrana semipermeável: em um deles coloca-se água 
salgada e no outro recolhe-se a água potável. A aplicação 
de pressão mecânica no sistema faz a água fluir de um 
compartimento para o outro. O movimento das moléculas 
de água através da membrana é controlado pela pressão 
osmótica e pela pressão mecânica aplicada.
Para que ocorra esse processo é necessário que 
as resultantes das pressões osmótica e mecânica 
apresentem",A: mesmo sentido e mesma intensidade.; B: sentidos opostos e mesma intensidade.; C: sentidos opostos e maior intensidade da pressão osmótica.; D: mesmo sentido e maior intensidade da pressão osmótica.; E: sentidos opostos e maior intensidade da pressão mecânica.,2.91532,E,2017
122,"Na Idade Média, para elaborar preparados a partir 
de plantas produtoras de óleos essenciais, as coletas 
das espécies eram realizadas ao raiar do dia. Naquela 
época, essa prática era fundamentada misticamente pelo 
efeito mágico dos raios lunares, que seria anulado pela 
emissão dos raios solares. Com a evolução da ciência, 
foi comprovado que a coleta de algumas espécies ao 
raiar do dia garante a obtenção de material com maiores 
quantidades de óleos essenciais.
A explicação científica que justifica essa prática se baseia 
na","A: volatilização das substâncias de interesse.; B: polimerização dos óleos catalisada pela radiação 
solar.; C: solubilização das substâncias de interesse pelo 
orvalho.; D: oxidação do óleo pelo oxigênio produzido na 
fotossíntese.; E: liberação das moléculas de óleo durante o processo 
de fotossíntese.",1.03504,A,2017
123,"Um determinado aparelho de TV traz em uma etiqueta 
próxima ao cabo de força a informação: “Alimentação: 
100 a 240 volts, 60 hertz e 2 ampères”.
Uma pessoa decide levar esse aparelho a um 
acampamento e utilizar dez baterias de carro de 12 volts 
e 60 ampères-hora, ligadas em série, para alimentá-lo.
O aparelho não funcionará, pois","A: a bateria não fornece a potência necessária.; B: necessita de corrente alternada para sua operação.; C: as baterias foram ligadas em um arranjo diferente do 
indicado.; D: a tensão das baterias é inferior à tensão mínima 
exigida pelo aparelho.; E: uma bateria de carro não é capaz de fornecer a 
corrente exigida de dois ampères.",2.57144,B,2017
124,"Uma orquestra é constituída de diferentes 
instrumentos, que são classificados em famílias. Uma 
dessas famílias é a das cordas clássicas ou friccionadas, 
em que os instrumentos, agrupados do mais alto para o 
mais baixo, são: o violino, a viola clássica, o violoncelo e 
o contrabaixo acústico.
O violino, em comparação ao violoncelo, é capaz de 
produzir uma onda sonora com maior",A: período.; B: amplitude.; C: frequência.; D: velocidade.; E: comprimento de onda.,0.7264,C,2017
125,"Um motorista que atende a uma chamada de celular 
é levado à desatenção, aumentando a possibilidade 
de acidentes ocorrerem em razão do aumento de seu 
tempo de reação. Considere dois motoristas, o primeiro 
atento e o segundo utilizando o celular enquanto 
dirige. Eles aceleram seus carros inicialmente a  
1 metro por segundo ao quadrado. Em resposta a uma 
emergência, freiam com uma desaceleração igual a 
5 metros por segundo ao quadrado. O motorista atento 
aciona o freio à velocidade de 14 metros por segundo, 
enquanto o desatento, em situação análoga, leva 
1 segundo a mais para iniciar a frenagem.
Que distância o motorista desatento percorre a mais do 
que o motorista atento, até a parada total dos carros?",A: dois vírgula noventa metros; B: catorze vírgula zero metros; C: catorze vírgula cinco metros; D: quinze vírgula zero metros; E: dezessete vírgula quatro metros,0.56765,E,2017
126,"Uma das estratégias para conservação de alimentos 
é o salgamento, adição de cloreto de sódio (NaCl), 
historicamente utilizado por tropeiros, vaqueiros e 
sertanejos para conservar carnes de boi, porco e peixe.
O que ocorre com as células presentes nos alimentos 
preservados com essa técnica?","A: O sal adicionado diminui a concentração de solutos 
em seu interior.; B: O sal adicionado desorganiza e destrói suas 
membranas plasmáticas.; C: A adição de sal altera as propriedades de suas 
membranas plasmáticas.; D: Os íons Na+ e Cl− provenientes da dissociação do sal 
entram livremente nelas.; E: A grande concentração de sal no meio extracelular 
provoca a saída de água de dentro delas.",2.03245,E,2017
127,"Para demonstrar o processo de transformação de 
energia mecânica em elétrica, um estudante constrói um 
pequeno gerador utilizando:
•	 um fio de cobre de diâmetro D enrolado em N 
espiras circulares de área A;
•	 dois ímãs que criam no espaço entre eles um campo 
magnético uniforme de intensidade B; e 
•	 um sistema de engrenagens que lhe permite girar as 
espiras em torno de um eixo com uma frequência f. 
Ao fazer o gerador funcionar, o estudante obteve uma 
tensão máxima V e uma corrente de curto-circuito i.
Para dobrar o valor da tensão máxima V do gerador 
mantendo constante o valor da corrente de curto i, o 
estudante deve dobrar o(a)",A: número de espiras.; B: frequência de giro.; C: intensidade do campo magnético.; D: área das espiras.; E: diâmetro do fio.,1.45295,A,2017
128,"Química, a ciência global
A ozonólise, reação utilizada na indústria madeireira 
para a produção de papel, é também utilizada em 
escala de laboratório na síntese de aldeídos e cetonas. 
As duplas ligações dos alcenos são clivadas pela oxidação 
com o ozônio (O3), em presença de água e zinco metálico, 
e a reação produz aldeídos e/ou cetonas, dependendo do 
grau de substituição da ligação dupla. Ligações duplas 
dissubstituídas geram cetonas, enquanto as ligações 
duplas terminais ou monossubstituídas dão origem a 
aldeídos, como mostra o esquema.
Descrição do esquema:
O reagente but-1-eno (hidrocarboneto formado por 
quatro átomos de carbono que apresenta uma ligação 
dupla entre o primeiro e o segundo átomos de carbono) 
reage com ozônio (O3), em presença de água (H2O), 
e zinco metálico (Zn), e produz propanal (carbono 
ligado a oxigênio por meio de ligação dupla e ligado 
a um átomo de hidrogênio e a um grupo etila por meio 
de ligações simples) e metanal (carbono ligado a 
oxigênio por meio de ligação dupla e a dois átomos de 
hidrogênio por meio de ligações simples).
Considere a ozonólise do composto 1-fenil-2-metilprop-1-eno:
Descrição do composto 1-fenil-2-metilprop-1-eno:
Cadeia carbônica contendo três átomos de carbono 
com uma ligação dupla entre o primeiro e o segundo 
carbonos, um anel benzênico no primeiro carbono e 
um grupo metila no segundo carbono.
Quais são os produtos formados nessa reação?",A: Benzaldeído e propanona.; B: Propanal e benzaldeído.; C: 2-fenil-etanal e metanal.; D: Benzeno e propanona.; E: Benzaldeído e etanal.,1.41041,A,2017
129,"A terapia celular tem sido amplamente divulgada como revolucionária, por permitir a regeneração de tecidos a 
partir de células novas. Entretanto, a técnica de se introduzirem novas células em um tecido, para o tratamento de 
enfermidades em indivíduos, já era aplicada rotineiramente em hospitais.
A que técnica refere-se o texto?",A: Vacina.; B: Biópsia.; C: Hemodiálise.; D: Quimioterapia.; E: Transfusão de sangue.,1.63399,E,2017
130,"Em algumas residências, cercas eletrificadas são utilizadas com o objetivo de afastar possíveis invasores. 
Uma cerca eletrificada funciona com uma diferença de potencial elétrico de aproximadamente 10 000 volts. 
Para que não seja letal, a corrente que pode ser transmitida através de uma pessoa não deve ser maior do que 
0,01 ampère. Já a resistência elétrica corporal entre as mãos e os pés de uma pessoa é da ordem de 1 000 ohms.
Para que a corrente não seja letal a uma pessoa que toca a cerca eletrificada, o gerador de tensão deve possuir uma 
resistência interna que, em relação à do corpo humano, é",A: praticamente nula.; B: aproximadamente igual.; C: milhares de vezes maior.; D: da ordem de dez vezes maior.; E: da ordem de dez vezes menor.,1.26972,C,2017
131,"Para acender uma fogueira ou um fogão a lenha, recomenda-se utilizar inicialmente folhas secas ou lascas de 
lenha e só depois colocar as toras mais grossas. Considerando-se condições reacionais idênticas, percebe-se que as 
folhas ou lascas queimam numa velocidade maior que as toras.
O fator que determina essa maior velocidade de queima é o aumento da",A: pressão.; B: temperatura.; C: energia de ativação.; D: superfície de contato.; E: concentração dos reagentes.5,0.82494,D,2017
132,"Algumas espécies vegetais têm o tegumento das 
sementes impermeável à água. O fogo frequente, 
durante a seca, provoca uma brusca e rápida elevação 
da temperatura, que pode levar ao aparecimento de 
fissuras na casca da semente e assim torná-la permeável, 
favorecendo sua germinação.
Essa é uma característica adaptativa de vegetais típicos 
de qual bioma brasileiro?",A: Cocais.; B: Pampa.; C: Cerrado.; D: Restinga.; E: Caatinga.,0.75725,C,2017
133,"A tabela periódica
No ar que respiramos existem os chamados “gases 
inertes”. Trazem curiosos nomes gregos, que significam 
“o Novo”, “o Oculto”, “o Inativo”. E de fato são de tal 
modo inertes, tão satisfeitos em sua condição, que 
não interferem em nenhuma reação química, não se 
combinam com nenhum outro elemento e justamente por 
esse motivo ficaram sem ser observados durante séculos: 
só em 1962 um químico, depois de longos e engenhosos 
esforços, conseguiu forçar “o Estrangeiro” (o xenônio) a 
combinar-se fugazmente com o flúor ávido e vivaz, e a 
façanha pareceu tão extraordinária que lhe foi conferido 
o Prêmio Nobel.
Qual propriedade do flúor justifica sua escolha como 
reagente para o processo mencionado?",A: Densidade.; B: Condutância.; C: Eletronegatividade.; D: Estabilidade nuclear.; E: Temperatura de ebulição.,2.39752,C,2017
134,"No manual fornecido pelo fabricante de uma ducha 
elétrica de 220 volts é apresentado um gráfico com 
a variação da temperatura da água em função da 
vazão para duas condições (morno e superquente). 
Na condição superquente, a potência dissipada é de  
6 500 watts. Considere o calor específico da água 
igual a 4 200 joules por, abre parêntese, quilograma 
vezes graus Celsius, fecha parêntese, e densidade 
da água igual a 1 quilograma por litro.
Descrição do gráfico:
•	 Gráfico da variação da temperatura (eixo vertical, 
em graus Celsius) em função da vazão da água 
(eixo horizontal, em litro por minuto). 
•	 Para a posição morna, na vazão de 3 litros por 
minuto, a temperatura varia 12 graus Celsius e, 
na vazão de 8 litros por minuto, a temperatura 
varia 4 graus Celsius.
•	 Para a posição superquente, na vazão de 3 litros 
por minuto, a temperatura varia 32 graus Celsius 
e, na vazão de 8 litros por minuto, a temperatura 
varia 12 graus Celsius.
Com base nas informações dadas, a potência na condição 
morno corresponde a que fração da potência na condição 
superquente?",A: Um terço.; B: Um quinto.; C: Três quintos.; D: Três oitavos.; E: Cinco oitavos.,1.20198,D,2017
135,"A retina é um tecido sensível à luz, localizado na parte 
posterior do olho, onde ocorre o processo de formação 
de imagem. Nesse tecido, encontram-se vários tipos 
celulares específicos. Um desses tipos celulares são os 
cones, os quais convertem os diferentes comprimentos 
de onda da luz visível em sinais elétricos, que são 
transmitidos pelo nervo óptico até o cérebro.
Em relação à visão, a degeneração desse tipo celular irá","A: comprometer a capacidade de visão em cores.; B: impedir a projeção dos raios luminosos na retina.; C: provocar a formação de imagens invertidas na retina.; D: causar dificuldade de visualização de objetos próximos.; E: acarretar a perda da capacidade de alterar o diâmetro 
da pupila.",1.67212,A,2017
91,"Para serem absorvidos pelas células do intestino
humano, os lipídios ingeridos precisam ser primeiramente
emulsificados. Nessa etapa da digestão, torna-se
necessária a ação dos ácidos biliares, visto que os
lipídios apresentam uma natureza apolar e são insolúveis
em água.

Esses ácidos atuam no processo de modo a",A: hidrolisar os lipídios.; B: agir como detergentes.; C: tornar os lipídios anfifílicos.; D: promover a secreção de lipases.; E: estimular o trânsito intestinal dos lipídios.,1.38202,B,2018
92,"A tecnologia de comunicação da etiqueta RFID
(chamada de etiqueta inteligente) é usada há anos
para rastrear gado, vagões de trem, bagagem aérea e
carros nos pedágios. Um modelo mais barato dessas
etiquetas pode funcionar sem baterias e é constituído
por três componentes: um microprocessador de silício;
uma bobina de metal, feita de cobre ou de alumínio, que
é enrolada em um padrão circular; e um encapsulador,
que é um material de vidro ou polímero envolvendo
o microprocessador e a bobina. Na presença de um
campo de radiofrequência gerado pelo leitor, a etiqueta
transmite sinais. A distância de leitura é determinada
pelo tamanho da bobina e pela potência da onda de
rádio emitida pelo leitor.

A etiqueta funciona sem pilhas porque o campo",A: elétrico da onda de rádio agita elétrons da bobina.; B: elétrico da onda de rádio cria uma tensão na bobina.; C: magnético da onda de rádio induz corrente na bobina.; D: magnético da onda de rádio aquece os fios da bobina.; E: magnético da onda de rádio diminui a ressonância no interior da bobina.,0.557,C,2018
93,"Corredores ecológicos visam mitigar os efeitos da
fragmentação dos ecossistemas promovendo a ligação
entre diferentes áreas, com o objetivo de proporcionar o
deslocamento de animais, a dispersão de sementes e o
aumento da cobertura vegetal. São instituídos com base
em informações como estudos sobre o deslocamento
de espécies, sua área de vida (área necessária para o
suprimento de suas necessidades vitais e reprodutivas) e
a distribuição de suas populações.

Nessa estratégia, a recuperação da biodiversidade é
efetiva porque",A: propicia o fluxo gênico.; B: intensifica o manejo de espécies.; C: amplia o processo de ocupação humana.; D: aumenta o número de indivíduos nas populações.; E: favorece a formação de ilhas de proteção integral.,1.01563,A,2018
94,"A identificação de riscos de produtos perigosos para o
transporte rodoviário é obrigatória e realizada por meio da
sinalização composta por um painel de segurança, de cor
alaranjada, e um rótulo de risco. As informações inseridas
no painel de segurança e no rótulo de risco, conforme
determina a legislação, permitem que se identifique o
produto transportado e os perigos a ele associados.

A sinalização mostrada identifica uma substância que
está sendo transportada em um caminhão.

Descrição da sinalização:

Painel contendo dois números. Na parte superior
está o número 268; na parte inferior, o número 1005.
Do lado direito há um losango com a ilustração de
um crânio humano com dois ossos cruzados e a
informação textual: “Gás tóxico 2”.

Os três algarismos da parte superior do painel indicam
o “Número de risco”. O número 268 indica tratar-se de um
gás (2), tóxico (6) e corrosivo (8). Os quatro dígitos da
parte inferior correspondem ao “Número ONU”, que
identifica o produto transportado.
Considerando a identificação apresentada no caminhão,
o código 1005 corresponde à substância",A: eteno.; B: nitrogênio.; C: amônia.; D: propano.; E: dióxido de carbono (CO).,1.46128,C,2018
95,"Fundamentos da biologia celular

No ciclo celular atuam moléculas reguladoras. Dentre
elas, a proteína p53 é ativada em resposta a mutações
no DNA, evitando a progressão do ciclo até que os danos
sejam reparados, ou induzindo a célula à autodestruição.

A ausência dessa proteína poderá favorecer a","A: redução da síntese de DNA, acelerando o ciclo celular.; B: saída imediata do ciclo celular, antecipando a proteção do DNA.; C: ativação de outras proteínas reguladoras, induzindo a apoptose.; D: manutenção da estabilidade genética, favorecendo a longevidade.; E: proliferação celular exagerada, resultando na formação de um tumor.",0.44914,E,2018
96,"Estratificação aquática é o fenômeno de divisão
dos lagos em camadas com diferentes temperaturas.
No verão a água mais próxima à superfície é aquecida
pelo sol, formando uma camada quente, e a camada
inferior do lago se mantém mais fria. No inverno a camada
superior esfria, ocorrendo um processo de troca de
nutrientes e oxigênio entre as camadas.

Esse processo ocorre devido ao(à)",A: diminuição da taxa de evaporação da água.; B: aproximação da temperatura entre as camadas.; C: diminuição da temperatura das camadas inferiores.; D: aumento da taxa de condensação da umidade do ar.; E: aumento da densidade da água da camada superior.,1.59508,E,2018
97,"O grafeno é uma forma alotrópica do carbono
constituído por uma folha planar (arranjo bidimensional)
de átomos de carbono compactados e com a espessura
de apenas um átomo. Sua estrutura é hexagonal,
conforme a figura.

Descrição da estrutura do grafeno:

A estrutura apresenta uma rede plana formada
por vários hexágonos interligados, que contêm, em
cada vértice, um átomo de carbono. Cada átomo de
carbono está ligado a outros três átomos de carbono
presentes nos vértices desses hexágonos.

Nesse arranjo, os átomos de carbono possuem hibridação",A: de geometria linear.; B: dois de geometria trigonal planar.; C: três alternados com carbonos com hibridação de geometria linear.; D: três d de geometria planar.; E: três ddois com geometria hexagonal planar.,1.8928,B,2018
98,"Um projetista deseja construir um brinquedo que
lance um pequeno cubo ao longo de um trilho horizontal,
e o dispositivo precisa oferecer a opção de mudar a
velocidade de lançamento. Para isso, ele utiliza uma mola
e um trilho onde o atrito pode ser desprezado, conforme
a figura.

Descrição da figura:

A figura ilustra o brinquedo como um tubo (trilho
horizontal) com a extremidade esquerda fechada e a
direita aberta. Uma mola está dentro do tubo, fixada
na extremidade fechada e sendo comprimida por um
cubo, que se pretende lançar pela parte aberta.

Para que a velocidade de lançamento do cubo seja
aumentada quatro vezes, o projetista deve","A: manter a mesma mola e aumentar duas vezes a sua
deformação.; B: manter a mesma mola e aumentar quatro vezes a sua
deformação.; C: manter a mesma mola e aumentar dezesseis vezes a
sua deformação.; D: trocar a mola por outra de constante elástica duas
vezes maior e manter a deformação.; E: trocar a mola por outra de constante elástica quatro
vezes maior e manter a deformação.",2.09568,B,2018
99,"A liberação de gases poluentes para a atmosfera,
provenientes da decomposição do lixo orgânico nos
aterros sanitários, tornou-se um grande problema para o
meio ambiente. Uma das alternativas para minimizá-lo é o
aproveitamento desses gases para gerar energias elétrica
e térmica.

O gás produzido em grande quantidade utilizado para o
propósito mencionado é o",A: H₂S – Sulfeto de hidrogênio (ou Ácido sulfídrico); B: CH₄ – Metano; C: N₂O – Óxido nitroso (ou Monóxido de dinitrogênio); D: NO₂ – Dióxido de nitrogênio; E: SO₃ – Trióxido de enxofre,0.77702,B,2018
100,"O carro flex é uma realidade no Brasil. Estes veículos
estão equipados com motor que tem a capacidade
de funcionar com mais de um tipo de combustível. No
entanto, as pessoas que têm esse tipo de veículo, na
hora do abastecimento, têm sempre a dúvida: álcool ou
gasolina? Para avaliar o consumo desses combustíveis,
realizou-se um percurso com um veículo flex, consumindo
40 litros de gasolina e no percurso de volta utilizou-se etanol.
Foi considerado o mesmo consumo de energia tanto no
percurso de ida quanto no de volta.

O quadro resume alguns dados aproximados sobre
esses combustíveis.

Descrição do quadro:

Quadro com dois combustíveis e seus valores de
densidade em grama por mililitro e calor de combustão
em quilocaloria por grama.

Etanol:

densidade: 0,8

calor de combustão: —6
Gasolina:

densidade: 0,7

calor de combustão: —10

O volume de etanol combustível, em litro, consumido no
percurso de volta é mais próximo de",A: 27 – Vinte e sete; B: 32 – Trinta e dois; C: 37 – Trinta e sete; D: 58 – Cinquenta e oito; E: 67 – Sessenta e sete;,1.54804,D,2018
101,"As abelhas utilizam a sinalização química para
distinguir a abelha-rainha de uma operária, sendo
capazes de reconhecer diferenças entre moléculas.
A rainha produz o sinalizador químico conhecido como
ácido 9-hidroxidec-2-enoico, enquanto as abelhas-
-operárias produzem ácido 10-hidroxidec-2-enoico.
Nós podemos distinguir as abelhas-operárias e rainhas
por sua aparência, mas, entre si, elas usam essa
sinalização química para perceber a diferença. Pode-se
dizer que veem por meio da química.

As moléculas dos sinalizadores químicos produzidas
pelas abelhas rainha e operária possuem diferença na",A; fórmula estrutural.; B: fórmula molecular.; C: identificação dos tipos de ligação.;D: contagem do número de carbonos.; E: identificação dos grupos funcionais.,0.97872,A,2018
102,"Insetos podem apresentar três tipos de desenvolvimento.
Um deles, a holometabolia (desenvolvimento completo),
é constituído pelas fases de ovo, larva, pupa e adulto
sexualmente maduro, que ocupam diversos hábitats.
Os insetos com holometabolia pertencem às ordens mais
numerosas em termos de espécies conhecidas.

Esse tipo de desenvolvimento está relacionado a um
maior número de espécies em razão da","A: proteção na fase de pupa, favorecendo a sobrevivência
de adultos férteis.; B: produção de muitos ovos, larvas e pupas, aumentando
o número de adultos.; C: exploração de diferentes nichos,
competição entre as fases da vida.; D: ingestão de alimentos em todas as fases de vida,
garantindo o surgimento do adulto.; E: utilização do mesmo alimento em todas as fases,
otimizando a nutrição do organismo.",1.42382,C,2018
103,"Talvez você já tenha bebido suco usando dois
canudinhos iguais. Entretanto, pode-se verificar que, se
colocar um canudo imerso no suco e outro do lado de
fora do líquido, fazendo a sucção simultaneamente em
ambos, você terá dificuldade em bebê-lo.

Essa dificuldade ocorre porque o(a)","A: força necessária para a sucção do ar e do suco
simultaneamente dobra de valor.; B: densidade do ar é menor que a do suco, portanto, o
volume de ar aspirado é muito maior que o volume
de suco.; C: velocidade com que o suco sobe deve ser constante
nos dois canudos, o que é impossível com um dos
canudos de fora.; D: O peso da coluna de suco é consideravelmente maior
que o peso da coluna de ar, o que dificulta a sucção
do líquido.; E: pressão no interior da boca assume praticamente o
mesmo valor daquela que atua sobre o suco.",1.81929,E,2018
104,"O alemão Fritz Haber recebeu o Prêmio Nobel de
química de 1918 pelo desenvolvimento de um processo
viável para a síntese da amônia (NH,). Em seu discurso
de premiação, Haber justificou a importância do feito
dizendo que:

“Desde a metade do século passado, tornou-se
conhecido que um suprimento de nitrogênio é uma
necessidade básica para o aumento das safras de
alimentos; entretanto, também se sabia que as plantas
não podem absorver o nitrogênio em sua forma simples,
que é o principal constituinte da atmosfera. Elas precisam
que o nitrogênio seja combinado [...] para poderem
assimilá-lo.

Economias agrícolas basicamente mantêm o balanço
do nitrogênio ligado. No entanto, com o advento da era
industrial, os produtos do solo são levados de onde cresce
a colheita para lugares distantes, onde são consumidos,
fazendo com que o nitrogênio ligado não retorne à terra
da qual foi retirado.

Isso tem gerado a necessidade econômica mundial
de abastecer o solo com nitrogênio ligado. [...] Ademanda
por nitrogênio, tal como a do carvão, indica quão diferente
nosso modo de vida se tornou com relação ao das
pessoas que, com seus próprios corpos, fertilizam o solo
que cultivam.

Desde a metade do último século, nós vínhamos
aproveitando o suprimento de nitrogênio do salitre que
a natureza tinha depositado nos desertos montanhosos
do Chile. Comparando o rápido crescimento da demanda
com a extensão calculada desses depósitos, ficou
claro que em meados do século atual uma emergência
seríssima seria inevitável, a menos que a química
encontrasse uma saída.”

De acordo com os argumentos de Haber, qual fenômeno
teria provocado o desequilíbrio no “balanço do nitrogênio
ligado”?","A: esgotamento das reservas de salitre no Chile.; B: O aumento da exploração de carvão vegetal e carvão
mineral.; C: A redução da fertilidade do solo nas economias
agrícolas.; D: A intensificação no fluxo de pessoas do campo para
as cidades.; E: A necessidade das plantas de absorverem sais de
nitrogênio disponíveis no solo.",1.777,D,2018
105,"A polinização, que viabiliza o transporte do grão de
pólen de uma planta até o estigma de outra, pode ser
realizada biótica ou abioticamente. Nos processos
abióticos, as plantas dependem de fatores como o vento
e a água.

A estratégia evolutiva que resulta em polinização mais
eficiente quando esta depende do vento é o(a)",A: diminuição do cálice.; B: alongamento do ovário.; C: disponibilização do néctar.; D: intensificação da cor das pétalas.; E: aumento do número de estames.,1.29656,E,2018
106,"Muitos smartphones e tablets não precisam mais
de teclas, uma vez que todos os comandos podem ser
dados ao se pressionar a própria tela. Inicialmente
essa tecnologia foi proporcionada por meio das telas
resistivas, formadas basicamente por duas camadas de
material condutor transparente que não se encostam até
que alguém as pressione, modificando a resistência total
do circuito de acordo com o ponto onde ocorre o toque.
A imagem é uma simplificação do circuito formado pelas
placas, em que A e B representam pontos onde o circuito
pode ser fechado por meio do toque.

Descrição da imagem:

Circuito elétrico composto por dois ramos
ligados em paralelo, conectados a uma fonte de
tensão. Cada ramo possui dois resistores iguais de
resistência 4 quilo-ohms. Entre os resistores de cada
ramo existe uma chave A que, quando fechada,
conecta os dois ramos (na figura, esta chave está
aberta). Após os resistores de cada ramo existe
uma chave B que, quando fechada, conecta os dois
ramos (na figura, esta chave também está aberta).

Qual é a resistência equivalente no circuito provocada por
um toque que fecha o circuito no ponto A?",A: Um vírgula três quilo-ohm; B: Quatro vírgula zero quilo-ohms; C: Seis vírgula zero quilo-ohms; D: Seis vírgula sete quilo-ohms; E: Doze vírgula zero quilo-ohms;,1.31695,C,2018
107,"Companhias que fabricam jeans usam cloro para
o clareamento, seguido de lavagem. Algumas estão
substituindo o cloro por substâncias ambientalmente mais
seguras como peróxidos, que podem ser degradados
por enzimas chamadas peroxidases. Pensando nisso,
pesquisadores codificadores de
peroxidases em leveduras cultivadas nas condições de

clareamento e lavagem dos jeans e selecionaram as

inseriram genes

sobreviventes para produção dessas enzimas.

Nesse caso, o uso dessas leveduras modificadas objetiva","A: reduzir a quantidade de resíduos tóxicos nos efluentes
da lavagem.; B: eliminar a necessidade de tratamento da água
consumida.; C: elevar a capacidade de clareamento dos jeans.; D: aumentar a resistência do jeans a peróxidos.; E: associar ação bactericida ao clareamento.",0.37898,A,2018
108,"Química na saúde

Por meio de
carboidratos, lipídeos e proteínas, nossas células obtêm
energia e produzem gás carbônico e água. A oxidação da
glicose no organismo humano libera energia, conforme

reações químicas que envolvem

ilustra a equação química, sendo que aproximadamente
40 por cento dela é disponibilizada para atividade muscular.

Descrição da equação química:

Os reagentes C,H,,O, (sólido) mais 6 O, (gasoso)
formam os produtos 6 CO, (gasoso) mais 6 H,O
(líquido). Variação de entalpia igual a —2 800 quilojoules.

Considere as massas molares (em grama por mol):
H igual a 1; C igual a 12; O igual a 16.
Na oxidação de 1,0 grama de glicose, a energia obtida
para atividade muscular, em quilojoule, é mais próxima de",A: Seis vírgula dois; B: Quinze vírgula seis; C: Setenta vírgula zero; D: Seiscentos e vinte e dois vírgula dois; E: Mil cento e vinte vírgula zero;,1.61171,A,2018
109,"Alguns peixes, como o poraquê, a enguia-elétrica da
Amazônia, podem produzir uma corrente elétrica quando
se encontram em perigo. Um poraquê de 1 metro de
comprimento, em perigo, produz uma corrente em torno
de 2 ampéres e uma voltagem de 600 volts.

O quadro apresenta a potência aproximada de
equipamentos elétricos.

Descrição do quadro:

Quadro com alguns equipamentos elétricos e
seus valores de potência aproximada em watt.

Exaustor: 150.

Computador: 300.

Aspirador de pó: 600.
Churrasqueira elétrica: 1 200.
Secadora de roupas: 3 600.

O equipamento elétrico que tem potência similar àquela
produzida por esse peixe em perigo é o(a)",A: exaustor.; B: computador.; C: aspirador de pó.; D: churrasqueira elétrica.; E: secadora de roupas.,0.81755,D,2018
110,"Ao pesquisar um resistor feito de um novo tipo
de material, um cientista observou o comportamento
mostrado no gráfico tensão versus corrente.

Descrição do gráfico:

A escala de tensão varia de O volt a 120 volts,
enquanto a escala de corrente varia de O ampére a 7
ampéres. O gráfico é uma curva contínua e crescente
com uma leve concavidade voltada para cima partindo
do ponto (0, 0) e chegando ao ponto (7, 120).

Após a análise do gráfico, ele concluiu que a tensão
em função da corrente é dada pela equação: Tensão
é igual a 10 vezes o valor da corrente mais o valor da
corrente elevado ao quadrado.

O gráfico da resistência elétrica do resistor em função da
corrente é","A: Descrição do gráfico:

Gráfico de linha. No eixo horizontal, a corrente elétrica, de zero a sete ampéres. No eixo vertical, a resistência, de zero a vinte ohms. Do ponto (zero, dez) parte uma linha reta horizontal para o ponto (sete, dez).; B: Descrição do gráfico:

Gráfico de linha. No eixo horizontal, a corrente elétrica, de zero a sete ampéres. No eixo vertical, a resistência, de dez a trinta ohms. Do ponto (zero, dezessete) parte uma linha reta horizontal para o ponto (sete, dezessete).; C: Descrição do gráfico:

Gráfico de linha. No eixo horizontal, a corrente elétrica, de zero a sete ampéres. No eixo vertical, a resistência, de zero a oito ohms. Do ponto (zero, zero) parte uma linha reta em diagonal crescente para o ponto (sete, sete).; D: Descrição do gráfico:

Gráfico de linha. No eixo horizontal, a corrente elétrica, de zero a sete ampéres. No eixo vertical, a resistência, de oito a dezoito ohms. Do ponto (zero, dez) parte uma linha reta em diagonal crescente para o ponto (sete, dezessete).; E: Descrição do gráfico:

Gráfico de linha. No eixo horizontal, a corrente elétrica, de zero a sete ampéres. No eixo vertical, a resistência, de zero a sessenta ohms. Do ponto (zero, dez) parte uma linha curva crescente, com concavidade voltada para cima, para o ponto (sete, sessenta).",1.50273,D,2018
111,"Nas indústrias é muito comum o uso de equipamentos
de medição do pH, aparelhos que indicam a molaridade do
fon hidrônio (H,0*). Em soluções diluídas, tratadas como
ideais, a atividade do fon hidrônio é igual à molaridade
desse íon. Para assegurar a precisão desses aparelhos,
deve-se calibrá-los com soluções-tampão de pH 4, pH 7
e pH 10.

Na calibração desse medidor, a solução-tampão de menor
pH apresenta","A: molaridade do íon hidrônio igual a 4.; B: O elevada concentração de íons OH” livres.; C: caráter neutro com carência de íons hidrônio.; C: concentração de íons hidrônio superior à de íons OH”.; E: aspecto básico com excesso de íons hidrônio em
solução.",1.66671,D,2018
112,"Um estudante relatou que o mapeamento do DNA da
cevada foi quase todo concluído e seu código genético
desvendado. Chamou atenção para o número de genes
que compõem esse código genético e que a semente da
cevada, apesar de pequena, possui um genoma mais
complexo que o humano, sendo boa parte desse código
constituída de sequências repetidas. Nesse contexto,
o conceito de código genético está abordado de forma
equivocada.

Cientificamente esse conceito é definido como","A: trincas de nucleotídeos que codificam os aminoácidos.; B: localização de todos os genes encontrados em um
genoma.; C: codificação de sequências repetidas presentes em
um genoma.; D: conjunto de todos os RNAs mensageiros transcritos
em um organismo.; E: todas as sequências de pares de bases presentes em
um organismo.",1.93822,A,2018
113,"As fontes de energia podem ser classificadas de
acordo com a origem do recurso e sua capacidade de
reposição natural. Apesar de o Brasil ser rico em matrizes
energéticas, episódios como os apagões, em alguns
estados, e a seca nos reservatórios de hidrelétricas
retomaram a discussão sobre a opção de se produzir:
i) energia limpa, ii) de baixo impacto ambiental e de
contaminação e iii) independente da ação humana para
se renovar.

Uma fonte de energia que atende aos três critérios
mencionados é a",A: fóssil.; B: eólica.; C: hídrica.; D: nuclear.; E: biomassa.,-0.15671,B,2018
114,"O nível metabólico de uma célula pode ser determinado
pela taxa de síntese de RNAs e proteínas, processos
dependentes de energia. Essa diferença na taxa de

síntese de biomoléculas é refletida na abundância e
características morfológicas dos componentes celulares.
Em uma empresa de produção de hormônios proteicos
a partir do cultivo de células animais, um pesquisador
deseja selecionar uma linhagem com o metabolismo de
síntese mais elevado, dentre as cinco esquematizadas
na figura.

Descrição da figura:

Legenda que serve de referência para as demais
imagens, com uma membrana plasmática, na
qual estão representadas as seguintes estruturas:
Mitocôndria, Retículo endoplasmático rugoso,
Nucléolo, Eucromatina e Heterocromatina.

Abaixo da legenda há 5 linhagens, numeradas de
| a V, todas de mesmo tamanho, descritas a seguir:

Il. Duas mitocôndrias, uma unidade de retículo
endoplasmático rugoso, um núcleo pequeno com
nucléolo pequeno, eucromatina e grande quantidade
de heterocromatina.

Il. Quatro mitocôndrias, duas unidades de retículo
endoplasmático rugoso, um núcleo grande com um
nucléolo grande, eucromatina e quantidade média de
heterocromatina.

III. Quatro mitocôndrias, duas unidades de retículo
endoplasmático rugoso, um núcleo pequeno com um
nucléolo pequeno, eucromatina e grande quantidade
de heterocromatina.

IV. Quatro mitocôndrias, quatro unidades de
retículo endoplasmático rugoso, um núcleo grande
com um nucléolo grande, eucromatina e quantidade
pequena de heterocromatina.

V. Duas mitocôndrias, uma unidade de retículo
endoplasmático rugoso, um núcleo grande com um
nucléolo pequeno, eucromatina e quantidade média
de heterocromatina.

Qual linhagem deve ser escolhida pelo pesquisador?",A: I; B: II; C: III; D: IV; E: V,1.05073,D,2018
115,"O deserto é um bioma que se localiza em regiões de
pouca umidade. A fauna é, predominantemente, composta
por animais roedores, aves, répteis e artrópodes.

Uma adaptação, associada a esse bioma, presente nos
seres vivos dos grupos citados é o(a)","A: existência de numerosas glândulas sudoríparas na
epiderme.; B: eliminação de excretas nitrogenadas de forma
concentrada.; C: desenvolvimento do embrião no interior de ovo com casca.; D: capacidade de controlar a temperatura corporal.; E: respiração realizada por pulmões foliáceos.",1.35731,B,2018
116,"O sulfeto de mercúrio(Il) foi usado como pigmento
vermelho para pinturas de quadros e murais.
Esse pigmento, conhecido como vermilion, escurece
com o passar dos anos, fenômeno cuja origem é alvo
de pesquisas. Aventou-se a hipótese de que o vermilion
seja decomposto sob a ação da luz, produzindo uma fina
camada de mercúrio metálico na superfície. Essa reação
seria catalisada por íon cloreto presente na umidade do ar.

Segundo a hipótese proposta, o íon cloreto atua na
decomposição fotoguímica do vermilion",A: reagindo como agente oxidante.; B: deslocando o equilíbrio químico.; C: diminuindo a energia de ativação.; D: precipitando cloreto de mercúrio.; E: absorvendo a energia da luz visível.,1.41415,C,2018
117,"O sonorizador é um dispositivo físico implantado
sobre a superfície de uma rodovia de modo que provoque
uma trepidação e ruído quando da passagem de um
veículo sobre ele, alertando para uma situação atípica à
frente, como obras, pedágios ou travessia de pedestres.
Ao passar sobre os sonorizadores, a suspensão do veículo
sofre vibrações que produzem ondas sonoras, resultando em
um barulho peculiar.

Considere um veículo que passe com velocidade
constante igual a 108 quilômetros por hora sobre um
sonorizador cujas faixas são separadas por uma distância
de 8 centímetros.

A frequência da vibração do automóvel percebida pelo
condutor durante a passagem nesse sonorizador é mais
próxima de",A: Oito vírgula seis hertz; B: Treze vírgula cinco hertz; C: Trezentos e setenta e cinco hertz; D: Mil trezentos e cinquenta hertz; E: Quatro mil oitocentos e sessenta hertz,1.42925,C,2018
118,"As pessoas que utilizam objetos cujo princípio de
funcionamento é o mesmo do das alavancas aplicam
uma força, chamada de força potente, em um dado
ponto da barra, para superar ou equilibrar uma segunda
força, chamada de resistente, em outro ponto da barra.
Por causa das diferentes distâncias entre os pontos de
aplicação das forças, potente e resistente, os seus efeitos
também são diferentes. A figura mostra alguns exemplos
desses objetos.

Descrição da figura:

A figura contém as imagens de cinco objetos:
pinça, alicate, quebra-nozes, carrinho de mão e
abridor de garrafa.

Em qual dos objetos a força potente é maior que a força
resistente?",A: Pinça.; B: Alicate.; C: Quebra-nozes.; D: Carrinho de mão.; E: Abridor de garrafa.,2.55861,A,2018
119,"Na mitologia grega, Nióbia era a filha de Tântalo, dois
personagens conhecidos pelo sofrimento. O elemento
químico de número atômico (Z) igual a 41 tem propriedades
químicas e físicas tão parecidas com as do elemento de
número atômico 73 que chegaram a ser confundidos.
Por isso, em homenagem a esses dois personagens
da mitologia grega, foi conferido a esses elementos os
nomes de nióbio (Z igual a 41) e tântalo (Z igual a 73).
Esses dois elementos químicos adquiriram grande
importância econômica na metalurgia, na produção de
supercondutores e em outras aplicações na indústria de
ponta, exatamente pelas propriedades químicas e físicas
comuns aos dois.

Aimportância econômica e tecnológica desses elementos,
pela similaridade de suas propriedades químicas e físicas,
deve-se a","A: terem elétrons no subnível f.; B: serem elementos de transição interna.; C: pertencerem ao mesmo grupo na tabela periódica.; D: terem seus elétrons mais externos nos níveis 4 e 5,
respectivamente.; E: estarem localizados na família dos alcalinos terrosos
e alcalinos, respectivamente.",2.06279,C,2018
120,"A investigação de alterações morfológicas que
ocorrem em macrófitas aquáticas presentes em lagoas
indicou uma redução na cutícula desses vegetais
associada à permanência em água doce.

Qual é a função adaptativa dessa característica
morfológica?","A: Ampliar a captação de luz solar.; B: Possibilitar a flutuação do vegetal.; C: Melhorar a captação de nutrientes.; D: 
Facilitar as trocas de gases respiratórios.; E: Aumentar a captação de seiva bruta pelo vegetal.",1.85245,D,2018
121,"O cruzamento de duas espécies da família das
Anonáceas, a cherimoia (Annona cherimola) com a
fruta-pinha (Annona squamosa), resultou em uma planta
híbrida denominada de atemoia. Recomenda-se que o
seu plantio seja por meio de enxertia.

Um dos benefícios dessa forma de plantio é a",A: ampliação da variabilidade genética.; B: produção de frutos das duas espécies.; C: manutenção do genótipo da planta híbrida.; D: reprodução de clones das plantas parentais.; E: modificação do genoma decorrente da transgenia.,2.03465,C,2018
122,"O processo de obtenção de energia elétrica está
passando por grandes discussões em países como
Estados Unidos, Alemanha e Japão após o acidente
ocorrido na usina de Fukushima em 2011, pois eles
possuem sua matriz energética fortemente baseada na
utilização de energia nuclear. Esta fonte energética, não
renovável, é obtida pela energia liberada de núcleos
atômicos de elementos químicos radiativos, como o
urânio, que se partem durante um processo de reação
em cadeia controlada que ocorre no interior de um reator
nuclear. A energia liberada é absorvida pela água, que
vaporizada movimenta um gerador elétrico.

Para o processo de obtenção de energia apresentado, o
processo físico, no interior do reator, é conhecido como",A: fusão.; B: fissão.; C: transmutação.; D: ionização.; E: aniquilação.,0.55189,B,2018
123,"A utilização de extratos de origem natural tem
recebido a atenção de pesquisadores em todo o mundo,
principalmente nos países em desenvolvimento que
são altamente acometidos por doenças infecciosas e
parasitárias. Um bom exemplo dessa utilização são os
produtos de origem botânica que combatem insetos.

O uso desses produtos pode auxiliar no controle da",A: esquistossomose.; B: leptospirose.; C: leisnmaniose.; D: hanseníase.; E: aids.; ,1.28024,C,2018
124,"Nos manuais de instalação de equipamentos de som há o alerta aos usuários para que observem a correta
polaridade dos fios ao realizarem as conexões das caixas de som. As figuras ilustram o esquema de conexão das
caixas de som de um equipamento de som mono, no qual os alto-falantes emitem as mesmas ondas. No primeiro
caso, a ligação obedece às especificações do fabricante e no segundo mostra uma ligação na qual a polaridade está
invertida.

Descrição das figuras:

As figuras apresentam dois esquemas de ligação de um equipamento de som com duas conexões, sendo uma
para o alto-falante esquerdo (E) e a outra para o alto-falante direito (D). Cada conexão possui um polo positivo e
outro negativo.

O primeiro esquema, denominado polaridade correta, apresenta fios ligando os polos positivo com positivo e
negativo com negativo das conexões do equipamento com cada alto-falante.

No segundo esquema, denominado polaridade invertida, o alto-falante da esquerda está ligado conforme
a primeira imagem, enquanto o alto-falante da direita apresenta o polo positivo ligado ao polo negativo do
equipamento, bem como o polo negativo ligado ao polo positivo do equipamento.

O que ocorre com os alto-falantes E e D se forem conectados de acordo com o segundo esquema?","A: alto-falante E funciona normalmente e o D entra em curto-circuito e não emite som.; B: alto-falante E emite ondas sonoras com frequências ligeiramente diferentes do alto-falante D provocando o
fenômeno de batimento.; C: alto-falante E emite ondas sonoras com frequências e fases diferentes do alto-falante D provocando o fenômeno
conhecido como ruído.; D: alto-falante E emite ondas sonoras que apresentam um lapso de tempo em relação às emitidas pelo alto-falante D
provocando o fenômeno de reverberação.; E: alto-falante E emite ondas sonoras em oposição de fase às emitidas pelo alto-falante D provocando o fenômeno
de interferência destrutiva nos pontos equidistantes aos alto-falantes.",2.00253,E,2018
125,"As pilhas de Bagdá

Em 1938 o arqueólogo alemão Wilhelm Kônig, diretor do Museu Nacional do Iraque, encontrou um objeto estranho
na coleção da instituição, que poderia ter sido usado como uma pilha, similar às utilizadas em nossos dias. A suposta
pilha, datada de cerca de 200 anos antes de Cristo, é constituída de um pequeno vaso de barro (argila) no qual foram
instalados um tubo de cobre, uma barra de ferro (aparentemente corroída por ácido) e uma tampa de betume (asfalto),
conforme ilustrado. Considere que os potenciais-padrão de redução do ferro (Fe de carga 2+ para Fe), do hidrogênio
(H de carga positiva para H.) e do cobre (Cu de carga 2+ para Cu) são, respectivamente, iguais a —0,44 volt, 0,00 volt
e +0,34 volt.

Descrição da imagem:

Um vaso de barro bojudo, de gargalo estreito na parte superior. Nesse gargalo está inserido um tubo de cobre.
Dentro do tubo há uma barra de ferro que não está em contato com o cobre. Ambos estão fixados com uma tampa
de betume. Tanto o tubo quanto a barra se alongam até um pouco abaixo da metade do vaso. Entre as paredes do
vaso e o tubo de cobre há a indicação de vestígios de ácido.

Nessa suposta pilha, qual dos componentes atuaria como cátodo?",A: tampa de betume.; B: vestígio de ácido.; C: barra de ferro.; D: tubo de cobre.; E: vaso de barro.,1.12818,D,2018
126,"Anabolismo e catabolismo são processos celulares
antagônicos, que são controlados principalmente pela
ação hormonal. Por exemplo, no fígado a insulina atua
como um hormônio com ação anabólica, enquanto o
glucagon tem ação catabólica e ambos são secretados
em resposta ao nível de glicose sanguínea.

Em caso de um indivíduo com hipoglicemia, o hormônio
citado que atua no catabolismo induzirá o organismo a",A: realizar a fermentação lática.; B: metabolizar aerobicamente a glicose.; C: produzir aminoácidos a partir de ácidos graxos.; D: transformar ácidos graxos em glicogênio.; E: estimular a utilização do glicogênio.,1.5452,E,2018
127,"Os instrumentos musicais de corda, como a viola,
o violão e o berimbau, funcionam emitindo ondas sonoras
produzidas pelas vibrações de suas cordas. Um dos recursos
para obter diferentes sons com tais instrumentos é alterar
o comprimento das cordas vibrantes, prendendo-as com
os dedos no braço do instrumento, como um músico que,
ao tocar um violão, modifica a posição de seu dedo para
diminuir o comprimento de uma dessas cordas vibrantes.

Nessa situação, o som que o músico obterá para essa
corda será mais","A: grave, pois aumenta a tensão na corda.; B: grave, pois diminui o comprimento de onda na corda.; C: agudo, pois diminui a amplitude de vibração na corda.; D: agudo, pois diminui o período de vibração da ondana corda.; E: agudo, pois aumenta a velocidade de propagação da onda na corda.",1.38797,D,2018
128,"Quando uma corrente elétrica passa pelo nosso
corpo, a ação sobre os nervos e os músculos produz
uma reação do nosso corpo a que chamamos choque.
A intensidade do choque depende da intensidade da
corrente. Quanto maior a intensidade da corrente, mais
forte será o choque. Quando uma pessoa está com o
corpo molhado, a intensidade da corrente que atravessa
o seu corpo aumenta e o choque é mais intenso.

O corpo molhado provoca o efeito descrito no texto porque",A: reduz a resistividade.; B: reduz a área de contato.; C: reduz o percurso da corrente elétrica.; D: aumenta a diferença de potencial elétrico.; E: aumenta a energia das partículas elétricas.,0.87794,A,2018
129,"De embalagens a foguetes, o alumínio tem ampla
utilidade na vida do ser humano. A principal fonte desse
metal é a bauxita, mineral que contém vários óxidos de
alumínio, sendo a alumina (Al,O,) o principal deles. Após
extração e refinamento térmico da bauxita, a alumina
obtida é convertida eletroliticamente em alumínio metálico.

Essa conversão envolve uma transformação de energia",A: térmica em elétrica.; B: elétrica em química.; C: elétrica em mecânica.; D: térmica em mecânica.; E: mecânica em química.,0.85562,B,2018
130,"A suinocultura é uma atividade importante para a
economia brasileira, pois gera emprego e renda em
2 milhões de propriedades rurais. Porém, a preocupação
com a poluição do ambiente é uma das maiores ameaças
à sua sobrevivência e expansão, pois um suíno adulto
produz em média 0,27 metro cúbico por mês de dejetos que
constituem risco à saúde da população. Contudo, esses
dejetos podem ser utilizados como substratos no processo
de biodigestão.

A utilização de biodigestores, na atividade mencionada,
proporciona o(a)",A: redução do consumo de ração.; B: aumento da produção de suínos.; C: aumento da emissão de amônia em uma região.; D: diversificação das técnicas de manejo de suínos.; E: diversificação da matriz energética de uma região.,0.79494,E,2018
131,"Em desenhos animados é comum vermos a
personagem tentando impulsionar um barco soprando ar
contra a vela para compensar a falta de vento. Algumas
vezes usam o próprio fôlego, foles ou ventiladores.
Estudantes de um laboratório didático resolveram
investigar essa possibilidade. Para isso, usaram dois
pequenos carros de plástico, A e B, instalaram sobre
estes pequenas ventoinhas e fixaram verticalmente uma
cartolina de curvatura parabólica para desempenhar
uma função análoga à vela de um barco. No carro B
inverteu-se o sentido da ventoinha e manteve-se a vela,
a fim de manter as características físicas do barco,
massa e formato da cartolina. A montagem do carro A
busca simular a situação dos desenhos animados, pois
a ventoinha está direcionada para a vela. A cartolina foi
instalada à direita e a ventoinha foi instalada à esquerda,
em ambos os carros.

Os estudantes ligaram as ventoinhas, aguardaram o
fluxo de ar ficar permanente e determinaram os módulos
das velocidades médias dos carros A (V,) e B (V,) para o
mesmo intervalo de tempo.

A respeito das intensidades das velocidades médias
e do sentido de movimento do carro A, os estudantes
observaram que:",A: Velocidade do carro A é igual a zero; Velocidade do carro B é maior que zero; o carro A não se move.; B: Zero é menor que a velocidade do carro A e a velocidade do carro A é menor que a velocidade do carro B; o carro A se move para a direita.; C: Zero é menor que a velocidade do carro A e a velocidade do carro A é menor que a velocidade do carro B; o carro A se move para a esquerda.; D: Zero é menor que a velocidade do carro B e a velocidade do carro B é menor que a velocidade do carro A; o carro À se move para a direita.; E: Zero é menor que a velocidade do carro Be a velocidade do carro B é menor que a velocidade do carro À; o carro A se move para a esquerda.,1.16868,B,2018
132,"Elementos da natureza e propriedades dos solos

O manejo adequado do solo possibilita a manutenção
de sua fertilidade à medida que as trocas de nutrientes
entre matéria orgânica, água, solo e o ar são mantidas
para garantir a produção. Algumas espécies iônicas de
alumínio são tóxicas, não só para a planta, mas para
muitos organismos como as bactérias responsáveis
pelas transformações no ciclo do nitrogênio. O alumínio
danifica as membranas das células das raízes e restringe
a expansão de suas paredes, com isso, a planta não
cresce adequadamente. Para promover benefícios para a
produção agrícola, é recomendada a remediação do solo
utilizando calcário (CaCO,).

Essa remediação promove no solo o(a)","A: diminuição do pH, deixando-o fértil.; B: solubilização do alumínio, ocorrendo sua lixiviação pela chuva.; C: interação do íon cálcio com o íon alumínio, produzindo uma liga metálica.; D: reação do carbonato de cálcio com os íons alumínio, formando alumínio metálico.; E: aumento da sua alcalinidade, tornando os íons alumínio menos disponíveis.",1.92499,E,2018
133,"Visando a melhoria estética de um veículo, o
vendedor de uma loja sugere ao consumidor que ele
troque as rodas de seu automóvel de aro 15 polegadas
para aro 17 polegadas, o que corresponde a um diâmetro
maior do conjunto roda e pneu.

Duas consequências provocadas por essa troca de
aro são:","A: Elevar a posição do centro de massa do veículo
tornando-o mais instável e aumentar a velocidade do
automóvel em relação à indicada no velocímetro.; B: Abaixar a posição do centro de massa do veículo
tornando-o mais instável e diminuir a velocidade do
automóvel em relação à indicada no velocímetro.; C: Elevar a posição do centro de massa do veículo
tornando-o mais estável e aumentar a velocidade do
automóvel em relação à indicada no velocímetro.; D: Abaixar a posição do centro de massa do veículo
tornando-o mais estável e diminuir a velocidade do
automóvel em relação à indicada no velocímetro.; E: Elevar a posição do centro de massa do veículo
tornando-o mais estável e diminuir a velocidade do
automóvel em relação à indicada no velocímetro.",1.98006,A,2018
134,"As células e os organismos precisam realizar trabalho para permanecerem vivos e se reproduzirem. A energia
metabólica necessária para a realização desse trabalho é oriunda da oxidação de combustíveis, gerados no ciclo do
carbono, por meio de processos capazes de interconverter diferentes formas da energia.

Descrição do fluxograma:
Fluxograma cíclico composto por quatro caixas de textos interligadas por setas que apontam no sentido horário.

Do “Processo 1” parte uma seta para “Combustíveis reduzidos e O,”, de onde parte outra seta para “Processo 2”, de
onde parte outra seta para “CO, e H,O”, fechando o ciclo com uma seta que retorna ao “Processo 1”.

Nesse ciclo, a formação de combustíveis está vinculada à conversão de energia",A: térmica em cinética.; B: química em térmica.; C: eletroquímica em calor.; D: cinética em eletromagnética.; E: eletromagnética em química.,1.59508,E,2018
135,"O petróleo é uma fonte de energia de baixo custo e de larga utilização como matéria-prima para uma
grande variedade de produtos. É um óleo formado de várias substâncias de origem orgânica, em sua maioria
hidrocarbonetos de diferentes massas molares. São utilizadas técnicas de separação para obtenção dos
componentes comercializáveis do petróleo. Além disso, para aumentar a quantidade de frações comercializáveis,
otimizando o produto de origem fóssil, utiliza-se o processo de craqueamento.

O que ocorre nesse processo?",A: Transformação das frações do petróleo em outras moléculas menores.; B: Reação de óxido-redução com transferência de elétrons entre as moléculas.; C: Solubilização das frações do petróleo com a utilização de diferentes solventes.; D: Decantação das moléculas com diferentes massas molares pelo uso de centrífugas.; E: Separação dos diferentes componentes do petróleo em função de suas temperaturas de ebulição.,0.77702,A,2018
91,"A maioria das pessoas fica com a visão embaçada 
ao abrir os olhos debaixo dʼágua. Mas há uma exceção: 
o povo moken, que habita a costa da Tailândia.  
Essa 
característica 
se 
deve 
principalmente 
à 
adaptabilidade do olho e à plasticidade do cérebro, o 
que significa que você também, com algum treinamento, 
poderia enxergar relativamente bem debaixo dʼágua. 
Estudos mostraram que as pupilas de olhos de 
indivíduos moken sofrem redução significativa debaixo 
dʼágua, o que faz com que os raios luminosos incidam 
quase paralelamente ao eixo óptico da pupila.","A: acuidade visual associada à redução das pupilas é 
fisicamente explicada pela diminuição; A: da intensidade luminosa incidente na retina.; B: da difração dos feixes luminosos que atravessam  
a pupila.; C: da intensidade dos feixes luminosos em uma direção 
por polarização.; D: do desvio dos feixes luminosos refratados no interior 
do olho.; E: das reflexões dos feixes luminosos no interior  
do olho.",1.58564,D,2019
92,"O “The Kidney Project” é um projeto realizado por 
cientistas que pretendem desenvolver um rim biônico 
que executará a maioria das funções biológicas 
do órgão. O rim biônico possuirá duas partes que 
incorporam recentes avanços de nanotecnologia, 
filtração de membrana e biologia celular. Esse projeto 
significará uma grande melhoria na qualidade de vida 
para aquelas pessoas que dependem da hemodiálise 
para sobrevivência.
O dispositivo criado promoverá diretamente a",A: remoção de ureia.; B: excreção de lipídios.; C: síntese de vasopressina.; D: transformação de amônia.; E: fabricação de aldosterona.,1.07472,A,2019
93,"Um experimento simples, que pode ser realizado 
com materiais encontrados em casa, é realizado da 
seguinte forma: adiciona-se um volume de etanol em 
um copo de vidro e, em seguida, uma folha de papel. 
Com o passar do tempo, observa-se um comportamento 
peculiar: o etanol se desloca sobre a superfície do papel, 
superando a gravidade que o atrai no sentido oposto, 
como mostra a imagem. Para parte dos estudantes, isso 
ocorre por causa da absorção do líquido pelo papel.
Descrição da imagem:
Copo de vidro que contém próximo de um quarto 
de seu volume de etanol, no qual está mergulhado 
verticalmente um pedaço retangular de papel de 
filtro, que encosta no fundo do copo. Observa-se 
que o etanol molha o papel de filtro acima do nível 
do líquido, na imediação da metade do copo.
Do ponto de vista científico, o que explica o movimento 
do líquido é a",A: evaporação do líquido.; B: diferença de densidades.; C: reação química com o papel.; D: capilaridade nos poros do papel.; E: resistência ao escoamento do líquido.,0.58267,D,2019
94,"Tratado sobre a luz
Quando se considera a extrema velocidade com 
que a luz se espalha por todos os lados e que, quando 
vêm de diferentes lugares, mesmo totalmente opostos,  
[os raios luminosos] se atravessam uns aos outros sem 
se atrapalharem, compreende-se que, quando vemos 
um objeto luminoso, isso não poderia ocorrer pelo 
transporte de uma matéria que venha do objeto até nós, 
como uma flecha ou bala atravessa o ar; pois certamente 
isso repugna bastante a essas duas propriedades da 
luz, principalmente a última.
O 
texto 
contesta 
que 
concepção 
acerca 
do 
comportamento da luz?","A: O entendimento de que a luz precisa de um meio 
de propagação, difundido pelos defensores da 
existência do éter.; B: O modelo ondulatório para a luz, o qual  
considera a possibilidade de interferência entre  
feixes luminosos.; C: O modelo corpuscular defendido por Newton,  
que descreve a luz como um feixe de partículas.; D: A crença na velocidade infinita da luz, defendida 
pela maioria dos filósofos gregos.; E: A ideia defendida pelos gregos de que a luz era 
produzida pelos olhos.",1.66707,C,2019
95,"Um dos parâmetros de controle de qualidade de 
polpas de frutas destinadas ao consumo como bebida é 
a acidez total expressa em ácido cítrico, que corresponde 
à massa dessa substância em 100 gramas de polpa 
de fruta. O ácido cítrico é uma molécula orgânica que 
apresenta três hidrogênios ionizáveis (ácido triprótico) 
e massa molar 192 gramas por mol. O quadro indica o 
valor mínimo desse parâmetro de qualidade para polpas 
comerciais de algumas frutas.
Descrição do quadro:
Quadro com os tipos de polpa de fruta e seus 
respectivos valores mínimos da acidez total expressa 
em ácido cítrico, em grama por 100 gramas.
Acerola: 0,8
Caju: 0,3
Cupuaçu: 1,5
Graviola: 0,6
Maracujá: 2,5
A acidez total expressa em ácido cítrico de uma 
amostra comercial de polpa de fruta foi determinada.  
No procedimento, adicionou-se água destilada a 2,2 gramas 
da amostra e, após a solubilização do ácido cítrico, o 
sólido remanescente foi filtrado. A solução obtida foi 
titulada com solução de hidróxido de sódio 0,01 mol por litro, 
em que se consumiram 24 mililitros da solução básica 
(titulante).
Entre as listadas, a amostra analisada pode ser de qual 
polpa de fruta?",A: Apenas caju.; B: Apenas maracujá.; C: Caju ou graviola.; D: Acerola ou cupuaçu.; E: Cupuaçu ou graviola.,1.59601,C,2019
96,"Uma cozinheira colocou sal a mais no feijão que 
estava cozinhando. Para solucionar o problema, ela 
acrescentou batatas cruas e sem tempero dentro da 
panela. Quando terminou de cozinhá-lo, as batatas 
estavam salgadas, porque absorveram parte do caldo 
com excesso de sal. Finalmente, ela adicionou água 
para completar o caldo do feijão.
O sal foi absorvido pelas batatas por","A: osmose, por envolver apenas o transporte do 
solvente.; B: fagocitose, porque o sal transportado é uma 
substância sólida.; C: exocitose, uma vez que o sal foi transportado da 
água para a batata.; D: pinocitose, porque o sal estava diluído na água 
quando foi transportado.; E: difusão, porque o transporte ocorreu a favor do 
gradiente de concentração.",1.15715,E,2019
97,"A agricultura de precisão reúne técnicas agrícolas que consideram particularidades locais do solo ou lavoura 
a fim de otimizar o uso de recursos. Uma das formas de adquirir informações sobre essas particularidades é 
a fotografia aérea de baixa altitude realizada por um veículo aéreo não tripulado (vant). Na fase de aquisição  
é importante determinar o nível de sobreposição entre as fotografias. A figura ilustra como uma sequência de 
imagens é coletada por um vant e como são formadas as sobreposições frontais.
Descrição da imagem: 
Ilustração de um vant com câmera fotográfica num voo horizontal. Há 3 triângulos retângulos parcialmente 
sobrepostos com ângulos agudos de 45 graus, cujos lados tracejados formam um ângulo de 90 graus, oposto 
à base e com um vant sobre cada um deles. Na parte inferior, há a indicação de 20 por cento de sobreposição 
frontal (medida da base de um triângulo formado pela sobreposição de dois triângulos). Abaixo dos triângulos 
há 3 quadrados sobrepostos (numerados de 1 a 3, da esquerda para a direita, e de mesma largura que a 
base dos triângulos retângulos). Entre os quadrados 1 e 2  e entre os quadrados 2 e 3 há uma área cinza que 
corresponde aos 20 por cento de sobreposição frontal.
O operador do vant recebe uma encomenda na qual as imagens devem ter uma sobreposição frontal de  
20 por cento em um terreno plano. Para realizar a aquisição das imagens, seleciona uma altitude H fixa de voo de 
1 000 metros, a uma velocidade constante de 50 metros por segundo. A abertura da câmera fotográfica do vant é 
de 90 graus. Considere tangente de 45 graus igual a 1.
Com que intervalo de tempo o operador deve adquirir duas imagens consecutivas?",A: quarenta segundos.; B: trinta e dois segundos.; C: vinte e oito segundos.; D: dezesseis segundos.; E: oito segundos.,1.78124,B,2019
98,"Uma das técnicas de reciclagem química do polímero PET [poli(tereftalato de etileno)] gera o tereftalato de 
metila e o etanodiol, conforme o esquema de reação, e ocorre por meio de uma reação de transesterificação.
Descrição do esquema de reação:
O polímero PET reage com 2 n do composto A, sob condições de altas temperaturas e pressão, formando 
dois produtos. O reagente PET é um polímero de n monômeros com a estrutura, entre colchetes, de um anel 
aromático com grupo CO ligado ao carbono 1 e COO ligado ao carbono 4. O oxigênio do grupo COO do carbono 4 
faz ligação simples com o grupo CH2CH2O. Um dos produtos formado tem n moléculas de um composto que 
contém um anel aromático com grupos COOCH3 ligados aos carbonos 1 e 4. O outro produto formado tem mais 
n moléculas do composto HOCH2CH2OH.
O composto A, representado no esquema de reação, é o",A: metano.; B: metanol.; C: éter metílico.; D: ácido etanoico.; E: anidrido etanoico.5,1.59193,B,2019
99,"Durante sua evolução, as plantas apresentaram grande diversidade de características, as quais permitiram sua 
sobrevivência em diferentes ambientes. Na imagem, cinco dessas características estão indicadas por números.
Descrição da imagem: A imagem representa um cladograma a partir de uma alga verde ancestral, destacando cinco aquisições 
evolutivas.
Aquisição evolutiva 1 (embriões protegidos no gametófito, entre 500 e 450 milhões de anos): linha tracejada 
para Hepáticas, outra para Antóceros, outra para Musgos e uma linha contínua para aquisição evolutiva 2.
Aquisição evolutiva 2 (tecidos condutores verdadeiros, entre 450 e 400 milhões de anos): linha contínua para 
Licófitas (licopódios, Isoetes e Selaginella), linha contínua para Pteridófitas (samambaias, cavalinhas, Psilotum) 
e outra linha contínua para aquisição evolutiva 3.
Aquisição evolutiva 3 (formação de tubo polínico, próximo de 300 milhões de anos): linha contínua para aquisição 
evolutiva 4 (polinização pelo vento, próximo de 0 milhão de anos) — Gimnospermas; e para aquisição evolutiva 
5 (produção de frutos, próximo de 0 milhão de anos) — Angiospermas.; A: aquisição evolutiva que permitiu a conquista definitiva do ambiente terrestre pelas plantas está indicada pelo 
número",A: 1: Embriões protegidos no gametófito.; B: 2: Tecidos condutores verdadeiros.; C: 3: Formação de tubo polínico.; D: 4: Polinização pelo vento.; E: 5: Produção de frutos.,1.70518,C,2019
100,"Em 1962, um jingle (vinheta musical) criado por Heitor Carillo fez tanto sucesso que extrapolou as fronteiras do 
rádio e chegou à televisão ilustrado por um desenho animado. Nele, uma pessoa respondia ao fantasma que batia 
em sua porta, personificando o “frio”, que não o deixaria entrar, pois não abriria a porta e compraria lãs e cobertores 
para aquecer sua casa. Apesar de memorável, tal comercial televisivo continha incorreções a respeito de conceitos 
físicos relativos à calorimetria.
Para solucionar essas incorreções, deve-se associar à porta e aos cobertores, respectivamente, as funções de:",A: Aquecer a casa e os corpos.; B: Evitar a entrada do frio na casa e nos corpos.; C: Minimizar a perda de calor pela casa e pelos corpos.; D: Diminuir a entrada do frio na casa e aquecer os corpos.; E: Aquecer a casa e reduzir a perda de calor pelos corpos.,0.41535,C,2019
101,"Glicólise é um processo que ocorre nas células, 
convertendo glicose em piruvato. Durante a prática de 
exercícios físicos que demandam grande quantidade 
de esforço, a glicose é completamente oxidada na 
presença de O2. Entretanto, em alguns casos, as 
células musculares podem sofrer um déficit de O2 e 
a glicose ser convertida em duas moléculas de ácido 
lático. As equações termoquímicas para a combustão 
da glicose e do ácido lático são, respectivamente, 
mostradas a seguir:
Descrição das equações químicas:
Os reagentes C6H12O6 (sólido) mais 6 O2 (gasoso) 
formam os produtos 6 CO2 (gasoso) mais 6 H2O 
(líquido). Variação de entalpia de combustão igual a 
−2 800 quilojoules.
Os reagentes CH3CH(OH)COOH (sólido) mais 3 O2 
(gasoso) formam os produtos 3 CO2 (gasoso) mais 
3 H2O (líquido). Variação de entalpia de combustão 
igual a −1 344 quilojoules.
O 
processo 
anaeróbico 
é 
menos 
vantajoso 
energeticamente porque",A: libera 112 quilojoules por mol de glicose.; B: libera 467 quilojoules por mol de glicose.; C: libera 2688 quilojoules por mol de glicose.; D: absorve 1344 quilojoules por mol de glicose.; E: absorve 2800 quilojoules por mol de glicose.,2.21432,A,2019
102,"No quadro estão apresentadas informações sobre 
duas estratégias de sobrevivência que podem ser 
adotadas por algumas espécies de seres vivos.
Descrição do quadro:
Quadro com estratégias 1 e 2.
Estratégia 1:
Hábitat: Mais instável e imprevisível.
Potencial biótico: Muito elevado.
Duração da vida: Curta e com reprodução precoce.
Descendentes: Muitos e com tamanho corporal 
pequeno.
Tamanho populacional: Variável.
 
Estratégia 2:
Hábitat: Mais estável e previsível.
Potencial biótico: Baixo.
Duração da vida: Longa e com reprodução tardia.
Descendentes: Poucos e com tamanho corporal 
maior.
Tamanho populacional: Constante.
Na recuperação de uma área desmatada deveriam ser 
reintroduzidas primeiramente as espécies que adotam 
qual estratégia?","A: Estratégia 1, pois essas espécies produzem 
descendentes pequenos, o que diminui a competição 
com outras espécies.; B: Estratégia 2, pois essas espécies têm uma longa 
duração da vida, o que favorece a produção de 
muitos descendentes.; C: Estratégia 1, pois essas espécies apresentam um 
elevado potencial biótico, o que facilita a rápida 
recolonização da área desmatada.; D: Estratégia 2, pois essas espécies estão adaptadas 
a hábitats mais estáveis, o que corresponde ao 
ambiente de uma área desmatada.; E: Estratégia 2, pois essas espécies apresentam um 
tamanho populacional constante, o que propicia 
uma recolonização mais estável da área desmatada.7",0.25498,C,2019
103,"Uma casa tem um cabo elétrico mal dimensionado, 
de resistência igual a 10 ohms, que a conecta à rede 
elétrica de 120 volts. Nessa casa, cinco lâmpadas, de 
resistência igual a 200 ohms,  estão conectadas ao 
mesmo circuito que uma televisão de resistência igual 
a 50 ohms, conforme ilustrado no esquema. A televisão 
funciona apenas com tensão entre 90 volts e 130 volts.
Descrição do esquema:
Circuito misto de malha externa retangular. No lado 
esquerdo do circuito há uma fonte de 120 volts e um 
resistor de 10 ohms. No lado direito do circuito há um 
resistor de 50 ohms. Internamente, há 5 lâmpadas, 
de 200 ohms cada, conectadas paralelamente à 
fonte por meio de interruptores individuais.
O número máximo de lâmpadas que podem ser ligadas 
sem que a televisão pare de funcionar é:",A: um.; B: dois.; C: três.; D: quatro.; E: cinco.,2.42384,B,2019
104,"O 2,4-dinitrofenol (DNP) é conhecido como 
desacoplador da cadeia de elétrons na mitocôndria e 
apresenta um efeito emagrecedor. Contudo, por ser 
perigoso e pela ocorrência de casos letais, seu uso 
como medicamento é proibido em diversos países, 
inclusive no Brasil. Na mitocôndria, essa substância 
captura, no espaço intermembranas, prótons (H+) 
provenientes da atividade das proteínas da cadeia 
respiratória, 
retornando-os 
à 
matriz 
mitocondrial. 
Assim, esses prótons não passam pelo transporte 
enzimático na membrana interna.
O efeito emagrecedor desse composto está relacionado 
ao(à)","A: obstrução da cadeia respiratória, resultando em 
maior consumo celular de ácidos graxos.; B: bloqueio das reações do ciclo de Krebs, resultando 
em maior gasto celular de energia.; C: diminuição da produção de acetil CoA, resultando 
em maior gasto celular de piruvato.; D: inibição da glicólise, resultando em maior absorção 
celular da glicose sanguínea.; E: redução da produção de ATP, resultando em maior 
gasto celular de nutrientes.",3.79854,E,2019
105,"Em 1808, Dalton publicou o seu famoso livro 
intitulado Um novo sistema de filosofia química (do 
original A New System of Chemical Philosophy), no qual 
continha os cinco postulados que serviam como alicerce 
da primeira teoria atômica da matéria fundamentada no 
método científico. Esses postulados são numerados a 
seguir:
1. A matéria é constituída de átomos indivisíveis.
2. Todos os átomos de um dado elemento químico são 
idênticos em massa e em todas as outras propriedades.
3. Diferentes elementos químicos têm diferentes 
tipos de átomos; em particular, seus átomos têm 
diferentes massas.
4. Os átomos são indestrutíveis e nas reações 
químicas mantêm suas identidades.
5. Átomos de elementos combinam com átomos de 
outros elementos em proporções de números inteiros 
pequenos para formar compostos.
Após o modelo de Dalton, outros modelos baseados 
em outros dados experimentais evidenciaram, entre 
outras coisas, a natureza elétrica da matéria, a 
composição e organização do átomo e a quantização da 
energia no modelo atômico.
Com base no modelo atual que descreve o átomo, qual 
dos postulados de Dalton ainda é considerado correto?",A: um; B: dois; C: três; D: quatro; E: cinco,1.67314,E,2019
106,"Numa feira de ciências, um estudante utilizará o 
disco de Maxwell (ioiô) para demonstrar o princípio da 
conservação da energia. A apresentação consistirá em 
duas etapas:
Etapa 1 - a explicação de que, à medida que o disco 
desce, parte de sua energia potencial gravitacional 
é transformada em energia cinética de translação e 
energia cinética de rotação;
Etapa 2 - o cálculo da energia cinética de rotação do 
disco no ponto mais baixo de sua trajetória, supondo o 
sistema conservativo.
Ao preparar a segunda etapa, ele considera a 
aceleração da gravidade igual a 10 metros por segundo 
ao quadrado e a velocidade linear do centro de massa 
do disco desprezível em comparação com a velocidade 
angular. Em seguida, mede a altura do topo do disco em 
relação ao chão no ponto mais baixo de sua trajetória, 
obtendo um terço da altura da haste do brinquedo. 
As especificações de tamanho do brinquedo, isto 
é, de comprimento, largura e altura, assim como da 
massa de seu disco de metal, foram encontradas pelo 
estudante no recorte de manual ilustrado a seguir.
Descrição do recorte de manual:
Ilustração do disco de Maxwell (ioiô). Duas hastes 
verticais e paralelas, fixadas em um suporte (base). 
Essas hastes sustentam uma barra horizontal 
superior. Nessa barra estão fixados dois fios verticais 
e paralelos. Há uma barra menor (horizontal), que 
passa pelo centro de um disco, presa na outra 
extremidade dos fios. O disco está fixo na região 
central da barra menor. A distância do topo do disco 
até a barra superior é dois terços da altura da barra 
superior até a base.
Abaixo da figura estão as seguintes especificações:
• Conteúdo: base de metal, hastes metálicas, barra 
superior, disco de metal.
• Tamanho: 300 milímetros de comprimento por 100 
milímetros de largura por 410 milímetros de altura.
• Massa do disco de metal: 30 gramas.
O resultado do cálculo da etapa 2, em joule, é:","A: quatro vírgula dez vezes, abre parêntese, dez elevado a menos dois, fecha parêntese., B: oito vírgula vinte vezes, abre parêntese, dez elevado a menos dois, fecha parêntese., C: um vírgula vinte e três vezes, abre parêntese, dez elevado a menos um, fecha parêntese., D: oito vírgula vinte vezes, abre parêntese, dez elevado a quatro, fecha parêntese., E: um vírgula vinte e três vezes, abre parêntese, dez elevado a cinco, fecha parêntese.",2.04675,B,2019
108,"A contaminação dos oceanos por  
radionuclídeos antropogênicos
A poluição radioativa compreende mais de 200 nuclídeos, sendo que, do ponto de vista de impacto 
ambiental, destacam-se o césio-137 e o estrôncio-90.; A: maior contribuição de radionuclídeos antropogênicos 
no meio marinho ocorreu durante as décadas de 1950 
e 1960, como resultado dos testes nucleares realizados 
na atmosfera. O estrôncio-90 pode se acumular nos 
organismos vivos e em cadeias alimentares e, em 
razão de sua semelhança química, pode participar no 
equilíbrio com carbonato e substituir o cálcio em diversos 
processos biológicos.
Ao entrar numa cadeia alimentar da qual o homem 
faz parte, em qual tecido do organismo humano o 
estrôncio-90 será acumulado predominantemente?",A: Cartilaginoso.; B: Sanguíneo.; C: Muscular.; D: Nervoso.; E: Ósseo.9,0.15609,E,2019
109,"Dois amigos se encontram em um posto de 
gasolina para calibrar os pneus de suas bicicletas.  
Uma das bicicletas é de corrida (bicicleta A) e a outra, de 
passeio (bicicleta B). Os pneus de ambas as bicicletas 
têm as mesmas características, exceto que a largura 
dos pneus de A é menor que a largura dos pneus 
de B. Ao calibrarem os pneus das bicicletas A e B, 
respectivamente com pressões de calibração pA e pB, os 
amigos observam que o pneu da bicicleta A deforma, sob 
mesmos esforços, muito menos que o pneu da bicicleta B. 
Pode-se considerar que as massas de ar comprimido no 
pneu da bicicleta A, mA, e no pneu da bicicleta B, mB, 
são diretamente proporcionais aos seus volumes.
Comparando as pressões e massas de ar comprimido 
nos pneus das bicicletas, temos:",A: pA menor que pB e mA menor que mB; B: pA maior que pB e mA menor que mB; C: pA maior que pB e mA igual a mB; D: pA menor que pB e mA igual a mB; E: pA maior que pB e mA maior que mB,0.99689,B,2019
110,"As usinas termelétricas podem utilizar carvão, 
gás natural ou óleo, que são queimados na câmara de 
combustão para gerar energia elétrica pela formação de 
vapor de água. A água utilizada no processo é captada de 
fontes naturais e volta para o ambiente. Para minimizar 
os efeitos da poluição, existe um sistema que retém as 
cinzas e parte dos gases produzidos, como NOx e SOx. 
As cinzas, quando geradas, podem ser utilizadas em 
misturas de cimento.
O impacto ambiental desse tipo de geração de energia 
está relacionado com a",A: emissão de gases poluentes na atmosfera.; B: área inundada para o reservatório de água.; C: contaminação da água utilizada no processo.; D: quantidade de água consumida para gerar vapor.; E: produção de resíduos sólidos lançados no ambiente.,-0.00158,A,2019
111,"A eritropoetina (EPO) é um hormônio endógeno 
secretado pelos rins que influencia a maturação dos 
eritrócitos. Suas formas recombinantes, sintetizadas 
em laboratório, têm sido usadas por alguns atletas em 
esportes de resistência na busca por melhores resultados. 
No entanto, a administração da EPO recombinante no 
esporte foi proibida pelo Comitê Olímpico Internacional 
e seu uso considerado doping.
Uma influência que esse doping poderá exercer na 
melhoria da capacidade física desses atletas está 
relacionada ao transporte de","A: lipídios, para aumento do gasto calórico.; B: ATP, para aumento da síntese hormonal.; C: oxigênio, para aumento da produção de ATP.; D: proteínas, para aumento da massa muscular.; E: vitamina C, para aumento da integridade dos vasos sanguíneos.",0.70901,C,2019
112,"O objetivo de recipientes isolantes térmicos é 
minimizar as trocas de calor com o ambiente externo. 
Essa troca de calor é proporcional à condutividade 
térmica k e à área interna das faces do recipiente, 
bem como à diferença de temperatura entre o 
ambiente externo e o interior do recipiente, além de ser 
inversamente proporcional à espessura das faces. 
A fim de avaliar a qualidade de dois recipientes; A: (40 centímetros por 40 centímetros por 40 centímetros) e; B: (60 centímetros por 40 centímetros por 40 centímetros), 
de faces de mesma espessura, uma estudante compara 
suas condutividades térmicas kA e kB. Para isso suspende, 
dentro de cada recipiente, blocos idênticos de gelo a  
0 grau Celsius, de modo que suas superfícies estejam 
em contato apenas com o ar. Após um intervalo de 
tempo, ela abre os recipientes enquanto ambos ainda 
contêm um pouco de gelo e verifica que a massa de 
gelo que se fundiu no recipiente B foi o dobro da que se 
fundiu no recipiente A.; A: razão 
kA
kB é mais próxima de",A: zero vírgula cinquenta.; B: zero vírgula sessenta e sete.; C: zero vírgula setenta e cinco.; D: um vírgula trinta e três.; E: dois vírgula zero.,3.36471,B,2019
113,"Estudos mostram o desenvolvimento de biochips 
utilizados para auxiliar o diagnóstico de diabetes 
melito, doença evidenciada pelo excesso de glicose 
no organismo. O teste é simples e consiste em duas 
reações sequenciais na superfície do biochip, entre 
a amostra de soro sanguíneo do paciente, enzimas 
específicas e reagente (iodeto de potássio), conforme 
mostrado na imagem.
Descrição da imagem:
Quadro que contém duas figuras representando o 
biochip, o qual é constituído por um tubo com dois 
semicírculos nas pontas e um na parte central. Na 
primeira figura está o biochip antes da adição de 
soro, no qual o primeiro semicírculo da esquerda 
para a direita está vazio; o segundo contém as 
enzimas e o terceiro, o iodeto de potássio. Na 
segunda figura está o biochip após a adição de 
soro, no qual o primeiro semicírculo da esquerda 
para direita contém o soro que segue em fluxo para 
o semicírculo central e atinge o terceiro semicírculo, 
que se torna colorido.
Após a adição de soro sanguíneo, o fluxo desloca-se 
espontaneamente da esquerda para a direita promovendo 
reações sequenciais, conforme as equações 1 e 2. Na 
primeira, há conversão de glicose do sangue em ácido 
glucônico, gerando peróxido de hidrogênio:
Descrição da equação 1:
Os reagentes C6H12O6 (aquoso) mais O2 (gasoso) 
mais H2O (líquido), na presença de enzimas, formam 
os produtos C6H12O7 (aquoso) mais H2O2 (aquoso).
Na segunda, o peróxido de hidrogênio reage com íons 
iodeto gerando o íon tri-iodeto, água e oxigênio.
Descrição da equação 2:
Os 
reagentes 
H2O2 
(aquoso) 
mais 
I  
de carga negativa (aquoso) formam I3 de carga 
negativa (aquoso) mais 2 H2O (líquido) mais O2 
(gasoso).
O tipo de reação que ocorre na superfície do biochip, 
nas duas reações do processo, é",A: análise.; B: síntese.; C: oxirredução.; D: complexação.; E: ácido-base.,1.02204,C,2019
114,"Fármacos no meio ambiente
Algumas 
toneladas 
de 
medicamentos 
para 
uso humano e veterinário são produzidas por ano.  
Os fármacos são desenvolvidos para serem estáveis, 
mantendo suas propriedades químicas de forma a 
atender a um propósito terapêutico. Após o consumo 
de fármacos, parte de sua dosagem é excretada 
de forma inalterada, persistindo no meio ambiente.  
Em todo o mundo, antibióticos, hormônios, anestésicos, 
anti-inflamatórios, entre outros, são detectados em 
concentrações preocupantes no esgoto doméstico, 
em águas superficiais e de subsolo. Dessa forma, a 
ocorrência de fármacos residuais no meio ambiente 
pode apresentar efeitos adversos em organismos 
aquáticos e terrestres.
Qual 
ação 
minimiza 
a 
permanência 
desses 
contaminantes nos recursos hídricos?","A: Utilização de esterco como fertilizante na agricultura.; B: Ampliação das redes de coleta de esgoto na zona 
urbana.; C: Descarte dos medicamentos fora do prazo de 
validade em lixões.; D: Desenvolvimento de novos processos nas estações 
de tratamento de efluentes.; E: Reúso dos lodos provenientes das estações de 
tratamento de esgoto na agricultura.",-0.00312,D,2019
115,"Um teste de laboratório permite identificar alguns 
cátions metálicos ao introduzir uma pequena quantidade 
do material de interesse em uma chama de bico de 
Bunsen para, em seguida, observar a cor da luz emitida.
A cor observada é proveniente da emissão de radiação 
eletromagnética ao ocorrer a","A: mudança da fase sólida para a fase líquida do 
elemento metálico.; B: combustão dos cátions metálicos provocada pelas 
moléculas de oxigênio da atmosfera.; C: diminuição da energia cinética dos elétrons em uma 
mesma órbita na eletrosfera atômica.; D: transição eletrônica de um nível mais externo para 
outro mais interno na eletrosfera atômica.; E: promoção dos elétrons que se encontram no 
estado fundamental de energia para níveis  mais 
energéticos.",1.28601,D,2019
116,"Slackline é um esporte no qual o atleta deve se equilibrar e executar manobras estando sobre uma fita esticada. 
Para a prática do esporte, as duas extremidades da fita são fixadas de forma que ela fique a alguns centímetros 
do solo. Quando uma atleta de massa igual a 80 quilogramas está exatamente no meio da fita, essa se desloca 
verticalmente para baixo, formando um ângulo de 10 graus com a horizontal. Sabe-se que a aceleração da gravidade 
é igual a 10 metros por segundo ao quadrado, cosseno de 10 graus igual a 0,98 e seno de 10 graus igual a 0,17.
Qual é a força que a fita exerce em cada uma das árvores por causa da presença da atleta?","A: 4,0 vezes, abre parêntese, 10 elevado a 2, fecha parêntese, newtons.; B: 4,1 vezes, abre parêntese, 10 elevado a 2, fecha parêntese, newtons.; C: 8,0 vezes, abre parêntese, 10 elevado a 2, fecha parêntese, newtons.; D: 2,4 vezes, abre parêntese, 10 elevado a 3, fecha parêntese, newtons.; E: 4,7 vezes, abre parêntese, 10 elevado a 3, fecha parêntese, newtons.",1.94111,D,2019
117,"Genética
Com base nos experimentos de plantas de Mendel, foram estabelecidos três princípios básicos, que são 
conhecidos como leis da uniformidade, segregação e distribuição independente. A lei da distribuição independente 
refere-se ao fato de que os membros de pares diferentes de genes segregam-se independentemente, uns dos 
outros, para a prole.
Hoje, sabe-se que isso nem sempre é verdade. Por quê?",A: A distribuição depende do caráter de dominância ou recessividade do gene.; B: Os organismos nem sempre herdam cada um dos genes de cada um dos genitores.; C: As alterações cromossômicas podem levar a falhas na segregação durante a meiose.; D: Os genes localizados fisicamente próximos no mesmo cromossomo tendem a ser herdados juntos.; E: O cromossomo que contém dois determinados genes pode não sofrer a disjunção na primeira fase da meiose.,2.19782,D,2019
118,"Em qualquer obra de construção civil é fundamental a utilização de equipamentos de proteção individual, tal 
como capacetes. Por exemplo, a queda livre de um tijolo de massa 2,5 quilogramas de uma altura de 5 metros, cujo 
impacto contra um capacete pode durar até 0,5 segundo, resulta em uma força impulsiva média maior do que o 
peso do tijolo. Suponha que a aceleração gravitacional seja 10 metros por segundo ao quadrado e que o efeito de 
resistência do ar seja desprezível.",A: força impulsiva média gerada por esse impacto equivale ao peso de quantos tijolos iguais?; A: 2; B: 5; C: 10; D: 20; E: 502,1.98881,A,2019
119,"Petróleo: um tema para o ensino de química
Os hidrocarbonetos são moléculas orgânicas com 
uma série de aplicações industriais. Por exemplo, eles 
estão presentes em grande quantidade nas diversas 
frações do petróleo e normalmente são separados por 
destilação fracionada, com base em suas temperaturas 
de ebulição. O quadro apresenta as principais frações 
obtidas na destilação do petróleo em diferentes faixas 
de temperaturas.
Descrição do quadro:
Quadro com: fração; faixa de temperatura, em 
grau Celsius; exemplos de produto(s) e número 
de átomos de carbono (hidrocarboneto de fórmula 
geral CnH2n+2), respectivamente:
Fração 1: Até 20 graus Celsius, gás natural e gás de 
cozinha (GLP), C1 a C4.
Fração 2: 30 a 180 graus Celsius, gasolina, C6 a 
C12.
Fração 3: 170 a 290 graus Celsius, querosene, C11 a 
C16.
Fração 4: 260 a 350 graus Celsius, óleo diesel, C14 a 
C18.
Na fração 4, a separação dos compostos ocorre em 
temperaturas mais elevadas porque",A: suas densidades são maiores.; B: o número de ramificações é maior.; C: sua solubilidade no petróleo é maior.; D: as forças intermoleculares são mais intensas.; E: a cadeia carbônica é mais difícil de ser quebrada.,2.36402,D,2019
120,"Na piscicultura, costumam-se usar larvas de 
Artemia (crustáceo) para alimentar larvas de peixes. 
Ovos de Artemia são colocados em garrafas com água 
salgada e, sob condições ótimas de temperatura, luz e 
oxigênio, eles eclodem, liberando suas larvas, também 
conhecidas como náuplios. Para recolher os náuplios, 
coloca-se uma lâmpada branca fluorescente na boca da 
garrafa e estes começam a subir em direção ao gargalo.
Esse comportamento das artêmias é chamado de",A: geotropismo positivo.; B: fototropismo positivo.; C: hidrotropismo negativo.; D: termotropismo negativo.; E: quimiotropismo negativo.,-0.11974,B,2019
121,"Por 
terem 
camada 
de 
valência 
completa, 
alta energia de ionização e afinidade eletrônica 
praticamente nula, considerou-se por muito tempo que 
os gases nobres não formariam compostos químicos. 
Porém, em 1962, foi realizada com sucesso a reação 
entre o xenônio (camada de valência 5s dois, 5p seis) e o 
hexafluoreto de platina e, desde então, mais compostos 
novos de gases nobres vêm sendo sintetizados.  
Tais compostos demonstram que não se pode aceitar 
acriticamente a regra do octeto, na qual se considera 
que, numa ligação química, os átomos tendem a adquirir 
estabilidade assumindo a configuração eletrônica de 
gás nobre. Dentre os compostos conhecidos, um dos 
mais estáveis é o difluoreto de xenônio, no qual dois 
átomos do halogênio flúor (camada de valência 2s dois, 
2p cinco) se ligam covalentemente ao átomo de gás 
nobre para ficarem com oito elétrons de valência.
Ao se escrever a fórmula de Lewis do composto de 
xenônio citado, quantos elétrons na camada de valência 
haverá no átomo do gás nobre?",A: seis; B: oito; C: dez; D: doze; E: quatorze,1.67408,C,2019
122,"Lixo espacial
Na madrugada de 11 de março de 1978, partes de 
um foguete soviético reentraram na atmosfera acima da 
cidade do Rio de Janeiro e caíram no Oceano Atlântico. 
Foi um belo espetáculo, os inúmeros fragmentos 
entrando em ignição devido ao atrito com a atmosfera 
brilharam intensamente, enquanto “cortavam o céu”. 
Mas se a reentrada tivesse acontecido alguns minutos 
depois, teríamos uma tragédia, pois a queda seria na 
área urbana do Rio de Janeiro e não no oceano.
Descrição da imagem:
Ilustração do planeta Terra com a indicação da cidade 
do Rio de Janeiro no Hemisfério Sul e com o Oceano 
Atlântico a leste do Rio de Janeiro. Uma seta indica 
o sentido de rotação da Terra de oeste para leste 
(sentido anti-horário vista a partir do Polo Norte).
De acordo com os fatos relatados, a velocidade angular 
do foguete em relação à Terra no ponto de reentrada era",A: igual à da Terra e no mesmo sentido.; B: superior à da Terra e no mesmo sentido.; C: inferior à da Terra e no sentido oposto.; D: igual à da Terra e no sentido oposto.; E: superior à da Terra e no sentido oposto.13,1.83643,B,2019
123,"Anfíbios como sapos, rãs e pererecas são dotados 
de diferentes estruturas adaptativas que, ao longo 
do processo evolutivo, permitiram que ocupassem 
o ambiente terrestre. Apesar disso, a sobrevivência 
desses animais permanece dependente de ambientes 
úmidos ou aquáticos.
Essa dependência pode ser justificada pela presença de",A: respiração branquial nos adultos.; B: pele delgada altamente permeável.; C: reprodução por fecundação interna.; D: regulação térmica independente do ambiente.; E: embriões em ovos com revestimento calcificado.,0.87604,B,2019
124,"Em uma aula experimental de calorimetria, uma 
professora queimou 2,5 gramas de castanha-de- 
-caju crua para aquecer 350 gramas de água, em um 
recipiente apropriado para diminuir as perdas de calor. 
Com base na leitura da tabela nutricional a seguir e da 
medida da temperatura da água, após a queima total do 
combustível, ela concluiu que 50 por cento da energia 
disponível foi aproveitada. O calor específico da água é 
1 caloria por grama por grau Celsius, e sua temperatura 
inicial era de 20 graus Celsius.
Descrição do quadro:
O quadro apresenta valores para quantidade por 
porção de 10 gramas de castanhas, o que equivale 
a 2 castanhas.
Valor energético: 70 quilocalorias.
Carboidratos: 0,8 grama.
Proteínas: 3,5 gramas.
Gorduras totais: 3,5 gramas.
Qual foi a temperatura da água, em grau Celsius, medida 
ao final do experimento?",A: vinte e cinco; B: vinte e sete; C: quarenta e cindo; D: cinquenta; E: setenta,1.67856,C,2019
125,"Grupos de pesquisa em todo o mundo vêm buscando 
soluções inovadoras, visando a produção de dispositivos 
para a geração de energia elétrica. Dentre eles,  
pode-se destacar as baterias de zinco-ar, que combinam 
o oxigênio atmosférico e o metal zinco em um eletrólito 
aquoso de caráter alcalino. O esquema de funcionamento 
da bateria zinco-ar está apresentado na figura.
Descrição da figura:
A figura apresenta uma célula eletroquímica 
formada por duas semicélulas separadas por uma 
membrana separadora.; A semicélula da esquerda contém um eletrodo 
poroso. Moléculas do gás oxigênio atravessam 
esse eletrodo e se transformam no íon OH de 
carga negativa. Há um fluxo de íons OH de carga 
negativa que atravessam a membrana separadora 
indo até a semicélula da direita, que contém um 
eletrodo de zinco, onde é formado o Zn(OH)4
 de 
carga 2−. Essa célula eletroquímica está ligada a 
uma lâmpada através de dois fios: um que parte do 
eletrodo poroso e outro que parte do eletrodo de 
zinco. A lâmpada está acesa.
No funcionamento da bateria, a espécie química formada 
no ânodo é",A: H2 (gasoso).; B: O2 (gasoso).; C: H2O (líquido).; D: OH de carga negativa (aquoso).; E: Zn(OH)4 de carga 2− (aquoso).4,8.96186,E,2019
126,"O espectrômetro de massa de tempo de voo é 
um dispositivo utilizado para medir a massa de íons.  
Nele, um íon de carga elétrica q é lançado em uma região 
de campo magnético constante B vetorial, descrevendo 
uma trajetória helicoidal, conforme a figura. Essa trajetória 
é formada pela composição de um movimento circular 
uniforme no plano yz e uma translação ao longo do eixo x.
A vantagem desse dispositivo é que a velocidade angular 
do movimento helicoidal do íon é independente de sua 
velocidade inicial. O dispositivo então mede o tempo t de 
voo para N voltas do íon. Logo, com base nos valores  
q, B, N e t, pode-se determinar a massa do íon.
Descrição da figura:
Um sistema de três eixos cartesianos (x, y, z) no 
qual existem linhas de campo magnético (vetor B) 
dispostas paralelamente ao eixo x (perpendiculares 
ao plano yz). Uma carga pontual positiva q está 
executando várias voltas em trajetória helicoidal em 
torno das linhas de campo magnético B, avançando 
no sentido positivo do eixo x.","A: massa do íon medida por esse dispositivo será; A: Fração de numerador q vezes B vezes t e 
denominador 2 vezes pi vezes N.; B: Fração de numerador q vezes B vezes t e 
denominador pi vezes N.; C: Fração de numerador 2 vezes q vezes B vezes t e 
denominador pi vezes N.; D: Fração de numerador q vezes B vezes t e 
denominador N.; E: Fração de numerador 2 vezes q vezes B vezes t e 
denominador N.",1.3767,A,2019
127,"Na família Retroviridae encontram-se diversos vírus 
que infectam aves e mamíferos, sendo caracterizada 
pela produção de DNA a partir de uma molécula de RNA. 
Alguns retrovírus infectam exclusivamente humanos, 
não necessitando de outros hospedeiros, reservatórios 
ou vetores biológicos. As infecções ocasionadas 
por esses vírus vêm causando mortes e grandes 
prejuízos ao desenvolvimento social e econômico. 
Nesse contexto, pesquisadores têm produzido medicamentos que contribuem para o tratamento dessas doenças.
Que avanços tecnológicos têm contribuído para o 
tratamento dessas infecções virais?","A: Melhoria dos métodos de controle dos vetores 
desses vírus.; B: Fabricação de soros mutagênicos para combate 
desses vírus.; C: Investimento da indústria em equipamentos de 
proteção individual.; D: Produção de vacinas que evitam a infecção das 
células hospedeiras.; E: Desenvolvimento de antirretrovirais que dificultam 
a reprodução desses vírus.",0.8684,E,2019
128,"O concreto utilizado na construção civil é um 
material formado por cimento misturado a areia, a brita 
e a água. A areia é normalmente extraída de leitos 
de rios e a brita, oriunda da fragmentação de rochas. 
Impactos ambientais gerados no uso do concreto 
estão associados à extração de recursos minerais e ao 
descarte indiscriminado desse material. Na tentativa 
de reverter esse quadro, foi proposta a utilização de 
concreto reciclado moído em substituição ao particulado 
rochoso graúdo na fabricação de novo concreto, 
obtendo um material com as mesmas propriedades que 
o anterior.
O benefício ambiental gerado nessa proposta é a 
redução do(a)",A: extração da brita.; B: extração de areia.; C: consumo de água.; D: consumo de concreto.; E: fabricação de cimento.,0.29761,A,2019
129,"As cutias, pequenos roedores das zonas tropicais, 
transportam pela boca as sementes que caem das 
árvores, mas, em vez de comê-las, enterram-nas em 
outro lugar. Esse procedimento lhes permite salvar a 
maioria de suas sementes enterradas para as épocas 
mais secas, quando não há frutos maduros disponíveis. 
Cientistas descobriram que as cutias roubam as 
sementes enterradas por outras, e esse comportamento 
de “ladroagem” faz com que uma mesma semente possa 
ser enterrada dezenas de vezes.
Essa “ladroagem” está associada à relação de",A: sinfilia.; B: predatismo.; C: parasitismo.; D: competição.; E: comensalismo.15,0.48421,D,2019
130,"Os olhos humanos normalmente têm três tipos de 
cones responsáveis pela percepção das cores: um 
tipo para tons vermelhos, um para tons azuis e outro 
para tons verdes. As diversas cores são o resultado da 
percepção das cores básicas, como indica a figura.
Descrição da figura:
A figura possui três círculos que se superpõem 
parcialmente: um vermelho, um verde e um azul.
Na interseção do círculo vermelho com o círculo 
azul está o magenta.
Na interseção do círculo vermelho com o círculo 
verde está o amarelo.
Na interseção do círculo verde com o círculo azul 
está o ciano.
Na região onde os três círculos coloridos se 
intersecionam está o branco.; A protanopia é um tipo de daltonismo em que há 
diminuição ou ausência de receptores da cor vermelha. 
Considere um teste com dois voluntários: uma pessoa 
com visão normal e outra com caso severo de protanopia. 
Nesse teste, eles devem escrever a cor dos cartões que 
lhes são mostrados. São utilizadas as cores indicadas 
na figura.
Para qual cartão os dois voluntários identificarão a 
mesma cor?",A: Vermelho.; B: Magenta.; C: Amarelo.; D: Branco.; E: Azul.,0.29664,E,2019
131,"Utilização de resíduo oriundo da torrefação do café na 
agricultura em substituição à adubação convencional
A cada safra, a quantidade de café beneficiado 
é igual à quantidade de resíduos gerados pelo seu 
beneficiamento. O resíduo pode ser utilizado como 
fertilizante, pois contém cerca de 6,5 por cento de pectina  
(um polissacarídeo), aproximadamente 25 por cento de 
açúcares fermentáveis (frutose, sacarose e galactose), 
bem como resíduos de alcaloides (compostos aminados) 
que não foram extraídos no processo.
Esse resíduo contribui para a fertilidade do solo, pois","A: possibilita a reciclagem de carbono e nitrogênio.; B: promove o deslocamento do alumínio, que é tóxico.; C: melhora a compactação do solo por causa da 
presença de pectina.; D: eleva o pH do solo em função da degradação dos 
componentes do resíduo.; E: apresenta efeitos inibidores de crescimento para a 
maioria das espécies vegetais pela cafeína.",0.80483,A,2019
132,"Um alimento orgânico deve apresentar em sua 
embalagem o selo de uma instituição certificadora, 
garantindo ao consumidor que, além de ser um alimento 
isento de agrotóxicos, também é produzido com técnicas 
planejadas e controladas. A técnica de produção desses 
alimentos causa menor impacto aos recursos naturais, 
contribuindo para melhorar a qualidade de vida das 
pessoas.
Nesse sistema de produção de alimentos vegetais, o 
controle de insetos é manejado por meio do(a)",A: prática de adubação verde.; B: emprego da compostagem.; C: controle da irrigação do solo.; D: utilização de predadores naturais.; E: uso de sementes inoculadas com Rhizobium.,0.62256,D,2019
133,"Para realizar o desentupimento de tubulações de
esgotos residenciais, é utilizada uma mistura sólida
comercial que contém hidróxido de sódio (NaOH) e outra
espécie química pulverizada. Quando é adicionada
água a essa mistura, ocorre uma reação que libera gás
hidrogênio e energia na forma de calor, aumentando a
eficiência do processo de desentupimento. Considere
os potenciais padrão de redução da água e de outras
espécies em meio básico, expressos no quadro.
Descrição do quadro:
Quadro com as semirreações de redução e os
respectivos potenciais padrão de redução, em volt.
O reagente 2 H2O mais 2 elétrons forma os produtos
H2 + 2 OH de carga negativa: –0,83 volt.
O reagente Co(OH)2 mais 2 elétrons forma os
produtos Co + 2 OH de carga negativa: –0,73 volt.
O reagente Cu(OH)2 mais 2 elétrons forma os
produtos Cu + 2 OH de carga negativa: –0,22 volt.
Os reagentes PbO + H2O mais 2 elétrons formam os
produtos Pb + 2 OH de carga negativa: –0,58 volt.
O reagente Al(OH)4 de carga negativa mais 3 elétrons
forma os produtos Al + 4 OH de carga negativa:
–2,33 volts.
O reagente Fe(OH)2 mais 2 elétrons forma os
produtos Fe + 2 OH de carga negativa: –0,88 volt.
Qual é a outra espécie que está presente na composição
da mistura sólida comercial para aumentar sua
eficiência?",A: Alumínio; B: Cobalto; C: Hidróxido de Cobre II (ou Hidróxido Cúprico); D: Hidróxido de Ferro II (ou Hidróxido Ferroso); E: Chumbo,1.13773,A,2019
134,"As redes de alta tensão para transmissão de energia
elétrica geram campo magnético variável o suficiente
para induzir corrente elétrica no arame das cercas.
Tanto os animais quanto os funcionários das
propriedades rurais ou das concessionárias de energia
devem ter muito cuidado ao se aproximarem de uma
cerca quando esta estiver próxima a uma rede de alta
tensão, pois, se tocarem no arame da cerca, poderão
sofrer choque elétrico.
Para minimizar este tipo de problema, deve-se:","A: Fazer o aterramento dos arames da cerca.; B: Acrescentar fusível de segurança na cerca.; C: Realizar o aterramento da rede de alta tensão.; D: Instalar fusível de segurança na rede de alta tensão.; E: Utilizar fios encapados com isolante na rede
de alta tensão.",1.45214,A,2019
135," ""A esquistossomose (barriga-dʼágua) caracteriza-se",,0.58402,E,2019
91,"Megaespetáculos com queima de grande quantidade 
de fogos de artifício em festas de final de ano são muito 
comuns no Brasil. Após a queima, grande quantidade 
de material particulado permanece suspensa no ar. 
Entre os resíduos, encontram-se compostos de sódio, 
potássio, bário, cálcio, chumbo, antimônio, cromo, além 
de percloratos e gases, como os dióxidos de nitrogênio 
e enxofre.
Esses espetáculos promovem riscos ambientais, porque","A: as substâncias resultantes da queima de fogos de 
artifício são inflamáveis.; B: os resíduos produzidos na queima de fogos de 
artifício ainda são explosivos.; C: o sódio e o potássio são os principais responsáveis 
pela toxicidade do produto da queima.; D: os produtos da queima contêm metais pesados e 
gases tóxicos que resultam em poluição atmosférica.; E: o material particulado gerado se deposita na superfície 
das folhas das plantas impedindo os processos de 
respiração celular.",-0.23526,D,2020
92,"Há muitos mitos em relação a como se proteger de 
raios: cobrir espelhos e não pegar em facas, garfos e 
outros objetos metálicos, por exemplo. Mas, de fato, se 
houver uma tempestade com raios, alguns cuidados são 
importantes, como evitar ambientes abertos. Um bom 
abrigo para proteção é o interior de um automóvel, desde 
que este não seja conversível.
Qual o motivo físico da proteção fornecida pelos 
automóveis, conforme citado no texto?",A: Isolamento elétrico dos pneus.; B: Efeito de para-raios da antena.; C: Blindagem pela carcaça metálica.; D: Escoamento da água pela lataria.; E: Aterramento pelo fio terra da bateria.,1.28416,C,2020
93,"As moedas despertam o interesse de colecionadores, 
numismatas e investidores há bastante tempo. Uma 
moeda de 100 por cento cobre, circulante no período do 
Brasil Colônia, pode ser bastante valiosa. O elevado valor 
gera a necessidade de realização de testes que validem 
a procedência da moeda, bem como a veracidade de 
sua composição. Sabendo que a densidade do cobre 
metálico é próxima de 9 gramas por centímetro cúbico, 
um investidor negocia a aquisição de um lote de quatro 
moedas, A, B, C e D, fabricadas supostamente de 100 por 
cento cobre e massas 26 gramas, 27 gramas, 10 gramas 
e 36 gramas, respectivamente. Com o objetivo de testar a 
densidade das moedas, foi realizado um procedimento em 
que elas foram sequencialmente inseridas em uma proveta 
contendo 5 mililitros de água, conforme esquematizado.
Descrição do esquema gráfico: Esquema gráfico 
com a representação de cinco cilindros, abre parêntese, 
provetas, fecha parêntese, que contêm água e moedas. 
Da esquerda para a direita. A primeira proveta contém 
apenas água, para a qual o eixo vertical do gráfico indica 
um volume de água igual a 5 mililitros. Na segunda 
proveta a moeda A está imersa em água, de modo a 
indicar no eixo vertical um volume total igual a 7 mililitros. 
Na terceira proveta encontram-se imersas em água uma 
moeda A e uma moeda B, totalizando um volume de 10 
mililitros no eixo vertical do gráfico. Na quarta proveta há 
três moedas imersas: A, B e C, totalizando um volume 
de 12 mililitros. Na quinta proveta há quatro moedas 
imersas em água: A, B, C e D, totalizando um volume de 
16 mililitros.

Com base nos dados obtidos, o investidor adquiriu as moedas",A: A e B.; B: A e C.; C: B e C.; D: B e D.; E: C e D.,0.95056,D,2020
95,"Os manuais de refrigerador apresentam a 
recomendação de que o equipamento não deve ser 
instalado próximo a fontes de calor, como fogão e 
aquecedores, ou em local onde incida diretamente a 
luz do sol. A instalação em local inadequado prejudica 
o funcionamento do refrigerador e aumenta o consumo 
de energia.
O não atendimento dessa recomendação resulta em 
aumento do consumo de energia porque","A: o fluxo de calor por condução no condensador sofre 
considerável redução.; B: a temperatura da substância refrigerante no condensador diminui mais rapidamente.; C: o fluxo de calor promove significativa elevação da 
temperatura no interior do refrigerador.; D: a liquefação da substância refrigerante no condensador 
exige mais trabalho do compressor.; E: as correntes de convecção nas proximidades do 
condensador ocorrem com maior dificuldade.",3.80025,D,2020
96,"Durante a realização de uma partida de futebol, 
os jogadores perceberam que a bola estava murcha. 
Para calibrar a bola, um jogador utilizou uma bomba 
pneumática manual, composta por um êmbolo que 
desliza no interior de um cilindro feito de plástico. No 
processo de calibração da bola, o jogador percebeu 
que a parte final da bomba em contato com sua mão, 
e que fica mais próxima ao bico da bomba, ficou bem 
quente.
O significativo aquecimento notado pelo jogador 
deve-se ao(à)","A: atrito sucessivo entre o êmbolo e as paredes internas 
da bomba.; B: transferência de calor por condução das mãos do 
jogador para a bomba.; C: aumento da energia interna do ar contido na bomba a 
cada compressão promovida.; D: turbilhonamento promovido nas porções de ar 
confinadas acima e abaixo do êmbolo.; E: expansão do ar na saída pela parte inferior da bomba 
a cada compressão promovida.",1.79064,C,2020
97,"A Torre Eiffel, com seus 324 metros de altura, feita com 
treliças de ferro, pesava 7 300 toneladas quando terminou 
de ser construída em 1889. Um arquiteto resolve construir 
um protótipo dessa torre em escala 1 para 100, usando 
os mesmos materiais, abre parêntese, cada dimensão 
linear em escala de 1 para 100 do monumento real, fecha 
parêntese. Considere que a torre real tenha uma massa 
M1 e exerça na fundação sobre a qual foi erguida uma 
pressão P1. O modelo construído pelo arquiteto terá uma 
massa M2 e exercerá uma pressão P2.
Como a pressão exercida pela torre se compara com a 
pressão exercida pelo protótipo? Ou seja, qual é o valor 
da razão entre as pressões, abre parêntese, P1 dividido 
por P2, fecha parêntese?",A: dez elevado a zero.; B: dez elevado a um.; C: dez elevado a dois.; D: dez elevado a quatro.; E: dez elevado a seis.,0.95758,C,2020
98,"Um chuveiro elétrico foi instalado indevidamente, de 
forma que, quando é ligado com a chave seletora na posição 
inverno, a água fica com temperatura baixa. Verifica-se que 
o chuveiro está ligado a um disjuntor de 50 ampères e a 
corrente medida é de cerca de 30 ampères. A potência do 
chuveiro, como especificado, é de 4 400 watts na tensão de 
110 volts.
Para aquecer a água até a temperatura máxima, pode-se","A: diminuir o comprimento da resistência elétrica do chuveiro.; B: substituir o fio que alimenta o chuveiro por outro de 
menor diâmetro.; C: instalar um resistor em série com a resistência do chuveiro.; D: ligar o chuveiro a um disjuntor de menor amperagem.; E: trocar sua resistência elétrica por outra de maior 
resistividade.",1.86592,A,2020
99,"A Química Verde é um ramo da química que prega o 
desenvolvimento de processos eficientes, que transformem 
a maior parte do reagente em produto, de forma mais rápida 
e seletiva, que utilizem poucos reagentes, que produzam 
somente o produto desejado, evitando a formação de 
coprodutos, e que utilizem solventes não agressivos 
ao meio ambiente. Assim, as indústrias contornariam 
problemas relacionados à poluição ambiental e ao 
desperdício de água e energia.
O perfil de um processo que segue todos os princípios 
desse ramo da química pode ser representado por:","A: Os reagentes A mais B mais C formam o produto D. A 
reação ocorre a altas pressões.; B: Os reagentes A mais B formam os produtos C mais D.; A: reação é fortemente endotérmica.; C: Os reagentes A mais 3 B formam o produto C. A reação 
ocorre com uso de solvente orgânico.; D: Os reagentes 3 A mais 2 B formam o produto 2 C, que se 
transforma nos produtos 3 D mais 2 E. A reação ocorre 
sob pressão atmosférica.; E: Os reagentes A mais 0,5 B formam o produto C. A 
reação ocorre com o uso de um catalisador contendo 
um metal não tóxico.",0.94637,E,2020
100,"O diapasão de garfo é um instrumento metálico em 
forma de forquilha, que serve para afinar instrumentos 
musicais. Para isso, o diapasão é feito para vibrar e o 
som de determinada altura por ele emitido é comparado 
com o som emitido pelo instrumento. O ajuste ocorre até 
que o instrumento emita um som de mesma característica 
que a do diapasão.
Qual característica do som deve ser ajustada?",A: Amplitude.; B: Frequência.; C: Intensidade.; D: Timbre.; E: Velocidade de propagação.,1.27619,B,2020
101,"Os satélites artificiais que estão em órbita em torno 
da Terra possuem circuitos elétricos que necessitam de 
energia elétrica para funcionar. A demanda energética 
não é muito grande, mas de alguma forma o circuito do 
satélite deve ser alimentado.
Considerando a disponibilidade energética, as questões de ordem econômica e os riscos decorrentes 
da utilização de certa fonte de energia, a melhor 
alternativa para alimentar os circuitos elétricos do 
satélite é a partir de",A: células solares.; B: pilhas alcalinas.; C: biocombustíveis.; D: combustíveis fósseis.; E: reatores termonucleares.,0.30857,A,2020
102,"Caso um astronauta, no interior de uma estação 
espacial em órbita em torno da Terra, tente medir seu 
peso em uma balança convencional, essa não indicará 
nenhum valor.
A interpretação científica para esse fato é que a 
aceleração gravitacional terrestre","A: tende a zero, devido à grande distância da Terra.; B: inexiste fora da atmosfera da Terra, devido à ausência 
de ar.; C: anula-se com a aceleração da gravidade lunar, devido 
à proximidade da Lua.; D: mantém o mesmo movimento orbital para o astronauta 
e a balança, devido à ação igual em ambos.; E: não atua em corpos que se encontram no vácuo, 
devido ao fato de tal meio não permitir a existência de 
forças.",1.86484,D,2020
103,"Dois engenheiros estão verificando se uma cavidade 
perfurada no solo está de acordo com o planejamento de 
uma obra, cuja profundidade requerida é de 30 metros. 
O teste é feito por um dispositivo denominado oscilador 
de áudio de frequência variável, que permite relacionar 
a profundidade com os valores da frequência de duas 
ressonâncias consecutivas, assim como em um tubo 
sonoro fechado. A menor frequência de ressonância que o 
aparelho mediu foi cento e trinta e cinco hertz. Considere que a velocidade 
do som dentro da cavidade perfurada é de 360 metros 
por segundo.
Se a profundidade estiver de acordo com o projeto, qual 
será o valor da próxima frequência de ressonância que 
será medida?",A: cento e trinta e sete hertz.; B: cento e trinta e oito hertz.; C: cento e quarenta e um hertz.; D: cento e quarenta e quatro hertz.; E: cento e cinquenta e nove hertz.,2.62945,C,2020
104,"Instituições acadêmicas e de pesquisa no mundo estão 
inserindo genes em genomas de plantas que possam 
codificar produtos de interesse farmacológico. No Brasil, 
está sendo desenvolvida uma variedade de soja com um 
viricida ou microbicida capaz de prevenir a contaminação 
pelo vírus causador da aids. Essa leguminosa está sendo 
induzida a produzir a enzima cianovirina-N, que tem 
eficiência comprovada contra o vírus.",A: técnica para gerar essa leguminosa é um exemplo de; A: hibridismo.; B: transgenia.; C: conjugação.; D: terapia gênica.; E: melhoramento genético.,0.79213,B,2020
105,"Pesquisadores coletaram amostras de água de um rio 
em pontos diferentes, distantes alguns quilômetros um do 
outro. Ao longo do rio, há locais de águas limpas, como 
também locais que recebem descarga de esgoto de área 
urbana, e locais onde há decomposição ativa com ausência 
de peixes. Os pesquisadores analisaram dois parâmetros: 
oxigênio dissolvido, abre parêntese, OD, fecha parêntese, 
e demanda bioquímica de oxigênio, abre parêntese, DBO, 
fecha parêntese, em cada ponto de coleta de água, obtendo 
o gráfico:
Descrição do gráfico: O gráfico apresenta no eixo x 
os pontos de amostragem e no eixo y os parâmetros 
OD e DBO, abre parêntese, miligrama por litro, fecha 
parêntese.
O ponto de amostragem 1 tem OD igual a 4 e DBO 
igual a 13.
O ponto de amostragem 2 tem OD igual a 2 e DBO 
igual a 7.
O ponto de amostragem 3 tem OD igual a 0,9 e DBO 
igual a 1,8.
O ponto de amostragem 4 tem OD igual a 3 e DBO 
igual a 4.
O ponto de amostragem 5 tem OD igual a 6 e DBO 
igual a 4.
Valores limites permitidos para águas doces 
destinadas ao abastecimento para o consumo 
humano após tratamento convencional, segundo 
Resolução Conama número 357/2005: OD maior ou 
igual a 5 miligramas por litro e DBO menor ou igual a 
5 miligramas por litro.
Pontos de amostragem
O OD é proveniente da atmosfera e da fotossíntese que 
ocorre no curso-d’água e sua concentração é função das 
variáveis físicas, químicas e bioquímicas locais. A DBO é 
a quantidade de oxigênio consumido por microrganismos 
em condições aeróbicas para degradar uma determinada 
quantidade de matéria orgânica, durante um período de 
tempo, numa temperatura de incubação específica. 
Qual ponto de amostragem da água do rio está mais 
próximo ao local em que o rio recebe despejo de esgoto?",A: um; B: dois; C: três; D: quatro; E: cinco,1.15068,A,2020
106,"O crescimento da frota de veículos em circulação 
no mundo tem levado à busca e desenvolvimento 
de tecnologias que permitam minimizar emissões de 
poluentes atmosféricos. O uso de veículos elétricos é 
uma das propostas mais propagandeadas por serem de 
emissão zero. Podemos comparar a emissão de carbono 
na forma de CO2, abre parêntese, massa molar igual a 
44 gramas por mol, fecha parentêse, para os dois tipos 
de carros, abre parêntese, a combustão e elétrico, fecha 
parêntese. Considere que os veículos tradicionais a 
combustão, movidos a etanol, abre parêntese, massa 
molar igual a 46 gramas por mol, fecha parêntese, emitem 
uma média de 2,6 mol de CO2 por quilômetro rodado, 
e os elétricos emitem o equivalente a 0,45 mol de CO2 
por quilômetro rodado, abre parêntese, considerando 
as emissões na geração e transmissão da eletricidade, 
fecha parêntese. A reação de combustão do etanol pode 
ser representada pela equação química:
Descrição da equação química: Os reagentes 
C2H5OH, abre parêntese, líquido, fecha parêntese, 
mais 3 O2, abre parêntese, gasoso, fecha parêntese, 
formam os produtos 2 CO2, abre parêntese, gasoso, 
fecha parêntese, mais 3 H2O, abre parêntese, gasoso, 
fecha parêntese.
Foram analisadas as emissões de CO2 envolvidas 
em dois veículos, um movido a etanol e outro elétrico, em 
um mesmo trajeto de 1 000 quilômetros.
A quantidade equivalente de etanol economizada, em 
quilograma, com o uso do veículo elétrico nesse trajeto, 
é mais próxima de",A: 50.; B: 60.; C: 95.; D: 99.; E: 120.,2.00971,A,2020
107,"A Síndrome Respiratória do Oriente Médio, abre 
parêntese, MERS, fecha parêntese, tem preocupado o 
mundo, em especial pelas semelhanças com a Síndrome 
Respiratória Aguda Grave, abre parêntese, SARS, 
fecha parêntese, e pela letalidade. As pessoas 
acometidas podem apresentar febre, tosse, 
dificuldade de respirar, náuseas e diarreia. Causada 
por um coronavírus, a doença espalha-se facilmente, 
pelo contato com indivíduos infectados.
Qual forma de prevenção pode, emergencialmente, 
auxiliar no controle da disseminação dessa epidemia?",A: Evitar o frio.; B: Utilizar antitérmicos.; C: Ter hábitos de vida saudáveis.; D: Melhorar o saneamento básico.; E: Usar máscaras de proteção facial.,-0.25887,E,2020
108,"Embora a energia nuclear possa ser utilizada para 
fins pacíficos, recentes conflitos geopolíticos têm trazido 
preocupações em várias partes do planeta e estimulado 
discussões visando o combate ao uso de armas de 
destruição em massa. Além do potencial destrutivo da 
bomba atômica, uma grande preocupação associada 
ao emprego desse artefato bélico é a poeira radioativa 
deixada após a bomba ser detonada.
Qual é o processo envolvido na detonação dessa bomba?","A: Fissão nuclear do urânio, provocada por nêutrons.; B: Fusão nuclear do hidrogênio, provocada por prótons.; C: Desintegração nuclear do plutônio, provocada por 
elétrons.; D: Associação em cadeia de chumbo, provocada por 
pósitrons.; E: Decaimento radioativo do carbono, provocado por 
partículas beta.",0.67088,A,2020
109,"Plantas pioneiras são as que iniciam o processo 
natural de cicatrização de uma área desprovida de 
vegetação. Em geral, têm pequeno porte e crescem 
muito rápido, desenvolvem-se a pleno sol e são pouco 
exigentes quanto às condições do solo. Produzem grande 
quantidade de sementes e possuem ciclo de vida curto.
Essas plantas são importantes em um projeto de 
restauração ambiental, pois promovem, no solo,",A: aumento da incidência de luz solar.; B: diminuição da absorção de água.; C: estabilização da umidade.; D: elevação de temperatura.; E: liberação de oxigênio.,0.63222,C,2020
110,"Mesmo para peixes de aquário, como o peixe arco-íris, 
a temperatura da água fora da faixa ideal, abre parêntese, 
26 graus Celsius a 28 graus Celsius, fecha parêntese, 
bem como sua variação brusca, pode afetar a saúde 
do animal. Para manter a temperatura da água dentro 
do aquário na média desejada, utilizam-se dispositivos 
de aquecimento com termostato. Por exemplo, para 
um aquário de 50 litros, pode-se utilizar um sistema 
de aquecimento de 50 watts otimizado para suprir sua 
taxa de resfriamento. Essa taxa pode ser considerada 
praticamente constante, já que a temperatura externa ao 
aquário é mantida pelas estufas. Utilize para a água o 
calor específico 4,0 quilojoule por quilograma por Kelvin e 
a densidade 1 quilograma por litro.
Se o sistema de aquecimento for desligado por 1 hora, 
qual o valor mais próximo para a redução da temperatura 
da água do aquário?",A: quatro graus Celsius; B: três vígula seis graus Celsius; C: zero vírgula nove grau Celsius; D: zero vírgula seis grau Celsius; E: zero vírgula três grau Celsius,1.73038,C,2020
111,"Uma mulher de 21 anos não tem filhos e apresenta 
um ciclo menstrual regular. Sua primeira menstruação do 
presente ano teve início no dia primeiro de janeiro. Ela teve 
uma única relação sexual naquele mês, abre parêntese, 
no dia 4 de janeiro, fecha parêntese, sendo que nenhum 
método contraceptivo foi utilizado. Como até o dia 29 de 
janeiro ela não havia menstruado novamente, resolveu 
fazer um teste de gravidez, já que ela e seu parceiro não 
apresentavam problemas de infertilidade. O resultado foi 
negativo e, no dia seguinte, abre parêntese, 30 de janeiro, 
fecha parêntese, ela menstruou normalmente.
De acordo com um ciclo menstrual regular, a mulher 
não ficou grávida porque a ovocitação, abre parêntese, 
abre aspas, ovulação, fecha aspas, fecha parêntese, 
ocorreu cerca de",A: um a dois dias após a relação sexual.; B: nove a onze dias após a relação sexual.; C: vinte e quatro a vinte e cinco dias após a relação sexual.; D: seis a sete dias antes da relação sexual.; E: dois a três dias antes da relação sexual.,1.44968,B,2020
112,"O exame parasitológico de fezes é utilizado para 
detectar ovos de parasitos. Um dos métodos utilizados, 
denominado de centrífugo-flutuação, considera a 
densidade dos ovos em relação a uma solução de 
densidade 1,15 grama por mililitro. Assim, ovos que 
flutuam na superfície dessa solução são detectados. Os 
dados de densidade dos ovos de alguns parasitos estão 
apresentados na tabela.
Descrição da tabela:
A: tabela apresenta duas colunas, uma com os nomes 
dos parasitos e outra com as densidades de seus 
ovos, da seguinte maneira:
Ancylostoma: 1,06 grama por mililitro.
Ascaris lumbricoides: 1,11 grama por mililitro.
Ascaris suum: 1,13 grama por mililitro.
Schistosoma mansoni: 1,18 grama por mililitro.
Taenia saginata: 1,30 grama por mililitro.
Considerando-se a densidade dos ovos e da solução, 
ovos de quais parasitos podem ser detectados por esse 
método?","A: A. lumbricoides, A. suum e S. mansoni.; B: S. mansoni, T. saginata e Ancylostoma.; C: Ancylostoma, A. lumbricoides e A. suum.; D: T. saginata, S. mansoni e A. lumbricoides.; E: A. lumbricoides, A. suum e T. saginata.",0.12756,C,2020
113,"Em seu laboratório, um técnico em química foi 
incumbido de tratar um resíduo, evitando seu descarte 
direto no meio ambiente. Ao encontrar o frasco, observou 
a seguinte informação: abre aspas, Resíduo: mistura de 
acetato de etila e água, fecha aspas.
Considere os dados do acetato de etila:
•	 Baixa solubilidade em água;
•	 Massa específica igual a 0,9 grama por centíme-
tro cúbico;
•	 Temperatura de fusão igual a menos 83 graus 
Celsius;
•	 Pressão de vapor maior que a da água.
A fim de tratar o resíduo, recuperando o acetato de etila, 
o técnico deve","A: evaporar o acetato de etila sem alterar o conteúdo 
de água.; B: filtrar a mistura utilizando um funil comum e um papel 
de filtro.; C: realizar uma destilação simples para separar a água 
do acetato de etila.; D: proceder a uma centrifugação da mistura para 
remover o acetato de etila.; E: decantar a mistura separando os dois componentes 
em um funil adequado.",2.72331,E,2020
114,"Em 2011, uma falha no processo de perfuração 
realizado por uma empresa petrolífera ocasionou 
derramamento de petróleo na bacia hidrográfica de 
Campos, no Rio de Janeiro.
Os impactos decorrentes desse derramamento ocorrem 
porque os componentes do petróleo","A: reagem com a água do mar e sofrem degradação, 
gerando compostos com elevada toxicidade.; B: acidificam o meio, promovendo o desgaste das 
conchas calcárias de moluscos e a morte de corais.; C: dissolvem-se na água, causando a mortandade dos 
seres marinhos por ingestão da água contaminada.; D: têm caráter hidrofóbico e baixa densidade, impedindo 
as trocas gasosas entre o meio aquático e a atmosfera.; E: têm cadeia pequena e elevada volatilidade, 
contaminando a atmosfera local e regional em função 
dos ventos nas orlas marítimas.",0.32436,D,2020
115,"Durante uma coleta no Pantanal mato-grossense 
foram observadas algumas espécies de gramíneas, 
plantas que normalmente apresentam caule rastejante no 
solo, enrolando-se em outras plantas, dando a aparência 
de serem plantas trepadeiras.
Levando em conta as características ambientais do 
Pantanal, a adaptação morfológica dessas gramíneas foi 
uma estratégia que possibilitou",A: captar mais luz.; B: captar mais oxigênio.; C: captar mais nutrientes.; D: escapar do excesso de água.; E: escapar da predação dos herbívoros.,1.18376,D,2020
116,"A fragmentação dos hábitats é caracterizada pela 
formação de ilhas da paisagem original, circundadas 
por áreas transformadas. Esse tipo de interferência no 
ambiente ameaça a biodiversidade. Imagine que uma 
população de onças foi isolada em uma mata pequena. 
Elas se extinguiriam mesmo sem terem sido abatidas. 
Diversos componentes da ilha de hábitat, como o 
tamanho, a heterogeneidade, o seu entorno, a sua 
conectividade e o efeito de borda são determinantes para 
a persistência ou não das espécies originais.
Uma medida que auxilia na conservação da biodiversidade 
nas ilhas mencionadas no texto compreende a",A: formação de micro-hábitats.; B: ampliação do efeito de borda.; C: construção de corredores ecológicos.; D: promoção da sucessão ecológica.; E: introdução de novas espécies de animais e vegetais.,1.12362,C,2020
117,"A sacarase, abre parêntese, ou invertase, fecha 
parêntese, é uma enzima que atua no intestino 
humano hidrolisando o dissacarídeo sacarose, 
nos monossacarídeos glicose e frutose. Em um 
estudo cinético da reação de hidrólise da sacarose, 
abre parêntese, C12H22O11, fecha parêntese, foram 
dissolvidos 171 gramas de sacarose em 500 mililitros 
de água. Observou-se que, a cada 100 minutos de 
reação, a concentração de sacarose foi reduzida à 
metade, qualquer que fosse o momento escolhido como 
tempo inicial. As massas molares dos elementos H, C e O 
são iguais a 1, 12 e 16 gramas por mol, respectivamente.
Qual é a concentração de sacarose, em mol por litro, 
depois de 400 minutos do início da reação de hidrólise?",A: dois vírgula cinquenta vezes dez elevado a menos três.; B: seis vírgula vinte e cinco vezes dez elevado a menos dois.; C: um vírgula vinte e cinco vezes dez elevado a menos um.; D: dois vírgula cinquenta vezes dez elevado a menos um.; E: quatro vírgula vinte e sete vezes dez elevado a menos um.,1.50249,B,2020
118,"Grandes reservatórios de óleo leve de melhor 
qualidade e que produz petróleo mais fino foram 
descobertos 
no 
litoral 
brasileiro 
numa 
camada 
denominada pré-sal, formada há 150 milhões de anos.
A utilização desse recurso energético acarreta para o 
ambiente um desequilíbrio no ciclo do","A: nitrogênio, devido à nitrificação ambiental transformando 
amônia em nitrito.; B: nitrogênio, devido ao aumento dos compostos 
nitrogenados no ambiente terrestre.; C: carbono, devido ao aumento dos carbonatos dissolvidos 
no ambiente marinho.; D: carbono, devido à liberação das cadeias carbônicas 
aprisionadas abaixo dos sedimentos.; E: fósforo, devido à liberação dos fosfatos acumulados no 
ambiente marinho.",0.67442,D,2020
119,"Em uma usina geradora de energia elétrica, seja 
através de uma queda-d’água ou através de vapor 
sob pressão, as pás do gerador são postas a girar. 
O movimento relativo de um ímã em relação a um 
conjunto de bobinas produz um fluxo magnético variável 
através delas, gerando uma diferença de potencial em 
seus terminais. Durante o funcionamento de um dos 
geradores, o operador da usina percebeu que houve um 
aumento inesperado da diferença de potencial elétrico 
nos terminais das bobinas.
Nessa situação, o aumento do módulo da diferença de 
potencial obtida nos terminais das bobinas resulta do 
aumento do(a)","A: intervalo de tempo em que as bobinas ficam imersas 
no campo magnético externo, por meio de uma 
diminuição de velocidade no eixo de rotação do 
gerador.; B: fluxo magnético através das bobinas, por meio de 
um aumento em sua área interna exposta ao campo 
magnético aplicado.; C: intensidade do campo magnético no qual as bobinas 
estão imersas, por meio de aplicação de campos 
magnéticos mais intensos.; D: rapidez com que o fluxo magnético varia através das 
bobinas, por meio de um aumento em sua velocidade 
angular.; E: resistência interna do condutor que constitui as 
bobinas, por meio de um aumento na espessura dos 
terminais.",1.5026,D,2020
120,"A obtenção de óleos vegetais, de maneira geral, 
passa pelas etapas descritas no quadro.
Descrição do quadro: 
Quadro com as etapas e subetapas do processo de 
obtenção de óleos vegetais e as respectivas descrições 
do que ocorre em cada subetapa.
A etapa de Preparação da matéria-prima envolve quatro 
subetapas. Na subetapa Seleção dos grãos ocorre a 
separação das sujidades mais grossas. Na subetapa 
Descascamento ocorre a separação de polpa e casca. 
Na subetapa Trituração ocorre o rompimento dos tecidos 
e das paredes das células. Na subetapa Cozimento 
ocorre o aumento da permeabilidade das membranas 
celulares.; A: etapa Extração do óleo bruto envolve três subetapas. 
Na subetapa Prensagem ocorre a remoção parcial do 
óleo. Na subetapa Extração obtém-se o óleo bruto com 
hexano. Na subetapa Destilação ocorre a separação do 
óleo e do solvente.
Qual das subetapas do processo é realizada em função 
apenas da polaridade das substâncias?",A: Trituração.; B: Cozimento.; C: Prensagem.; D: Extração.; E: Destilação.,1.88363,D,2020
121,"O dióxido de carbono passa para o estado sólido, 
abre parêntese, gelo seco, fecha parêntese, a menos 
78 graus Celsius e retorna ao estado gasoso à 
temperatura ambiente. O gás é facilmente solubilizado 
em água, capaz de absorver radiação infravermelha 
da superfície da Terra e não conduz eletricidade. Ele 
é utilizado como matéria-prima para a fotossíntese até 
o limite de saturação. Após a fixação pelos organismos 
autotróficos, o gás retorna ao meio ambiente pela 
respiração aeróbica, fermentação, decomposição ou por 
resíduos industriais, queima de combustíveis fósseis e 
queimadas. Apesar da sua importância ecológica, seu 
excesso causa perturbações no equilíbrio ambiental.
Considerando as propriedades descritas, o aumento 
atmosférico da substância afetará os organismos aquáticos 
em razão da","A: redução do potencial hidrogeniônico da água.; B: restrição da aerobiose pelo excesso de poluentes.; C: diminuição da emissão de oxigênio pelos autótrofos.; D: limitação de transferência de energia entre os seres 
vivos.; E: retração dos oceanos pelo congelamento do gás nos 
polos.",1.8581,A,2020
122,"Grupos de proteção ao meio ambiente conseguem 
resgatar muitas aves aquáticas vítimas de vazamentos de 
petróleo. Essas aves são lavadas com água e detergente 
neutro para a retirada completa do óleo de seu corpo e, 
posteriormente, são aquecidas, medicadas, desintoxicadas 
e alimentadas. Mesmo após esses cuidados, o retorno 
ao ambiente não pode ser imediato, pois elas precisam 
recuperar a capacidade de flutuação.
Para flutuar, essas aves precisam",A: recuperar o tônus muscular.; B: restaurar a massa corporal.; C: substituir as penas danificadas.; D: restabelecer a capacidade de homeotermia.; E: refazer a camada de cera impermeabilizante das penas.,0.62392,E,2020
123,"Um estudante tem uma fonte de tensão com corrente 
contínua que opera em tensão fixa de 12 volts. Como 
precisa alimentar equipamentos que operam em tensões 
menores, ele emprega quatro resistores de 100 ohms 
para construir um divisor de tensão. Obtém-se este 
divisor associando os resistores, como exibido na figura. 
Os aparelhos podem ser ligados entre os pontos A, B, C, 
D e E, dependendo da tensão especificada.
Descrição da figura: Circuito elétrico com uma 
fonte de corrente contínua de tensão igual a 12 
volts em uma única malha com quatro resistores em 
série, cada um de resistência igual 100 ohms. O polo 
positivo da fonte está conectado ao ponto A. Entre os 
pontos A e B, encontra-se o primeiro resistor. Entre 
os pontos B e C, encontra-se o segundo resistor. 
Entre os pontos C e D, encontra-se o terceiro resistor. 
Entre os pontos D e E, encontra-se o quarto resistor. 
O ponto E está conectado ao polo negativo da fonte.
Ele tem um equipamento que opera em 9,0 volts com 
uma resistência interna de 10 quilo-ohms.
Entre quais pontos do divisor de tensão esse equipamento 
deve ser ligado para funcionar corretamente e qual será o 
valor da intensidade da corrente nele estabelecida?",A: Entre A e C; trinta miliampères.; B: Entre B e E; trinta miliampères.; C: Entre A e D; um vírgula dois miliampère.; D: Entre B e E; zero vírgula nove miliampère.; E: Entre A e E; zero vírgula nove miliampère.,2.08846,D,2020
124,"Pesquisadores dos Estados Unidos desenvolveram 
uma nova técnica, que utiliza raios de luz infravermelha 
para destruir tumores. Primeiramente, o paciente recebe 
uma injeção com versões modificadas de anticorpos que 
têm a capacidade de, abre aspas, grudar, fecha aspas, 
apenas nas células cancerosas. Sozinhos, eles não fazem 
nada contra o tumor. Entretanto, esses anticorpos estão 
ligados a uma molécula, denominada IR700, que funcionará 
como uma, abre aspas, microbomba, fecha aspas, que irá 
destruir o câncer. Em seguida, o paciente recebe raios 
infravermelhos. Esses raios penetram no corpo e chegam 
até a molécula IR700, que é ativada e libera uma substância 
que ataca a célula cancerosa. 
Com base nas etapas de desenvolvimento, o nome 
apropriado para a técnica descrita é:",A: Radioterapia.; B: Cromoterapia.; C: Quimioterapia.; D: Fotoimunoterapia.; E: Terapia magnética.,1.57164,D,2020
125,"Aranhas, escorpiões, carrapatos e ácaros são 
representantes da classe dos Aracnídeos. Esses 
animais são terrestres em sua grande maioria e ocupam 
os mais variados hábitats, tais como montanhas altas, 
pântanos, desertos e solos arenosos. Podem ter sido 
os primeiros representantes do filo Arthropoda a habitar 
a terra seca.","A: característica que justifica o sucesso adaptativo desse 
grupo na ocupação do ambiente terrestre é a presença de; A: quelíceras e pedipalpos que coordenam o movimento 
corporal.; B: excreção de ácido úrico que confere estabilidade ao 
pH corporal.; C: exoesqueleto constituído de quitina que auxilia no 
controle hídrico corporal.; D: circulação sanguínea aberta que impede a 
desidratação dos tecidos corporais.; E: sistema nervoso ganglionar que promove a 
coordenação central do movimento corporal",1.19437,C,2020
126,"Você foi contratado para sincronizar os quatro 
semáforos sucessivos de uma avenida, indicados pelas 
letras O, A, B e C, respectivamente.
Os semáforos sucessivos estão separados por uma 
distância de 500 metros. Segundo os dados estatísticos 
da companhia controladora de trânsito, um veículo, que 
está inicialmente parado no semáforo O, tipicamente 
parte com aceleração constante de 1 metro por segundo 
ao quadrado até atingir a velocidade de 72 quilômetros 
por hora e, a partir daí, prossegue com velocidade 
constante. Você deve ajustar os semáforos A, B e C de 
modo que eles mudem para a cor verde quando o veículo 
estiver a 100 metros de cruzá-los, para que ele não tenha 
que reduzir a velocidade em nenhum momento.
Considerando 
essas 
condições, 
aproximadamente 
quanto tempo depois da abertura do semáforo O os 
semáforos A, B e C devem abrir, respectivamente?","A: vinte segundos, quarenta e cinco segundos e setenta segundos.; B: vinte e cinco segundos, cinquenta segundos e setenta e cinco segundos.; C: vinte e oito segundos, quarenta e dois segundos e cinquenta e três segundos.; D: trinta segundos, cinquenta e cinco segundos e oitenta segundos.; E: trinta e cinco segundos, sessenta segundos e oitenta e cinco segundos.",1.90806,D,2020
127,"Nos dias atuais, o amplo uso de objetos de plástico 
gera bastante lixo, que muitas vezes é eliminado pela 
população por meio da queima. Esse procedimento é 
prejudicial ao meio ambiente por lançar substâncias 
poluentes. Para constatar esse problema, um estudante 
analisou a decomposição térmica do policloreto de 
vinila, abre parêntese, PVC, fecha parêntese, um tipo de 
plástico, cuja estrutura é representada na figura.
Para realizar esse experimento, o estudante colocou 
uma amostra de filme de PVC em um tubo de ensaio e o 
aqueceu, promovendo a decomposição térmica. Houve a 
liberação majoritária de um gás diatômico heteronuclear 
que foi recolhido em um recipiente acoplado ao tubo de 
ensaio. Esse gás, quando borbulhado em solução alcalina 
diluída contendo indicador ácido-base, alterou a cor da 
solução. Além disso, em contato com uma solução aquosa 
de carbonato de sódio, abre parêntese, Na2CO3, fecha 
parêntese, liberou gás carbônico.
Descrição da figura da estrutura química do 
policloreto de vinila: a unidade de repetição do 
policloreto de vinila, abre parêntese, PVC, fecha 
parêntese,  contém um átomo de carbono ligado a 
dois átomos de hidrogênio e a um outro átomo de 
carbono, que, por sua vez, está ligado a um átomo de 
hidrogênio e a um átomo de cloro. Essa unidade de 
repetição ocorre n vezes.
Qual foi o gás liberado majoritariamente na decomposição 
térmica desse tipo de plástico?",A: H₂ Hidrogênio molecular (ou Gás hidrogênio); B: Cl₂ Cloro molecular (ou Gás cloro); C: CO Monóxido de carbono; D: CO₂ Dióxido de carbono (ou Gás carbônico); E: HCl Ácido clorídrico (em solução aquosa) ou Cloreto de hidrogênio (forma gasosa),1.69946,E,2020
128,"Uma população, abre parêntese, momento A, fecha 
parêntese, sofre isolamento em duas subpopulações, abre 
parêntese, momento B, fecha parêntese, por um fator de 
isolamento I. Passado um tempo, essas subpopulações 
apresentam características fenotípicas e genotípicas 
que as distinguem, abre parêntese, momento C, fecha 
parêntese, representadas na figura pelas tonalidades de 
cor. O posterior desaparecimento do fator de isolamento I 
pode levar, no momento D, às situações D1 e D2.
Descrição da figura:; A figura mostra as 
características de duas subpopulações numa linha 
temporal. No momento C, em que as características 
se mostram distintas, uma subpopulação é 
representada pela cor branca e a outra pela 
cor cinza. Após o desaparecimento do fator de 
isolamento I, tem-se duas situações no momento 
D, sendo:
D1: As populações que estavam separadas no momento 
anterior agora estão representadas unidas, e por cores 
distintas, uma porção branca e outra cinza.
D2: As populações que estavam separadas no momento 
anterior agora estão representadas unidas e ambas têm 
uma tonalidade cinza intermediária.
A representação indica que, no momento D, na situação","A: D1 ocorre um novo fator de isolamento geográfico.; B: D1 existe uma única população distribuída em 
gradiente.; C: D1 ocorrem duas populações separadas por 
isolamento reprodutivo.; D: D2 coexistem duas populações com características 
fenotípicas distintas.; E: D2 foram preservadas as mesmas características 
fenotípicas da população original A.",0.72028,C,2020
129,"Na indústria farmacêutica, é muito comum o emprego 
de substâncias de revestimento em medicamentos de 
uso oral, pois trazem uma série de benefícios como 
alteração de sabor em medicamentos que tenham 
gosto ruim, melhoria da assimilação do composto, entre 
outras ações. Alguns compostos poliméricos à base do 
polissacarídeo celulose são utilizados para garantir que o 
fármaco somente seja liberado quando em contato com 
soluções aquosas cujo pH se encontre próximo da faixa 
da neutralidade.
Qual é a finalidade do uso desse revestimento à base 
de celulose?","A: Diminuir a absorção do princípio ativo no intestino.; B: Impedir que o fármaco seja solubilizado no intestino.; C: Garantir que o fármaco não seja afetado pelas 
secreções gástricas.; D: Permitir a liberação do princípio ativo pela ação das 
amilases salivares.; E: Facilitar a liberação do fármaco pela ação dos sais 
biliares sobre o revestimento.",1.17942,C,2020
130,"As panelas de pressão reduzem o tempo de 
cozimento dos alimentos por elevar a temperatura de 
ebulição da água. Os usuários conhecedores do utensílio 
normalmente abaixam a intensidade do fogo em panelas 
de pressão após estas iniciarem a saída dos vapores.
Ao abaixar o fogo, reduz-se a chama, pois assim 
evita-se o(a)",A: aumento da pressão interna e os riscos de explosão.; B: dilatação da panela e a desconexão com sua tampa.; C: perda da qualidade nutritiva do alimento.; D: deformação da borracha de vedação.; E: consumo de gás desnecessário.,1.67689,E,2020
131,"A nanotecnologia pode ser caracterizada quando os 
compostos estão na ordem de milionésimos de milímetros, 
como na utilização de nanomateriais catalíticos nos 
processos industriais. O uso desses materiais aumenta 
a eficiência da produção, consome menos energia e gera 
menores quantidades de resíduos. O sucesso dessa 
aplicação tecnológica muitas vezes está relacionado ao 
aumento da velocidade da reação química envolvida.
O êxito da aplicação dessa tecnologia é por causa 
da realização de reações químicas que ocorrem em 
condições de",A: alta pressão.; B: alta temperatura.; C: excesso de reagentes.; D: maior superfície de contato.; E: elevada energia de ativação.,1.59379,D,2020
132,"Os fones de ouvido  tradicionais transmitem a música 
diretamente para os nossos ouvidos. Já os modelos 
dotados de tecnologia redutora de ruído, Cancelamento 
de Ruído, além de transmitirem música, também reduzem 
todo ruído inconsistente à nossa volta, como o barulho 
de turbinas de avião e aspiradores de pó. Os fones de 
ouvido Cancelamento de Ruído não reduzem realmente 
barulhos irregulares como discursos e choros de bebês. 
Mesmo assim, a supressão do ronco das turbinas do 
avião contribui para reduzir a, abre aspas, fadiga de 
ruído, fecha aspas, um cansaço persistente provocado 
pela exposição a um barulho alto por horas a fio. Esses 
aparelhos também permitem que nós ouçamos músicas 
ou assistamos a vídeos no trem ou no avião a um volume 
muito menor e mais seguro.
A tecnologia redutora de ruído utilizada na produção 
de fones de ouvido baseia-se em qual fenômeno 
ondulatório?",A: Absorção.; B: Interferência.; C: Polarização.; D: Reflexão.; E: Difração.,1.69468,B,2020
133,"Para garantir que produtos eletrônicos estejam 
armazenados de forma adequada antes da venda, 
algumas empresas utilizam cartões indicadores de 
umidade nas embalagens desses produtos. Alguns 
desses cartões contêm um sal de cobalto que muda 
de cor em presença de água, de acordo com a 
equação química:
Descrição da equação química:
Os reagentes CoCl2, abre parêntese, sólido 
azul, fecha parêntese, mais 6 H2O, abre parêntese, 
gasoso, fecha parêntese, formam, em equilíbrio 
químico, o produto CoCl2.6H2O, abre parêntese, 
sólido rosa, fecha parêntese, com um delta H, abre 
parêntese, variação de entalpia, fecha parêntese, 
menor que zero.
Como você procederia para reutilizar, num curto intervalo de 
tempo, um cartão que já estivesse com a coloração rosa?",A: Resfriaria no congelador.; B: Borrifaria com spray de água.; C: Envolveria com papel alumínio.; D: Aqueceria com secador de cabelos.; E: Embrulharia em guardanapo de papel.2,0.84954,D,2020
134,"Descrição da tirinha: Tirinha composta de três quadrinhos.
No primeiro quadrinho, temos apresentada as pernas de um homem e um gato se aproximando delas.
No segundo quadrinho, o gato está se esfregando nas pernas do homem e emite o seguinte som: PURRR.
No terceiro quadrinho, temos apenas o gato com todos os pelos do corpo arrepiados, e no balão temos o 
pensamento dele: EU ODEIO ELETRICIDADE ESTÁTICA.
Por qual motivo ocorre a eletrização ilustrada na tirinha?",A: Troca de átomos entre a calça e os pelos do gato.; B: Diminuição do número de prótons nos pelos do gato.; C: Criação de novas partículas eletrizadas nos pelos do gato.; D: Movimentação de elétrons entre a calça e os pelos do gato.; E: Repulsão entre partículas elétricas da calça e dos pelos do gato.,0.63073,D,2020
135,"A enorme quantidade de resíduos gerados pelo consumo crescente da sociedade traz para a humanidade uma 
preocupação socioambiental, em especial pela quantidade de lixo produzido. Além da reciclagem e do reúso, pode-se 
melhorar ainda mais a qualidade de vida, substituindo polímeros convencionais por polímeros biodegradáveis.
Esses polímeros têm grandes vantagens socioambientais em relação aos convencionais porque",A: não são tóxicos.; B: não precisam ser reciclados.; C: não causam poluição ambiental quando descartados.; D: são degradados em um tempo bastante menor que os convencionais.; E: apresentam propriedades mecânicas semelhantes aos convencionais.3,-0.07547,D,2020
91,"- enemzoz
A deficiência de lipase ácida lisossômica é uma doença
hereditária associada a um gene do cromossomo 10.
Os pais dos pacientes podem não saber que são portadores
dos genes da doença até o nascimento do primeiro filho
afetado. Quando ambos os progenitores são portadores,
existe uma chance, em quatro, de que seu bebê possa
nascer com essa doença.

Essa é uma doença hereditária de caráter",A: recessivo.; B: dominante.; C: codominante.; D: poligênico.; E: polialélico.,0.44934,A,2021
92,"O quadro lista alguns dispositivos eletrônicos que
estão presentes no dia a dia, bem como a faixa de força
eletromotriz necessária ao seu funcionamento.
Descrição da imagem:
Quadro com cinco dispositivos eletrônicos e suas
respectivas faixas de força eletromotriz, em volt.
Dispositivo um — relógio de parede: 1,2 a 1,5.
Dispositivo dois — celular: 3,5 a 3,8.
Dispositivo três — câmera digital: 7,5 a 7,8.
Dispositivo quatro — carrinho de controle remoto: 10,5 a 10,9.
Dispositivo cinco — notebook / laptop: 19,5 a 20,0.
Considere que uma bateria é construída pela
associação em série de três pilhas de lítio-iodo, nas
condições-padrão, conforme as semiequações de
redução apresentadas.
Descrição da imagem:
Primeira semiequação: iodo mais 2 elétrons forma 2 iodo
de carga negativa, com potencial de redução igual a mais
0,54 volt.
Segunda semiequação: lítio de carga positiva mais
1 elétron forma lítio, com potencial de redução igual a
menos 3,05 volts.
Essa bateria é adequada para o funcionamento de qual
dispositivo eletrônico?",A: um; B: dois; C: três; D: quatro; E: cinco,1.96749,D,2021
93,"Oalcoolômetro Gay Lussac é um instrumento destinado
a medir o teor de álcool, em porcentagem de volume (v/v),
de soluções de água e álcool na faixa de O grau GL a
100 graus GL, com divisões de 0,1 grau GL. A concepção
do alcoolômetro se baseia no princípio de flutuabilidade
de Arquimedes, semelhante ao funcionamento de um
densímetro. A escala do instrumento é aferida a 20 graus
Celsius, sendo necessária a correção da medida, caso
a temperatura da solução não esteja na temperatura de
aferição. É apresentada parte da tabela de correção de um
alcoolômetro, com a temperatura.
Descrição da imagem:
Tabela que indica os valores da concentração de
álcool em graus GL em função da temperatura para o
intervalo de 20 a 25 graus Celsius.
Na primeira linha: 35 graus GL a 20 graus Celsius;
34,6 graus GL a 21 graus Celsius; 34,2 graus GL a
22 graus Celsius; 33,8 graus GL a 23 graus Celsius;
33,4 graus GL a 24 graus Celsius; 33,0 graus GL a
25 graus Celsius.
Na segunda linha: 36 graus GL a 20 graus Celsius;
35,6 graus GL a 21 graus Celsius; 35,2 graus GL a
22 graus Celsius; 34,8 graus GL a 23 graus Celsius;
34,4 graus GL a 24 graus Celsius; 34,0 graus GL a
25 graus Celsius.
É necessária a correção da medida do instrumento, pois
um aumento na temperatura promove o(a)",A: aumento da dissociação da água.; B: aumento da densidade da água e do álcool.; C: mudança do volume dos materiais por dilatação.; D: aumento da concentração de álcool durante a medida.; E: alteração das propriedades químicas da mistura álcool e água.,1.40697,C,2021
94,"Curagem é um método centenário empregado na
conservação de alimentos. Um dos primeiros métodos
utilizados na história foi a salga, em que o alimento é
esfregado com sal ou mergulhado em solução salina
saturada. Esse método visa preservar o alimento,
evitando a proliferação de organismos decompositores.

Qual dos métodos a seguir utiliza o mesmo princípio de
preservação?",A: Congelamento de carnes.; B: Pasteurização de líquidos.; C: Embalagem a vácuo de alimentos sólidos.; D: Adição de açúcar na fabricação de geleias e compotas.; E: Uso de vinagre na fabricação de vegetais em conservas.,2.11943,D,2021
95,"Estudo aponta que a extinção de preguiças-gigantes,
cuja base da dieta eram frutos e sementes, provocou
impactos consideráveis na vegetação do Pantanal
brasileiro. A flora, embora não tenha desaparecido,
tornou-se menos abundante que no passado, além de
ocupar áreas mais restritas.

O evento descrito com a flora ocorreu em razão da
redução",A: da produção de flores.; B: do tamanho das plantas.; C: de fatores de disseminação das sementes.; D: da quantidade de sementes por fruto.; E: dos hábitats disponíveis para as plantas.,-0.23373,C,2021
96,"Carros elétricos estão cada vez mais baratos,
no entanto, os órgãos governamentais e a indústria se
preocupam com o tempo de recarga das baterias, que é
muito mais lento quando comparado ao tempo gasto para
encher o tanque de combustível. Portanto, os usuários
de transporte individual precisam se conscientizar dos
ganhos ambientais dessa mudança e planejar com
antecedência seus percursos, pensando em pausas
necessárias para recargas.
Após realizar um percurso de 110 quilômetros, um
motorista pretende recarregar as baterias de seu carro
elétrico, que tem um desempenho médio de 5,0 quilômetros
por quilowatt-hora, usando um carregador ideal que opera
a uma tensão de 220 volts e é percorrido por uma corrente
de 20 ampéres.
Quantas horas são necessárias para recarregar a energia
utilizada nesse percurso?",A: zero vírgula zero zero cinco; B: zero vírgula cento e vinte e cinco; C: dois vírgula cinco; D: cinco; E: oito,1.65567,D,2021
97,"Nas angiospermas, além da fertilização da oosfera,
existe uma segunda fertilização que resulta num tecido
triploide.
Essa segunda fertilização foi importante evolutivamente,
pois viabilizou a formação de um tecido de",A: nutrição para o fruto.; B: reserva para o embrião.; C: revestimento para a semente.; D: proteção para o megagametófito.; E: vascularização para a planta jovem.,1.87858,B,2021
98,"Com o objetivo de proporcionar aroma e sabor a
diversos alimentos, a indústria alimentícia se utiliza de
flavorizantes. Em geral, essas substâncias são ésteres,
como as apresentadas no quadro.
Descrição da imagem:
Quadro com os nomes, fórmulas e aromas de
algumas substâncias, respectivamente.
Benzoato de metila; C,H,CO,CH,; kiwi.
Acetato de isoamila; CH.CO,, abre parêntese, CH,,
fecha parêntese, 2, CH, abre parêntese, CH,, fecha
parêntese, 2; banana.
Acetato de benzila, CH,CO,CH,C,H,; pêssego.
Propanoato de isobutila, CH,CH,CO,CH.CH, abre
parêntese, CH,, fecha parêntese, 2; rum.
Antranilato de metila; CH NH,CO,CH,; uva.
O aroma do flavorizante derivado do ácido etanoico e que
apresenta cadeia carbônica saturada é de","
A: kiwi.
B: banana.
C: pêssego.
D: rum.
E: uva.",1.86924,B,2021
99,"Algumas usinas termelétricas convertem a energia
térmica gerada da combustão do gás natural em energia
elétrica. Seus componentes devem ser bastante resistentes
à oxidação, à tração mecânica e à temperatura elevada,
pois quanto maior a temperatura operacional, mais eficiente
é a conversão de energia. Esses requisitos são cumpridos
pelas ligas de níquel que suportam cerca de 1150 graus
Celsius. Pesquisas em busca de ligas melhores destacam
o nióbio, elemento químico de número atômico 41. Em sua
forma pura, o nióbio é um metal macio, dúctil e de aspecto
cinza brilhante, que lentamente se torna azulado quando
exposto ao ar. O nióbio funde a 2468 graus Celsius,
entra em ebulição a 4744 graus Celsius e conduz bem a
eletricidade e o calor, porém em grau bem menor do que a
prata e o cobre.
A propriedade do nióbio, que o torna um promissor
candidato para uso em futuras usinas termelétricas, é a",A: maciez.; B: temperatura de fusão.; C: condutividade térmica.; D: resistência à oxidação.; E: temperatura de ebulição.,1.0015,B,2021
100,"Entre 2014 e 2016, as regiões central e oeste
da África sofreram uma grave epidemia de febre
hemorrágica causada pelo vírus ebola, que se manifesta
em até 21 dias após a infecção e cuja taxa de letalidade
(enfermos que vão a óbito) pode chegar a 90 por cento.
Em regiões de clima tropical e subtropical, um outro
vírus também pode causar febre hemorrágica: o vírus
da dengue, que, embora tenha período de incubação
menor (até 10 dias), apresenta taxa de letalidade
abaixo de 1 por cento.
Segundo as informações do texto e aplicando princípios
de evolução biológica às relações do tipo patógeno-
“hospedeiro, qual dos dois vírus infecta seres humanos
há mais tempo?","A: Ebola, pois o maior período de incubação reflete
duração mais longa do processo de coevolução
patógeno-hospedeiro.; B: Dengue, pois o menor período de incubação reflete
duração mais longa do processo de coevolução
patógeno-hospedeiro.; C: Ebola, cuja alta letalidade indica maior eficiência do
vírus em parasitar seus hospedeiros, estabelecida ao
longo de sua evolução.; D: Ebola, cujos surtos epidêmicos concentram-se no
continente africano, reconhecido como berço da
origem evolutiva dos seres humanos.; E: Dengue, cuja baixa letalidade indica maior eficiência
do vírus em parasitar seus hospedeiros, estabelecida
ao longo da coevolução patógeno-hospedeiro.",1.76469,E,2021
101,"A imagem apresenta as etapas do funcionamento
de uma estação individual para tratamento do esgoto
residencial.
Descrição da imagem: Figura intitulada Como
funciona a estação individual, com as etapas de 1 a 6.
Etapa 1: Caixa de gordura — retém os detritos da pia
e cozinha, liberando a água quase isenta de gordura.
Etapa 2: Caixa de passagem — recebe o que vem
dos banheiros e lavanderia, reunindo todo o esgoto
residencial.
Etapa 3: Tanque séptico — aqui o esgoto deve ficar
em repouso por um período relativamente maior que
nas outras etapas.
Etapa 4: Caixa de inspeção — facilita a distribuição
dos efluentes.
Etapa 5: Filtro biológico — aqui, colônias de bactérias
consomem a matéria orgânica.
Etapa 6: Cisterna — aqui, como etapa final, o sistema
será tratado com cloro.
Em qual etapa decanta-se o lodo a ser separado do esgoto
residencial?",A: um; B: dois; C: três; D: quatro; E: cinco,0.67271,C,2021
102,"O plantio por estaquia é um método de propagação
de plantas no qual partes de um espécime são colocadas
no solo para produzir novas gerações. Na floricultura, é
comum utilizar o caule das roseiras para estaquia, pois a
propagação da planta é positiva em razão da aplicação
de auxinas na porção inferior do caule.

A utilização de auxinas no método de estaquia das
roseiras contribui para",A: floração da planta.; B: produção de gemas laterais.; C: formação de folhas maiores.; D: formação de raízes adventícias.; E: produção de compostos energéticos.,1.72446,D,2021
103,"A chuva ácida provoca a corrosão de monumentos
e edificações, causa a morte de espécies animais e
vegetais em ambientes aquáticos e terrestres e torna o
solo impróprio para a agricultura. Surge na atmosfera de
regiões poluídas, principalmente por meio da produção
de ácido sulfúrico, pela combinação do gás trióxido de
enxofre com a água presente nas nuvens.

O gás precursor desse composto ácido é majoritariamente
originado em qual atividade humana?","A: Queimadas em áreas silvestres para transformá-las
em pastagens.; B: Alagamento de áreas florestais para construção de
represas.; C: Queima de combustíveis fósseis para mobilidade
urbana.; D: Produção de fertilizantes para uso agrícola.; E: Queima de tabaco para consumo humano.",0.05514,C,2021
104,"Analisando a ficha técnica de um automóvel popular,
verificam-se algumas características em relação ao seu
desempenho. Considerando o mesmo automóvel em
duas versões, uma delas funcionando a álcool e outra, a
gasolina, tem-se os dados apresentados no quadro, em
relação ao desempenho de cada motor.
Descrição da imagem:
Quadro com dois parâmetros, aceleração e velocidade
máxima, e os seus valores no motor a gasolina e no
motor a álcool, respectivamente.
Aceleração: de O a 100 quilômetros por hora em
13,4 segundos e de O a 100 quilômetros por hora em
12,9 segundos.
Velocidade máxima: 165 quilômetros por hora e
163 quilômetros por hora.
Considerando desprezível a resistência do ar, qual versão
apresenta a maior potência?","A: Como a versão a gasolina consegue a maior
aceleração, esta é a que desenvolve a maior potência.; B: O Como a versão a gasolina atinge o maior valor de
energia cinética, esta é a que desenvolve a maior
potência.; C: O Como a versão a álcool apresenta a maior taxa de
variação de energia cinética, esta é a que desenvolve
a maior potência.; D: O Como ambas as versões apresentam a mesma
variação de velocidade no cálculo da aceleração, a
potência desenvolvida é a mesma.; E: Como aversão a gasolina fica como motor trabalhando
por mais tempo para atingir os 100 quilômetros por
hora, esta é a que desenvolve a maior potência.",1.77374,C,2021
105,"Na chocadeira elétrica de uma granja, há quatro
lâmpadas incandescentes associadas em paralelo, ligadas
em uma tomada de 127 volts. Quando em funcionamento,
as lâmpadas esquentam e, consequentemente, mantêm
os ovos aquecidos. Cada lâmpada tem a seguinte
especificação: 25 watts e 127 volts.
A intensidade da corrente elétrica, em miliampére, em
cada lâmpada é mais próxima de",A: um vírgula vinte e sete; B: cinco vírgula zero oito; C: quatrocentos e noventa e três; D: cento e noventa e sete; E: setecentos e oitenta e sete,1.92724,D,2021
106,"As adulterações do leite promovem o aumento do
lucro por meio da adição de água. Para ocultar a sua
diluição, diferentes solutos são acrescentados ao produto.
Há também casos de adição de substâncias para evitar a
proliferação de microrganismos ou disfarçar o sabor azedo
do leite degradado. As fraudes têm sido desmascaradas
por análises físico-químicas e, nestas, tem sido constatado
o uso de substâncias tais como H,O, (água oxigenada),
H,CO (formol), NaOH (soda cáustica), C,,H,,O,, (sacarose)
e, abre parêntese, NH,, fecha parêntese, 2, CO (ureia).
Dentre as substâncias usadas, qual é adicionada para
ajustar o pH do leite degradado?",A: H₂O₂ → Peróxido de hidrogênio (também conhecido como água oxigenada); B: H₂CO → Formaldeído (ou Metanal); C: NaOH → Hidróxido de sódio (também chamado de soda cáustica); D: C₁₂H₂₂O₁₁ → Sacarose (açúcar comum); E: (NH₂)₂CO → Ureia,1.14292,C,2021
107,"Considere a tirinha, na situação em que a temperatura do ambiente é inferior à temperatura corporal dos personagens.
Descrição da imagem: Tirinha com os personagens Calvin e Haroldo em quatro quadrinhos.
Quadrinho 1: Descendo uma ladeira, Haroldo empurra um carrinho em que Calvin está dentro. Calvin pergunta:
“Tá quente hoje, né?”. Haroldo confirma: “É mesmo.”.
Quadrinho 2: Calvin e Haroldo estão dentro do carrinho, descendo a ladeira em alta velocidade. Haroldo diz:
“Mas o que me incomoda mesmo é a umidade.”.
Quadrinho 3: O carrinho está no ar e Calvin pergunta: “Você não gosta de umidade?”. Haroldo responde:
“Não mesmo.”.
Quadrinho 4: O carrinho continua descendo, em direção a um lago. Calvin diz: “Então, salta correndo.”.
O incômodo mencionado pelo personagem da tirinha deve-se ao fato de que, em dias úmidos",A: a temperatura do vapor-d'água presente no ar é alta.; B: o suor apresenta maior dificuldade para evaporar do corpo.; C: a taxa de absorção de radiação pelo corpo torna-se maior.; D: o ar torna-se mau condutor e dificulta o processo de liberação de calor.; E: o vapor-d'água presente no ar condensa-se ao entrar em contato com a pele.,1.93672,B,2021
108,"Durante quase três séculos, garimpeiros recorreram aos leitos dos rios em busca de ouro. A mineração
gerou prosperidade e empregos, mas deixou em seu rastro a herança da contaminação dos rios pelo mercúrio.
Metal líquido e pesado, o mercúrio é utilizado no processo de concentração do ouro, pois a mistura desses metais
forma uma liga sólida metálica, que é aquecida para separação dos metais. Sabe-se que os pontos de fusão do
mercúrio e do ouro são, respectivamente, menos 39 graus Celsius e 1 064 graus Celsius.

Na obtenção de ouro, o processo usado para separação de mercúrio da liga sólida metálica é a sua",A: catação.; B: filtração.; C: vaporização.; D: cristalização.; E: centrifugação.,2.36189,C,2021
109,"Com o aumento da população de suínos no Brasil,
torna-se necessária a adoção de métodos para reduzir
o potencial poluidor dos resíduos dessa agroindústria,
uma vez que, comparativamente ao esgoto doméstico,
os dejetos suínos são 200 vezes mais poluentes. Sendo
assim, a utilização desses resíduos como matéria-prima
na obtenção de combustíveis é uma alternativa que
permite diversificar a matriz energética nacional, ao
mesmo tempo em que parte dos recursos hídricos do
país são preservados.A: O biocombustível a que se refere o texto é o",A: etanol.; B: biogás.; C: butano.; D: metanol.; E: biodiesel.,1.79781,B,2021
111,"Na cidade de São Paulo, as ilhas de calor são
responsáveis pela alteração da direção do fluxo da brisa
marítima que deveria atingir a região de mananciais.
Mas, ao cruzar a ilha de calor, a brisa marítima agora
encontra um fluxo de ar vertical, que transfere para
ela energia térmica absorvida das superfícies quentes
da cidade, deslocando-a para altas altitudes. Dessa
maneira, há condensação e chuvas fortes no centro da
cidade, em vez de na região de mananciais. A imagem
apresenta os três subsistemas que trocam energia
nesse fenômeno.
Descrição da imagem:
Ilustração de prédios em uma cidade, indicados
como Ilha de calor. Na parte superior esquerda,
está o Sol. Entre o Sol e a Ilha de calor, há uma
Brisa marítima. A altitude da Brisa marítima se
eleva ao adentrar a região sobre a Ilha de calor.
No processo de fortes chuvas no centro da cidade
de São Paulo, há dois mecanismos dominantes de
transferência de calor: entre o Sol e a ilha de calor, e entre
a ilha de calor e a brisa marítima.
Esses mecanismos são, respectivamente",A: irradiação e convecção.; B: irradiação e irradiação.; C: condução e irradiação.; D: convecção e irradiação.; E: convecção e convecção.,0.51395,A,2021
112,"No seu estudo sobre a queda dos corpos, Aristóteles
afirmava que se abandonarmos corpos leves e pesados
de uma mesma altura, o mais pesado chegaria mais
rápido ao solo. Essa ideia está apoiada em algo que
é difícil de refutar, a observação direta da realidade
baseada no senso comum.

Após uma aula de física, dois colegas estavam
discutindo sobre a queda dos corpos, e um tentava
convencer o outro de que tinha razão:

Colega A: “O corpo mais pesado cai mais rápido
que um menos pesado, quando largado de uma mesma
altura. Eu provo, largando uma pedra e uma rolha.
A pedra chega antes. Pronto! Tá provado!”.

Colega B: “Eu não acho! Peguei uma folha de papel
esticado e deixei cair. Quando amassei, ela caiu mais
rápido. Como isso é possível? Se era a mesma folha de
papel, deveria cair do mesmo jeito. Tem que ter outra
explicação!”.

O aspecto físico comum que explica a diferença de
comportamento dos corpos em queda nessa discussão
é o(a)",A: peso dos corpos.; B: resistência do ar.; C: massa dos corpos.; D: densidade dos corpos.; E: aceleração da gravidade.,0.6514,B,2021
113,"A obtenção de etanol utilizando a cana-de-açúcar
envolve a fermentação dos monossacarídeos formadores
da sacarose contida no melaço. Um desses formadores
é a glicose (C,H,,0,), cuja fermentação produz cerca de
50 gramas de etanol a partir de 100 gramas de glicose,
conforme a equação química descrita.
Descrição da imagem: Equação química em que o
reagente C,H,,O, é submetido à fermentação alcoólica
e forma os produtos 2 CH,CH,OH mais 2 CO,.
Em uma condição específica de fermentação, obtém-se
80 por cento de conversão em etanol que, após sua
purificação, apresenta densidade igual a 0,80 grama por
mililtro. O melaço utilizado apresentou 50 quilogramas de
monossacarídeos na forma de glicose.
O volume de etanol, em litro, obtido nesse processo é
mais próximo de",A: dezesseis; B: vinte; C: vinte e cinco; D: sessenta e quatro; E: cem,1.61387,C,2021
114,"Com o objetivo de identificar a melhor espécie
produtora de madeira para construção (com resistência
mecânica e à degradação), foram analisadas as estruturas
anatômicas de cinco espécies, conforme o quadro.
Descrição da imagem:
Quadro intitulado Tecido analisado, com dados dos
tecidos vegetais de cinco espécies, classificados
como: “ausente” ou “presente em pequena quantidade”
ou “presente em média quantidade” ou “presente em
grande quantidade”.
Espécie 1: periderme presente em pequena quantidade,
barra, esclerênquima presente em pequena quantidade;
floema presente em pequena quantidade, barra,
esclerênquima ausente; xilema alburno presente em
pequena quantidade; xilema cerne presente em grande
quantidade.
Espécie 2: periderme presente em pequena quantidade,
barra, esclerênquima ausente; floema presente em
pequena quantidade, barra, esclerênquima ausente;
xilema alburno presente em grande quantidade; xilema
cerne ausente.
Espécie 3: periderme presente em média quantidade,
barra, esclerênquima ausente; floema presente em
grande quantidade, barra, esclerênquima presente
em pequena quantidade; xilema alburno presente em
pequena quantidade; xilema cerne ausente.
Espécie 4: periderme presente em grande quantidade,
barra, esclerênquima presente em pequena quantidade;
floema presente em grande quantidade, barra,
esclerênquima ausente; xilema alburno presente em
pequena quantidade; xilema cerne ausente.
Espécie 5: periderme presente em grande quantidade,
barra, esclerênquima presente em pequena quantidade;
floema presente em grande quantidade, barra,
esclerênquima presente em pequena quantidade;
xilema alburno presente em média quantidade; xilema
cerne presente em pequena quantidade.
Qual espécie corresponde ao objetivo proposto?",A: um; B: dois; C: três; D: quatro; E: cinco,2.4095,A,2021
115,"As cinzas do vulcão Calbuco, que entrou em erupção
no Chile em abril de 2015, chegaram ao estado do Paraná
alguns dias depois. O fenômeno se parecia com nuvens
esbranquiçadas e esparsas. As nuvens ainda continham
dióxido de enxofre. No entanto, não houve riscos ao
ambiente ou à saúde porque estavam bastante altas,
a cerca de 10 mil metros de altitude. Meteorologistas
afirmaram que se elas estivessem mais baixas seria
prejudicial.
Se essas nuvens estivessem baixas, qual seria O risco
ambiental envolvido?",A: Ocorrência de chuva ácida.; B: Formação de ilhas de calor.; C: Diminuição da fotossíntese.; D: Fenômeno de inversão térmica.; E: Eutrofização dos corpos-d'água.,-0.0102,A,2021
116,"TEXTO 1
No cordel intitulado Senhor dos Anéis, de autoria de
Gonçalo Ferreira da Silva, lê-se a sextilha:
A distância em relação
Ao nosso planeta amado
Pouco menos que a do Sol
Ele está distanciado
E menos denso que a água
Quando no normal estado
TEXTO 2
Descrição da imagem:
Tabela intitulada Distâncias médias dos planetas
ao Sol e suas densidades médias, com os planetas
e suas respectivas distâncias médias ao Sol, em
unidades astronômicas, e suas densidades relativas
médias.
Mercúrio: 0,39 e 5,6.
Vênus: 0,72 e 5,2.
Terra: 1,0 e 5,5.
Marte: 1,5 e 4,0.
Ceres: 2,8€e 2,1.
Júpiter: 5,2 e 1,3.
Saturno: 9,6 e 0,7.
Urano: 19 e 1,2.
Netuno: 30 e 1,7.
Plutão: 40 e 2,0.
Éris: 68 e 2,5.
No rodapé da tabela consta a informação:
1 unidade astronômica igual a 149,6 milhões de
quilômetros.
Há a indicação de que Mercúrio, Vênus, Terra,
Marte, Júpiter, Saturno, Urano e Netuno são
planetas clássicos e que Ceres, Plutão e Éris são
planetas-anões.
Considerando os versos da sextilha e as informações da
tabela, a qual planeta o cordel faz referência?",A: Mercúrio.; B: Júpiter.; C: Urano.; D: Saturno.; E: Netuno.,0.71695,D,2021
117,"Cientistas da Universidade de New South Wales,
na Austrália, demonstraram em 2012 que a Lei de
Ohm é válida mesmo para fios finíssimos, cuja área
da seção reta compreende alguns poucos átomos.
Atabela apresenta as áreas e comprimentos de alguns
dos fios construídos (respectivamente com as mesmas
unidades de medida). Considere que a resistividade
mantém-se constante para todas as geometrias (uma
aproximação confirmada pelo estudo).
Descrição da imagem:
A tabela contém dados de área, comprimento e
resistência elétrica de quatro fios.
Fio 1: Área: 9; Comprimento: 312; Resistência elétrica: R1.
Fio 2: Área: 4; Comprimento: 47; Resistência elétrica: R2.
Fio 3: Área: 2: Comprimento: 54: Resistência elétrica: R3.
Fio 4: Área: 1; Comprimento: 106; Resistência elétrica: R4.
As resistências elétricas dos fios, em ordem crescente, são",A: R1 menor que R2 menor que R3 menor que R4.; B: R2 menor que R1 menor que R3 menor que R4.; C: R2 menor que R3 menor que R1 menor que R4.; D: R4 menor que R1 menor que R3 menor que R2.; E: R4 menor que R3 menor que R2 menor que R1.,1.66716,C,2021
118,"Organismos autótrofos e heterótrofos realizam
processos complementares que associam os ciclos do
carbono e do oxigênio. O carbono fixado pela energia
luminosa ou a partir de compostos inorgânicos é
eventualmente degradado pelos organismos, resultando
em fontes de carbono como metano ou gás carbônico.
Ainda, outros compostos orgânicos são catabolizados
pelos seres, com menor rendimento energético,
produzindo compostos secundários (subprodutos) que
podem funcionar como combustíveis ambientais.
O processo metabólico associado à expressão
combustíveis ambientais é a",A: fotossíntese.; B: fermentação.; C: quimiossíntese.; D: respiração aeróbica.; E: fosforilação oxidativa.,1.40589,B,2021
119,"Um lote de analgésicos
que supostamente estava fora das especificações.
A composição prevista era 100 miligramas de ácido
acetilsalicílico por comprimido (princípio ativo, cuja
estrutura está apresentada na figura), além do amido e
da celulose (componentes inertes). O técnico realizou os
seguintes testes:
técnico analisou um
1) obtenção da massa do comprimido;
2) medição da densidade do comprimido;
3) verificação do pH com papel indicador;
4) determinação da temperatura de fusão do comprimido;
5) titulação com solução aquosa de NaOH.
Após a realização dos testes, o lote do medicamento
foi reprovado porque a quantidade de ácido acetilsalicílico
por comprimido foi de apenas 40 por cento da esperada.
Descrição da imagem:
Estrutura química do ácido acetilsalicílico:
Anel aromático com grupos ligados aos carbonos 1 e 2.
No carbono 1: C com ligação dupla ao O e ligação
simples ao OH.
No carbono 2: O com ligação simples ao C, que, por sua
vez, está ligado a outro O, por meio de ligação dupla e
ao CH,, por meio de ligação simples.
O teste que permitiu reprovar o lote de analgésicos foi o
de número",A: 1; B: 2; C: 3; D: 4; E: 5,1.66345,E,2021
120,"O rompimento da barragem de rejeitos de mineração
no município mineiro de Mariana e o derramamento de
produtos tóxicos nas águas do Rio Doce, ocorridos em
2015, ainda têm consequências para os organismos
que habitam o Parque Nacional Marinho de Abrolhos,
localizado a mais de 1000 quilômetros de distância.
Esse desastre ambiental afetou o fitoplâncton, as
esponjas, as algas macroscópicas, os peixes herbívoros
e os golfinhos.
Concentrações mais elevadas dos compostos citados
são encontradas em",A: esponjas.; B: golfinhos.; C: fitoplâncton.; D: peixes herbívoros.; E: algas macroscópicas.,1.21839,B,2021
121,"Duas esferas carregadas com cargas iguais em
módulo e sinais contrários estão ligadas por uma
haste rígida isolante na forma de haltere. O sistema se
movimenta sob ação da gravidade numa região que tem
um campo magnético horizontal uniforme B vetorial, da
esquerda para a direita. A imagem apresenta o sistema
visto de cima para baixo, no mesmo sentido da aceleração
da gravidade g vetorial que atua na região.
Descrição da imagem:
Campo magnético uniforme B no plano da página, na
direção horizontal e sentido da esquerda para a direita.
O haltere está disposto na direção horizontal, alinhado
com o campo magnético B. A esfera da esquerda
possui carga positiva e a da direita carga negativa. A
aceleração da gravidade é um vetor perpendicular ao
plano da folha, com sentido entrando na página.
Visto de cima, o diagrama esquemático das forças
magnéticas que atuam no sistema, no momento inicial em
que as cargas penetram na região de campo magnético,
está representado em","A: força sobre a carga positiva está no plano da página,
com sentido que aponta para o rodapé da página. A
força sobre a carga negativa está no plano da página,
com sentido que aponta para o cabeçalho da página.; B: As duas forças estão no plano da página, com sentido
que aponta para o rodapé da página.; C: As duas forças estão no plano da página, ao longo
do eixo do haltere, cada uma com sentido que aponta
para a carga oposta.; D: As duas forças estão no plano da página, com sentido
que aponta para o cabeçalho da página.; E: A força sobre a carga positiva está no plano da página,
com sentido que aponta para o cabeçalho da página. A força sobre a carga negativa está no plano da página,
com sentido que aponta para o rodapé da página.",2.02542,A,2021
122,"Uma escola iniciou o processo educativo para
implantação da coleta seletiva e destino de materiais
recicláveis. Para atingir seus objetivos, a instituição
planejou:
1) sensibilizar a comunidade escolar, desenvolvendo
atividades em sala e extraclasse de maneira
contínua;
2) capacitar o pessoal responsável pela limpeza da
escola quanto aos novos procedimentos adotados
com a coleta seletiva; e
3) distribuir coletores de materiais recicláveis
específicos nas salas, pátio e outros ambientes
para acondicionamento dos resíduos.
Para completar a ação proposta no ambiente escolar, o
que falta ser inserido no planejamento?","A: Realizar campanhas educativas de sensibilização em
bairros vizinhos para fortalecer a coleta seletiva.; B: Firmar parceria com a prefeitura ou cooperativa de
catadores para recolhimento dos materiais recicláveis
e destinação apropriada.; C: Organizar visitas ao lixão ou aterro local para
identificar aspectos importantes sobre a disposição
final do lixo.; D: Divulgar na rádio local, no jornal impresso e nas redes
sociais que a escola está realizando a coleta seletiva.; E: Colocar recipientes coletores de lixo reciclável fora da
escola para entrega voluntária pela população.",0.30941,B,2021
123,"Os búfalos são animais considerados rústicos pelos
criadores e, por isso, são deixados no campo sem
controle reprodutivo. Por causa desse tipo de criação,
a consanguinidade é favorecida, proporcionando o
aparecimento de enfermidades, como o albinismo,
defeitos cardíacos, entre outros. Separar os animais
de forma adequada minimizaria a ocorrência desses
problemas.
Qual procedimento biotecnológico prévio é recomendado
nessa situação?",A: Transgenia.; B: Terapia gênica.; C: Vacina de DNA.; D: Clonagem terapêutica.; E: Mapeamento genético.,-0.72714,E,2021
124,"O ciclo do cobre é um experimento didático em que
o cobre metálico é utilizado como reagente de partida.
Após uma sequência de reações (1,2,3,4e 5), 0 cobre
retorna ao seu estado inicial ao final do ciclo.
Descrição da imagem:
Ciclo do cobre com as etapas numeradas de 1 a 5.
Etapa 1 - O cobre reage com HNO,, formando Cu,
abre parêntese, NO,, fecha parêntese, 2.
Etapa 2- O Cu, abre parêntese, NO,, fecha parêntese,
2, reage com NaOH, formando Cu, abre parêntese,
OH, fecha parêntese, 2.
Etapa 3 - O Cu, abre parêntese, OH, fecha parêntese,
2, sofre aquecimento, formando CuoO.
Etapa 4 - O CuO reage com H.SO,, formando CuSO,.
Etapa 5 - O CuSO, reage com Zn e HCI, formando
cobre.
A reação de redução do cobre ocorre na etapa",A: 1; B: 2; C: 3; D: 4; E: 5,1.38461,E,2021
125,"Um dos exames clínicos mais tradicionais para medir
a capacidade reflexa dos indivíduos é o exame do reflexo
patelar. Esse exame consiste na estimulação da patela, um
pequeno osso localizado na parte anterior da articulação
do joelho, com um pequeno martelo. A resposta reflexa
ao estímulo é caracterizada pelo levantamento da perna
em que o estímulo foi aplicado.
Qual região específica do sistema nervoso coordena
essa resposta?",A: Ponte.; B: Medula.; C: Cerebelo.; D: Hipotálamo.; E: Neuro-hipófise.,1.65732,B,2021
126,"Na montagem de uma cozinha para um restaurante,
a escolha do material correto para as panelas é
importante, pois a panela que conduz mais calor é capaz
de cozinhar os alimentos mais rapidamente e, com
isso, há economia de gás. A taxa de condução do calor
depende da condutividade k do material, de sua área
A, da diferença de temperatura delta T maiúsculo e da
espessura d do material, sendo dada pela relação fração
de numerador delta Q maiúsculo e denominador delta t
minúsculo é igual a k vezes A vezes fração de numerador
delta T maiúsculo e denominador d. Em panelas com
dois materiais, a taxa de condução é dada por fração
de numerador delta Q maiúsculo e denominador delta t
minúsculo é igual a A vezes fração de numerador delta
T maiúsculo e denominador, abre parêntese, fração de
numerador d1 e denominador k1 somada à fração de
numerador d2 e denominador k2, fecha parêntese, em
que d1 e d2 são as espessuras dos dois materiais, e k1 e
k2 são as condutividades de cada material. Os materiais
mais comuns no mercado para panelas são o alumínio
(k = 20 watts por metro por Kelvin), o ferro (k = 8 watts
por metro por Kelvin) e o aço (k = 5 watts por metro por
Kelvin) combinado com o cobre (k = 40 watts por metro
por Kelvin).
Compara-se uma panela de ferro, uma de alumínio
e uma composta de metade da espessura em cobre e
a outra metade da espessura em aço, todas com a mesma
espessura total e com a mesma área de fundo.
A ordem crescente da mais econômica para a menos
econômica é","A: cobre-aço, alumínio e ferro.; B: alumínio, cobre-aço e ferro.; C: cobre-aço, ferro e alumínio.; D: alumínio, ferro e cobre-aço.; E: ferro, alumínio e cobre-aço.",1.99105,B,2021
127,"O fogão por indução consiste de um sistema
de bobinas que induz corrente elétrica nas panelas.
A corrente elétrica, ao percorrer a panela, irá transferir
calor, responsável pelo cozimento dos alimentos.
Na figura, a bobina 1, conectada à rede de tensão
alternada, representa o fogão, e a bobina 2, conectada ao
amperímetro, representa a panela. É comum encontrar
fogões por indução com potência de 6,6 quilowatis sob
tensão de 220 volts cuja eficiência de conversão de
energia elétrica em térmica é de 90 por cento.
Descrição da imagem: Ilustração de uma rede
elétrica conectada à bobina 1. À direita, e com
os eixos paralelos à bobina 1, está a bobina 2,
conectada ao amperímetro. As áreas das bobinas
1 e 2 são iguais.
Durante o funcionamento do fogão por indução, a corrente
elétrica na bobina 1 irá induzir uma corrente elétrica na
bobina 2 mais próxima de",A: três ampéres.; B: vinte e sete ampéres.; C: trinta ampéres.; D: trinta e três ampéres.; trinta e sete ampéres.,2.07515,B,2021
128,"As plantas vasculares são compostas por três
partes básicas: raiz, caule e folhas. A estrutura dessas
partes pode variar entre as espécies, de acordo com
adaptações específicas a diferentes modos de vida.
Avicennia schaueriana é uma espécie de angiosperma
caracterizada por apresentar pneumatóforos, caule liso e
folhas com glândulas que expelem sal.
A planta descrita está adaptada ao bioma",A: Floresta de Araucárias.; B: Floresta Amazônica.; C: Manguezal.; D: Caatinga.; E: Cerrado.,1.21723,C,2021
129,"Os pesticidas organoclorados foram amplamente
empregados na agricultura, contudo, em razão das suas
elevadas toxicidades e persistências no meio ambiente,
eles foram banidos. Considere a aplicação de quinhentos
gramas de um pesticida organoclorado em uma cultura
e que, em certas condições, o tempo de meia-vida do
pesticida no solo seja de 5 anos.
A massa do pesticida no decorrer de 35 anos será mais
próxima de",A: três vírgula nove gramas; B: trinta e um vírgula dois gramas; C: sessenta e dois vírgula cinco gramas; D: cento e vinte e cinco vírgula zero gramas; E: duzentos e cinquenta vírgula zero gramas,0.76309,A,2021
130,"A sequência de nucleotídeos do RNA mensageiro
presentes em um gene de um fungo, constituída de sete
códons, está escrita a seguir.
Descrição da imagem: Quadro que indica a sequência
de letras que representa os 7 códons: 1-AUG, 2-UUU,
3-GUU, 4-CAA, 5-UGU, 6- AGU, 7-UAG.
Pesquisadores submeteram a sequência a mutações
independentes. Sabe-se que os códons UAG e UAA são
terminais, ou seja, indicam a interrupção da tradução.
Qual mutação produzirá a menor proteina?",A: Deleção de G no códon três.; B: Substituição de C por U no códon 4.; C: Substituição de G por C no códon 6.; D: Substituição de A por G no códon 7.; E: Deleção dos dois primeiros nucleotídeos no códon 5.,1.12828,B,2021
131,"A simples atitude de não jogar direto no lixo ou no
ralo da pia o óleo de cozinha usado pode contribuir para
a redução da poluição ambiental. Mas o que fazer com
o óleo vegetal que não será mais usado? Não existe um
modelo ideal de descarte, mas uma alternativa simples
tem sido reaproveitá-lo para fazer sabão. Para isso, são
necessários, além do próprio óleo, água e soda cáustica.
Com base no texto, a reação química que permite o
reaproveitamento do óleo vegetal é denominada",A: redução.; B: epoxidação.; C: substituição.; D: esterificação.; E: saponificação.,0.97623,E,2021
132,"Durante o desenvolvimento embrionário humano
ocorre uma comunicação entre os átrios direito e esquerdo
através do forame oval (ou forame de Botal). Essa
comunicação não causa prejuízos à circulação do bebê
em formação, exceto se ela perdurar após o nascimento.
Os prejuízos no período embrionário são evitados porque
a circulação fetal se assemelha à dos(as)","A: aves, porque a pequena circulação e a grande
circulação estão presentes.; B: répteis, porque a mistura de sangue é minimizada por
um metabolismo lento.; C: crocodilianos, porque a separação dos ventrículos
impede a mistura sanguínea.; D: peixes, porque a circulação é simples, ocorrendo
uma passagem única pelo coração.; E: O anfíbios, porque pressões diferenciais temporalmente o sangue venoso do arterial.",3.81485,D,2021
133,"No cultivo por hidroponia, são utilizadas soluções
nutritivas contendo macronutrientes e micronutrientes
essenciais. Além dos nutrientes, o pH é um parâmetro de
extrema importância, uma vez que ele afeta a preparação
da solução nutritiva e a absorção dos nutrientes pelas
plantas. Para o cultivo de alface, valores de pH entre 5,5 e
6,5 são ideais para o seu desenvolvimento. As correções
de pH são feitas pela adição de compostos ácidos ou
básicos, mas não devem introduzir elementos nocivos às
plantas. Na tabela, são apresentados alguns dados da
composição da solução nutritiva de referência para esse
cultivo. Também é apresentada a composição de uma
solução preparada por um produtor de cultivo hidropônico.
Descrição da imagem:
Tabela com algumas espécies químicas e suas
respectivas concentrações em milimol por litro para a
composição de referência, com pH entre 5,5 e 6,5, e,
para a solução nutritiva preparada, com pH igual a 4,8.
Macronutrientes: N, abre parêntese, NH, com carga
positiva, fecha parêntese; concentrações: 1,0 e 0,8.
P, abre parêntese, H.PO, com carga negativa, fecha
parêntese; concentrações: 1,0 e 1,0.
K com carga positiva; concentrações: 6,0 e 3,5.
Ca com carga positiva 2; concentrações: 4,0 e 3,0.
SO, com carga negativa 2; concentrações: 2,0 e 1,0.
Micronutrientes: Fe com carga positiva 2;
concentrações: 0,09 e 0,07.
C! com carga negativa; concentrações: valor
indeterminado e 0,0045.
Para correção do pH da solução nutritiva preparada, esse
produtor pode empregar uma solução de",A: ácido fosfórico; B: sulfato de cálcio; C: óxido de alumínio; D: cloreto de ferro(2); E: hidróxido de potássio,1.34841,E,2021
134,"O sino dos ventos é composto por várias barras
metálicas de mesmo material e espessura, mas de
comprimentos diferentes, conforme a figura.
Descrição da imagem:
Ilustração de um sino dos ventos formado por seis
barras metálicas cilíndricas. Essas barras estão
penduradas em uma circunferência e igualmente
espaçadas. A barra mais curta corresponde ao
comprimento 1 e a barra mais longa corresponde ao
comprimento 2.
Considere f, e v,, respectivamente, como a frequência
fundamental e a velocidade de propagação do som
emitido pela barra de menor comprimento, e f, e v, são
essas mesmas grandezas para o som emitido pela barra
de maior comprimento.
As relações entre as frequências fundamentais e entre as
velocidades de propagação são, respectivamente","A: f um menor que fdois e v um menor que v dois.; 
B: f um menor que f dois e v um igual a v dois.
C: f um menor que f dois e v um maior que v dois.
D: f um maior que f dois e v um igual a v dois.
E: f um maior que f dois e v um maior que v dois.",1.65693,D,2021
135,"O polvo mimético apresenta padrões cromáticos e
comportamentos muito curiosos. Frequentemente, muda
a orientação de seus tentáculos, assemelhando-se a
alguns animais. As imagens 1, 3 e 5 apresentam polvos
mimetizando, respectivamente, um peixe-linguado (2),
um peixe-leão (4) e uma serpente-marinha (6). Descrição da imagem:
Imagem 1: O polvo está com todos os tentáculos
recolhidos para o mesmo lado, unidos junto ao corpo
e assumindo um formato ovalado, semelhante ao do
peixe-linguado, apresentado na imagem 2.
Imagem 3: Os tentáculos do polvo aparecem abertos,
semelhantes às múltiplas nadadeiras do peixe-leão,
apresentado na imagem 4.
Imagem 5: Os tentáculos do polvo estão divididos
em duas direções opostas. De cada lado, esses
tentáculos estão unidos e assumem um formato
cilíndrico, que dão a aparência de um corpo
cilíndrico longo, semelhante ao da serpente-marinha,
apresentada na imagem 6.
Do ponto de vista evolutivo, a capacidade apresentada se
estabeleceu porque os polvos","A: originaram-se do mesmo ancestral que esses
animais.; B: passaram por mutações similares a esses organismos.; C: observaram esses animais em seus nichos ecológicos.; D: O resultaram de convergência adaptativa com essas espécies.; E: sobreviveram às pressões seletivas com esses comportamentos.",0.64628,E,2021
91,"O protozoário Trypanosoma cruzi, causador da doença 
de Chagas, pode ser a nova arma da medicina contra o 
câncer. Pesquisadores brasileiros conseguiram criar uma 
vacina contra a doença usando uma variação do protozoário 
incapaz de desencadear a patologia (não patogênico). Para 
isso, realizaram uma modificação genética criando um T. cruzi 
capaz de produzir também moléculas fabricadas pelas células 
tumorais. Quando o organismo inicia o combate ao protozoário, 
entra em contato também com a molécula tumoral, que passa 
a ser vista também pelo sistema imune como um indicador de 
células do protozoário. Depois de induzidas as defesas, estas 
passam a destruir todas as células com a molécula tumoral, 
como se lutassem apenas contra o protozoário. 
Qual o mecanismo utilizado no experimento para enganar 
as células de defesa, fazendo com que ataquem o tumor?",A: Autoimunidade.; B: Hipersensibilidade.; C: Ativação da resposta inata.; D: Apresentação de antígeno específico.; E: Desencadeamento de processo anti-inflamatório.,1.42364,D,2022
93,"Brasileiro inventor de, abre aspas, luz engarrafada, 
fecha aspas, tem ideia espalhada pelo mundo
Em 2002, um mecânico da cidade mineira de 
Uberaba (MG) teve uma ideia para economizar o 
consumo de energia elétrica e iluminar a própria casa 
num dia de sol. Para isso, ele utilizou garrafas plásticas 
PET com água e cloro, conforme ilustram as figuras. 
Cada garrafa foi fixada ao telhado de sua casa em um 
buraco com diâmetro igual ao da garrafa, muito maior 
que o comprimento de onda da luz. Nos últimos dois 
anos, sua ideia já alcançou diversas partes do mundo e 
deve atingir a marca de 1 milhão de casas utilizando a, 
abre aspas, luz engarrafada, fecha aspas.
Descrição da imagem: Duas fotografias dispostas 
lado a lado. A da esquerda destaca uma garrafa PET 
com água emitindo luz. A da direita mostra várias 
garrafas fixadas no teto iluminando o ambiente 
fechado, onde se encontra um homem sentado.
Que fenômeno óptico explica o funcionamento da, abre 
aspas, luz engarrafada, fecha aspas?",A: Difração.; B: Absorção.; C: Polarização.; D: Reflexão.; E: Refração.,1.03388,E,2022
94,"De modo geral, a palavra, abre aspas, aromático, fecha aspas, invoca associações agradáveis, como cheiro de café 
fresco ou de um pão doce de canela. Associações similares ocorriam no passado da história da química orgânica, quando 
os compostos ditos, abre aspas, aromáticos, fecha aspas, apresentavam um odor agradável e foram isolados de óleos 
naturais. À medida que as estruturas desses compostos eram elucidadas, foi se descobrindo que vários deles continham uma 
unidade estrutural específica. Os compostos aromáticos que continham essa unidade estrutural tornaram-se parte de uma 
grande família, muito mais com base em suas estruturas eletrônicas do que nos seus cheiros, como as substâncias a seguir, 
encontradas em óleos vegetais.
Descrição das estruturas químicas:
Benzaldeído (no óleo de amêndoas): Anel aromático com o grupo C ligação dupla O, ligação simples H.
Salicilato de metila (no óleo de gaultéria): Anel aromático com dois grupos: Primeiro grupo: C ligação dupla O, 
ligação simples O, ligação simples CH3; Segundo grupo: ligação simples OH.
Anetol (no óleo de anis): Anel aromático com dois grupos: Primeiro grupo: O ligação simples CH3; Segundo grupo: 
C ligação dupla C, ligação simples CH3.
Vanilina (no óleo de baunilha): Anel aromático com três grupos: Primeiro grupo: C ligação dupla O, ligação simples 
H; Segundo grupo: O ligação simples CH3; Terceiro grupo: ligação simples OH.
Eugenol (no óleo de cravos): Anel aromático com três grupos: Primeiro grupo: CH2 ligação simples CH, ligação 
dupla CH2; Segundo grupo: O ligação simples CH3; Terceiro grupo: ligação simples OH.
Cinamaldeído (no óleo de canela): Anel aromático com o grupo CH ligação dupla CH, ligação simples C, ligação 
dupla O ligação simples H.
Benzaldeído
(no óleo de amêndoas)
Salicilato de metila
(no óleo de gaultéria)
Anetol
(no óleo de anis)
Vanilina
(no óleo de baunilha)
Eugenol
(no óleo de cravos)
Cinamaldeído
(no óleo de canela)
A característica estrutural dessa família de compostos é a presença de",A: ramificações.; B: insaturações.; C: anel benzênico.; D: átomos de oxigênio.; E: carbonos assimétricos.,0.4948,C,2022
95,"Estudo confirma eficácia do Método Wolbachia para dengue
Os resultados de um ensaio clínico randomizado na Indonésia apontaram uma redução de 77 por cento dos casos 
de dengue nas áreas que receberam o mosquito Aedes aegypti infectado com a bactéria Wolbachia. Trata-se da mesma 
técnica utilizada no Brasil pelo Método Wolbachia, iniciativa conduzida pela Fundação Oswaldo Cruz — Fiocruz. Essa 
bactéria induz a redução da carga viral no mosquito e, consequentemente, o número de casos de dengue na área, sendo 
repassada por meio do cruzamento entre os insetos. Como essa bactéria é um organismo intracelular e o vírus também 
precisa entrar nas células para se reproduzir, ambos necessitarão de recursos comuns.
Essa tecnologia utilizada no combate à dengue consiste na",A: predação do vírus pela bactéria.; B: esterilização de mosquitos infectados.; C: alteração no genótipo do mosquito pela bactéria.; D: competição do vírus e da bactéria no hospedeiro.; E: inserção de material genético do vírus na bactéria.,0.85524,D,2022
96,"A água bruta coletada de mananciais apresenta alto índice 
de sólidos suspensos, o que a deixa com um aspecto turvo. 
Para se obter uma água límpida e potável, ela deve passar por 
um processo de purificação numa estação de tratamento de 
água. Nesse processo, as principais etapas são, nesta ordem: 
coagulação, decantação, filtração, desinfecção e fluoretação.
Qual é a etapa de retirada de grande parte desses sólidos?",A: Coagulação.; B: Decantação.; C: Filtração.; D: Desinfecção.; E: Fluoretação.,2.51676,B,2022
97,"Vida: a ciência da biologia
Os ursos, por não apresentarem uma hibernação 
verdadeira, acordam por causa da presença de termogenina, 
uma proteína mitocondrial que impede a chegada dos prótons 
até a ATP sintetase, gerando calor. Esse calor é importante 
para aquecer o organismo, permitindo seu despertar.
Em qual etapa do metabolismo energético celular a 
termogenina interfere?",A: Glicólise.; B: Fermentação lática.; C: Ciclo do ácido cítrico.; D: Oxidação do piruvato.; E: Fosforilação oxidativa.,1.70426,E,2022
98,"A fim de classificar as melhores rotas em um aplicativo 
de trânsito, um pesquisador propõe um modelo com base 
em circuitos elétricos. Nesse modelo, a corrente representa 
o número de carros que passam por um ponto da pista 
no intervalo de 1 segundo. A diferença de potencial (d.d.p.) 
corresponde à quantidade de energia por carro necessária 
para o deslocamento de 1 metro. De forma análoga à lei 
de Ohm, cada via é classificada pela sua resistência, sendo 
a de maior resistência a mais congestionada. O aplicativo 
mostra as rotas em ordem crescente, ou seja, da rota de 
menor para a de maior resistência.
Como teste para o sistema, são utilizadas três 
possíveis vias para uma viagem de A até B, com os 
valores de d.d.p. e corrente conforme a tabela.
Descrição da tabela: Dados em três colunas. A 
primeira coluna indica as rotas. A segunda coluna 
indica a ddp, com unidade em joule por carro por 
metro. A terceira coluna indica a corrente, com unidade 
carro por segundo.
Rota 1: ddp 510 e corrente 4.
Rota 2: ddp 608 e corrente 4.
Rota 3: ddp 575 e corrente 3.
Nesse teste, a ordenação das rotas indicadas pelo 
aplicativo será:","A: um, dois, três; B: um, três, dois; C: dois, um, três; D: três, um, dois; E: três, dois, um",1.20513,A,2022
99,"O esquema representa o ciclo do nitrogênio:
Descrição da imagem: Esquema com 
decompositores, um coelho e duas plantas (com foco 
na parte aérea e subterrânea delas). De uma planta, 
partem duas setas, uma para o coelho e outra para 
os decompositores (fungos e bactérias aeróbicas e 
anaeróbicas). Do coelho, também parte uma seta para 
esses mesmos decompositores. De decompositores, 
parte uma seta para amônia (NH3) e amônio (NH4 
de carga positiva). As bactérias nitrificantes fazem a 
nitrificação da amônia e amônio com uma seta que 
vai para nitritos (NO2 de carga negativa). As bactérias 
nitrificantes transformam nitritos em nitratos (NO3 de 
carga negativa). Dos nitratos, partem duas setas, 
uma que indica assimilação pelas plantas e outra 
que indica bactérias desnitrificantes. Das bactérias 
desnitrificantes, a seta continua para o ar e retorna ao 
ciclo para bactérias fixadoras de N2, nos nódulos das 
raízes de leguminosas. Dessas mesmas bactérias, 
uma seta indica que elas farão, no solo, a amonificação, 
seguindo a seta para amônia (NH3) e amônio (NH4 de 
carga positiva), fechando o ciclo.
A chuva ácida interfere no ciclo do nitrogênio, 
principalmente, por proporcionar uma diminuição do pH 
do solo e da atmosfera, alterando a concentração dos 
compostos presentes nesse ciclo.
Em um solo de menor pH, será favorecida a formação de:",A: N2; B: NH3; C: NH4 de carga positiva; D: NO2 de carga negativa; E: NO3 de carga negativa,1.78678,C,2022
100,"No processo de captação da luz pelo olho para a 
formação de imagens estão envolvidas duas estruturas 
celulares: os cones e os bastonetes. Os cones são sensíveis 
à energia dos fótons, e os bastonetes, à quantidade de 
fótons incidentes. A energia dos fótons que compõem 
os raios luminosos está associada à sua frequência, e a 
intensidade, ao número de fótons incidentes.
Um animal que tem bastonetes mais sensíveis irá","A: apresentar daltonismo.; B: perceber cores fora do espectro do visível.; C: enxergar bem em ambientes mal iluminados.; D: necessitar de mais luminosidade para enxergar.; E: fazer uma pequena distinção de cores em ambientes 
iluminados.",0.78824,C,2022
101,"Técnica modifica proteína do veneno de cascavel e permite 
criar fármaco que modula a coagulação sanguínea
O veneno da cascavel pode causar hemorragia com 
risco de morte a quem é picado pela serpente. No entanto, 
pesquisadores do Brasil e da Bélgica desenvolveram uma 
molécula de interesse farmacêutico, a PEG-collineína-1, 
a partir de uma proteína encontrada no veneno dessa 
cobra, capaz de modular a coagulação sanguínea. 
Embora a técnica não seja nova, foi a primeira vez que 
o método foi usado a partir de uma toxina animal na sua 
forma recombinante, ou seja, produzida em laboratório 
por um fungo geneticamente modificado.
Esse novo medicamento apresenta potencial aplicação para","A: impedir a formação de trombos, típicos em alguns 
casos de acidente vascular cerebral.; B: tratar consequências da anemia profunda, em razão da 
perda de grande volume de sangue.; C: evitar a manifestação de urticárias, comumente 
relacionadas a processos alérgicos.; D: reduzir o inchaço dos linfonodos, parte da resposta 
imunitária de diferentes infecções.; E: regular a oscilação da pressão arterial, característica 
dos quadros de hipertensão.",1.10708,A,2022
102,"On the Gravitational Field of a Mass Point According 
to Einstein’s Theory
Um Buraco Negro é um corpo celeste que possui uma 
grande quantidade de matéria concentrada em uma pequena 
região do espaço, de modo que sua força gravitacional é 
tão grande que qualquer partícula fica aprisionada em sua 
superfície, inclusive a luz. O raio dessa região caracteriza 
uma superfície-limite, chamada de horizonte de eventos, 
da qual nada consegue escapar. Considere que o Sol foi 
instantaneamente substituído por um Buraco Negro com 
a mesma massa solar, de modo que o seu horizonte de 
eventos seja de aproximadamente 3,0 quilômetros.
Após a substituição descrita, o que aconteceria aos 
planetas do Sistema Solar?","A: Eles se moveriam em órbitas espirais, aproximando-se 
sucessivamente do Buraco Negro.; B: Eles oscilariam aleatoriamente em torno de suas 
órbitas elípticas originais.; C: Eles se moveriam em direção ao centro do Buraco 
Negro.; D: Eles passariam a precessionar mais rapidamente.; E: Eles manteriam suas órbitas inalteradas.",1.77912,E,2022
103,"Aplicações e implicações do ozônio na indústria, 
ambiente e saúde
Durante o ano de 2020, impulsionado pela necessidade 
de respostas rápidas e eficientes para desinfectar ambientes 
de possíveis contaminações com o SARS-CoV-2, causador 
da covid-19, diversas alternativas foram buscadas para 
os procedimentos de descontaminação de materiais e 
ambientes. Entre elas, o uso de ozônio em meio aquoso 
como agente sanitizante para pulverização em humanos 
e equipamentos de proteção em câmaras ou túneis, 
higienização de automóveis e de ambientes fechados e 
descontaminação de trajes. No entanto, pouca atenção foi 
dada à toxicidade do ozônio, à formação de subprodutos, ao 
nível de concentração segura e às precauções necessárias.
O grande risco envolvido no emprego indiscriminado 
dessa substância deve-se à sua ação química como",A: catalisador.; B: oxidante.; C: redutor.; D: ácido.; E: base.,1.4644,B,2022
104,"Na figura está representado o mosaicismo em função da inativação aleatória de um dos cromossomos X, que 
ocorre em todas as mulheres sem alterações patológicas.
Descrição da figura: Ilustração de um corpo humano feminino com as legendas Células com cromossomo X paterno 
inativado, em cor preta, e Células com cromossomo X materno inativado, em cor branca. Do corpo humano feminino 
partem setas que indicam amostras de células corporais (três em cor branca e três em cor preta). Ao lado estão 
representados o gameta masculino (22+X), por um espermatozoide em cor preta, e o gameta feminino (22+X), 
representado por um círculo em cor branca. Esses gametas se unem para formar o zigoto (44+XX), representado 
por uma célula com metade do núcleo em cor preta e metade em cor branca. Uma seta parte do zigoto indicando a 
formação da blástula (44+XX). A blástula é formada por algumas células em cor preta e outras em cor branca. Uma 
seta associa uma das células da blástula de cor preta a uma das amostras de células corporais em cor preta. Uma seta 
associa uma das células da blástula em cor branca a uma amostra de células corporais em cor branca.
Entre mulheres heterozigotas para doenças determinadas por genes recessivos ligados ao sexo, essa inativação tem 
como consequência a ocorrência de",A: pleiotropia.; B: mutação gênica.; C: interação gênica.; D: penetrância incompleta.; E: expressividade variável.,1.46748,E,2022
106,"Em uma aula prática de bioquímica, para medir a atividade catalítica da enzima catalase, foram realizados seis ensaios 
independentes, nas mesmas condições, variando-se apenas a temperatura. A catalase decompõe o peróxido de hidrogênio 
(H2O2), produzindo água e oxigênio. Os resultados dos ensaios estão apresentados no quadro.
Descrição do quadro: Dados em três colunas. A primeira apresenta os ensaios de 1 a 6, a segunda, as respectivas 
temperaturas, em grau Celsius, e a terceira, os resultados dos ensaios, em termos de decomposição de H2O2, em 
10 elevado a menos 12 mol por minuto.
Ensaio 1: Temperatura 10 e Resultado 8,0.
Ensaio 2: Temperatura 15 e Resultado 10,5.
Ensaio 3: Temperatura 20 e Resultado 9,5.
Ensaio 4: Temperatura 25 e Resultado 5,0.
Ensaio 5: Temperatura 30 e Resultado 3,6.
Ensaio 6: Temperatura 35 e Resultado 3,1.
Os diferentes resultados dos ensaios justificam-se pelo(a)",A: variação do pH do meio.; B: aumento da energia de ativação.; C: consumo da enzima durante o ensaio.; D: diminuição da concentração do substrato.; E: modificação da estrutura tridimensional da enzima.,1.52791,E,2022
107,"Antimicrobianos são substâncias naturais ou sintéticas que têm capacidade de matar ou inibir o crescimento de 
microrganismos. A tabela apresenta uma lista de antimicrobianos hipotéticos, bem como suas ações e efeitos sobre 
o metabolismo microbiano.
Descrição da tabela: Apresenta os antimicrobianos de 1 a 5 e suas respectivas ações e efeitos.
Antimicrobiano 1. Ação: une-se aos ribossomos. Efeito: impede a síntese proteica.
Antimicrobiano 2. Ação: une-se aos microtúbulos. Efeito: impede a segregação das cromátides.
Antimicrobiano 3. Ação: une-se aos fosfolipídeos da membrana plasmática. Efeito: reduz a permeabilidade da 
membrana plasmática.
Antimicrobiano 4. Ação: interfere na síntese de timina. Efeito: inibe a síntese de DNA.
Antimicrobiano 5. Ação: interfere na síntese de uracila. Efeito: impede a síntese de RNA.
Qual dos antimicrobianos deve ser utilizado para curar uma infecção causada por um fungo sem afetar as bactérias 
da microbiota normal do organismo?",A: um; B: dois; C: três; D: quatro; E: cinco,2.50062,B,2022
108,"O manual de uma ducha elétrica informa que seus três 
níveis de aquecimento (morno, quente e superquente) 
apresentam as seguintes variações de temperatura da 
água em função de sua vazão:
Descrição do quadro: Apresenta a vazão, em litro por 
minuto, e a variação de temperatura, em grau Celsius, 
para três níveis de aquecimento: morno, quente e 
superquente.
Vazão igual a 3 — variação de temperatura: 10 para 
o morno, 20 para o quente e 30 para o superquente.
Vazão igual a 6 — variação de temperatura: 5 para o 
morno, 10 para o quente e 15 para o superquente.
Utiliza-se um disjuntor para proteger o circuito dessa 
ducha contra sobrecargas elétricas em qualquer nível 
de aquecimento. Por padrão, o disjuntor é especificado 
pela corrente nominal igual ao múltiplo de 5 ampères 
imediatamente superior à corrente máxima do circuito. 
Considere que a ducha deve ser ligada em 220 volts e que 
toda a energia é dissipada através da resistência do chuveiro 
e convertida em energia térmica transferida para a água, 
que apresenta calor específico de 4,2 joules por grama por 
grau Celsius e densidade de 1 000 gramas por litro.
O disjuntor adequado para a proteção dessa ducha é 
especificado por:",A: sessenta ampères; B: trinta ampères; C: vinte ampères; D: dez ampères; E: cinco ampères,2.40137,B,2022
109,"Um grupo de alunos realizou um experimento para 
observar algumas propriedades dos ácidos, adicionando 
um pedaço de mármore (CaCO3) a uma solução aquosa 
de ácido clorídrico (HCl), observando a liberação de um 
gás e o aumento da temperatura.
O gás obtido no experimento é o:",A: H₂ Gás hidrogênio (ou hidrogênio molecular); B: O₂ Gás oxigênio (ou oxigênio molecular); C: CO₂ Dióxido de carbono (ou gás carbônico); D: CO Monóxido de carbono; E: Cl₂ Gás cloro (ou cloro molecular),1.01697,C,2022
110,"Hermaphroditic, Demasculinized Frogs After 
Exposure to the Herbicide Atrazine at Low 
Ecologically Relevant Doses
Em 2002, foi publicado um artigo científico que 
relacionava alterações na produção de hormônios sexuais 
de sapos machos expostos à atrazina, um herbicida, com 
o desenvolvimento anômalo de seus caracteres sexuais 
primários e secundários. Entre os animais sujeitos à 
contaminação, observaram-se casos de hermafroditismo 
e desmasculinização da laringe. O estudo em questão 
comparou a concentração de um hormônio específico 
no sangue de machos expostos ao agrotóxico com a de 
outros machos e fêmeas que não o foram (controles). 
Os resultados podem ser vistos na figura.
Descrição da imagem: Gráfico de barras que indica 
a concentração do hormônio, em nanograma por 
mililitro, para três grupos de sapos: machos controle, 
machos expostos à atrazina e fêmeas controle.
Machos controle: 4.
Machos expostos à atrazina: 0,3.
Fêmeas controle: 0,5.
Com base nas informações do texto, qual é o hormônio 
cujas concentrações estão representadas na figura?",A: Estrogênio.; B: Feromônio.; C: Testosterona.; D: Somatotrofina.; E: Hormônio folículo estimulante.,0.56741,C,2022
113,"As células da epiderme da folha da Tradescantia 
pallida purpurea, uma herbácea popularmente conhecida 
como trapoeraba-roxa, contém um vacúolo onde se 
encontra um pigmento que dá a coloração arroxeada a 
esse tecido. Em um experimento, um corte da epiderme 
de uma folha da trapoeraba-roxa foi imerso em ambiente 
hipotônico e, logo em seguida, foi colocado em uma 
lâmina e observado em microscópio óptico.
Durante a observação desse corte, foi possível identificar o(a)","A: acúmulo do solvente com fragmentação da organela.; B: rompimento da membrana celular com liberação do 
citosol.; C: aumento do vacúolo com diluição do pigmento no seu 
interior.; D: quebra da parede celular com extravasamento do 
pigmento.; E: murchamento da célula com expulsão do pigmento 
do vacúolo.",1.49398,C,2022
114,"Mudanças climáticas e ilhas de calor urbanas
A variação da incidência de radiação solar sobre 
a superfície da Terra resulta em uma variação de 
temperatura ao longo de um dia denominada amplitude 
térmica. Edificações e pavimentações realizadas nas 
áreas urbanas contribuem para alterar as amplitudes 
térmicas dessas regiões, em comparação com regiões que 
mantêm suas características naturais, com presença de 
vegetação e água, já que o calor específico do concreto é 
inferior ao da água. Assim, parte da avaliação do impacto 
ambiental que a presença de concreto proporciona às 
áreas urbanas consiste em considerar a substituição 
da área concretada por um mesmo volume de água e 
comparar as variações de temperatura devido à absorção 
da radiação solar nas duas situações (concretada e 
alagada). Desprezando os efeitos da evaporação e 
considerando que toda a radiação é absorvida, essa 
avaliação pode ser realizada com os seguintes dados:
Descrição do quadro: Apresenta as densidades, em 
quilograma por metro cúbico, e calores específicos, em 
joule por grama por grau Celsius, da água e do concreto.
Água — Densidade: 1 000; e Calor específico: 4,2.
Concreto — Densidade: 2 500; e Calor específico: 0,8.
A razão entre as variações de temperatura nas áreas 
concretada e alagada é mais próxima de",A: um vírgula zero; B: dois vírgula um; C: dois vírgula cinco; D: cinco vírgula três; E: treze vírgula um,1.44802,B,2022
115,"O elemento iodo (I) tem função biológica e é 
acumulado na tireoide. Nos acidentes nucleares de 
Chernobyl e Fukushima, ocorreu a liberação para a 
atmosfera do radioisótopo iodo-131, responsável por 
enfermidades nas pessoas que foram expostas a ele. O 
decaimento de uma massa de 12 microgramas do isótopo 
iodo-131 foi monitorado por 14 dias, conforme o quadro.
Descrição do quadro: Dados em duas colunas. 
A primeira coluna indica o tempo decorrido, em dia. 
A segunda coluna indica as respectivas massas 
residuais de iodo-131, em micrograma.
Tempo: 0; massa residual 12,0.
Tempo: 2; massa residual 10,1.
Tempo: 4; massa residual 8,5.
Tempo: 5; massa residual 7,8.
Tempo: 6; massa residual 7,2.
Tempo: 8; massa residual 6,0.
Tempo: 14; massa residual 3,6.
Após o período de 40 dias, a massa residual desse 
isótopo é mais próxima de","A: 2,4 microgramas.; B: 1,5 micrograma.; C: 0,8 micrograma.; D: 0,4 micrograma.; E: 0,2 micrograma.",1.20769,D,2022
116,"Desde a proposição da teoria de seleção natural 
por Darwin, os seres vivos nunca mais foram olhados 
da mesma forma. No que diz respeito à reprodução de 
anfíbios anuros, os cientistas já descreveram diferentes 
padrões reprodutivos, como os exemplificados a seguir:
Espécie 1 – As fêmeas produzem cerca de 
5 000 gametas, que são fecundados na água, em 
lagoas temporárias de estação chuvosa. Todo o 
desenvolvimento embrionário, do ovo à metamorfose, 
ocorre, nesse ambiente, independente dos pais.
Espécie 2 – As fêmeas produzem aproximadamente 
200 gametas, que são depositados em poças próximas a 
corpos-d’água. Os embriões são vigiados pelos machos 
durante boa parte do seu desenvolvimento.
Espécie 3 – As fêmeas produzem por volta de 20 
gametas, que são fecundados sobre a superfície das folhas 
de plantas cujos galhos estão dispostos acima da superfície 
de corpos-d’água e aí se desenvolvem até a eclosão.
Espécie 
– As fêmeas produzem poucos 
gametas que, quando fecundados, são, abre aspas, 
abocanhados, fecha aspas, pelos machos. Os embriões 
se desenvolvem no interior do saco vocal do macho até 
a metamorfose, quando saem através da boca do pai.
Os padrões descritos evidenciam que","A: as fêmeas influenciam o comportamento dos machos.; B: o cuidado parental é necessário para o desenvolvimento.; C: o grau de evolução determina o comportamento 
reprodutivo.; D: o sucesso reprodutivo pode ser garantido por 
estratégias diferentes.; E: o ambiente induz modificação na produção do número
de gametas femininos.",0.91052,D,2022
117,"O eixo de rotação da Terra apresenta uma inclinação em relação ao plano de sua órbita em torno do Sol, interferindo 
na duração do dia e da noite ao longo do ano. 
Descrição da imagem: Representação esquemática do globo terrestre em 21 de dezembro. O globo é 
representado por um círculo dividido ao meio por uma linha vertical, com a incidência direta de raios solares 
ao meio-dia, representados por setas horizontais da esquerda para a direita. A metade esquerda representa a 
parte iluminada (dia) e a metade direita representa a parte sombreada (noite). O eixo de rotação da Terra está 
inclinado em relação à vertical e é representado por uma reta com a metade superior na parte sombreada e a 
metade inferior na parte iluminada. Perpendicularmente ao eixo de rotação estão indicados, de cima para baixo, 
o Polo Norte, com o Círculo Polar Ártico, o Trópico de Câncer, a Linha do Equador, o Trópico de Capricórnio e 
o Polo Sul, com o Círculo Polar Antártico.
Uma pessoa instala em sua residência uma placa fotovoltaica, que transforma energia solar em elétrica. Ela monitora 
a energia total produzida por essa placa em 4 dias do ano, ensolarados e sem nuvens, e lança os resultados no gráfico.
Descrição da imagem: Gráfico de barras verticais. No eixo horizontal, estão quatro dias do ano e, no eixo 
vertical, está a energia total produzida pela placa fotovoltaica. Da esquerda para direita, estão posicionadas 
quatro barras, correspondentes aos dias 10 de janeiro; 10 de abril; 10 de julho e 10 de outubro. A barra 
correspondente ao dia 10 de janeiro é a maior de todas. A barra correspondente ao dia 10 de julho é a menor 
de todas. As barras correspondentes aos dias 10 de abril e 10 de outubro têm alturas semelhantes, sendo a de 
10 de abril um pouco maior que a do dia 10 de outubro.
Energia
Dia
10/01
10/04
10/07
10/10
Próximo a que região se situa a residência onde as placas foram instaladas?",A: Trópico de Capricórnio.; B: Trópico de Câncer.; C: Polo Norte.; D: Polo Sul.; E: Linha do Equador.,0.96735,A,2022
118,"A biomassa celulósica pode ser utilizada para a produção de etanol de segunda geração. Entretanto, é necessário 
que os polissacarídeos sejam convertidos em mono e dissacarídeos, processo que pode ser conduzido em meio 
ácido, conforme mostra o esquema:
Descrição do esquema: Estrutura química de um polissacarídeo, com os grupos funcionais C ligação simples 
OH e C ligação simples O, ligação simples C, com foco nas ligações entre hidrogênio e oxigênio. Esse 
polissacarídeo é convertido, em três etapas, em mono e dissacarídeos, envolvendo a participação do íon H, de 
carga positiva, como reagente na primeira etapa e como produto na última etapa. Nessa conversão de polissacarídeos, a função do íon H de carga positiva é",A: dissolver os reagentes.; B: deslocar o equilíbrio químico.; C: aumentar a velocidade da reação.; D: mudar a constante de equilíbrio da reação.; E: formar ligações de hidrogênio com o polissacarídeo.,2.04288,C,2022
119,"O ácido tartárico é o principal ácido do vinho e está diretamente relacionado com sua qualidade. Na avaliação de 
um vinho branco em produção, uma analista neutralizou uma alíquota de 25,0 mililitros do vinho com NaOH a 0,10 
mol por litro, consumindo um volume igual a 8,0 mililitros dessa base. A reação para esse processo de titulação é 
representada pela equação química:
Descrição da equação química: Um mol de ácido tartárico, cuja massa molar é igual a 150 gramas por mol, 
reage com 2 mols de NaOH formando um sal orgânico e água.
A concentração de ácido tartárico no vinho analisado é mais próxima de:","A: 1,8 grama por litro; B: 2,4 gramas por litro; C: 3,6 gramas por litro; D: 4,8 gramas por litro; E: 9,6 gramas por litro",1.89127,B,2022
120,"Diversas substâncias são empregadas com a intenção de 
incrementar o desempenho esportivo de atletas de alto nível. 
O chamado doping sanguíneo, por exemplo, pela utilização 
da eritropoietina, é proibido pelas principais federações de 
esportes no mundo. A eritropoietina é um hormônio produzido 
pelos rins e fígado e sua principal ação é regular o processo 
de eritropoiese. Seu uso administrado intravenosamente em 
quantidades superiores àquelas presentes naturalmente no 
organismo permite que o indivíduo aumente a sua capacidade 
de realização de exercícios físicos.
Esse tipo de doping está diretamente relacionado ao 
aumento da",A: frequência cardíaca.; B: capacidade pulmonar.; C: massa muscular do indivíduo.; D: atividade anaeróbica da musculatura.; E: taxa de transporte de oxigênio pelo sangue.,1.00991,E,2022
121,"Em um autódromo, os carros podem derrapar em uma 
curva e bater na parede de proteção. Para diminuir o impacto 
de uma batida, pode-se colocar na parede uma barreira de 
pneus, isso faz com que a colisão seja mais demorada e 
o carro retorne com velocidade reduzida. Outra opção 
é colocar uma barreira de blocos de um material que se 
deforma, tornando-a tão demorada quanto a colisão com os 
pneus, mas que não permite a volta do carro após a colisão.
Comparando as duas situações, como ficam a força média 
exercida sobre o carro e a energia mecânica dissipada?","A: A força é maior na colisão com a barreira de pneus, e 
a energia dissipada é maior na colisão com a barreira 
de blocos.; B: A força é maior na colisão com a barreira de blocos, e 
a energia dissipada é maior na colisão com a barreira 
de pneus.; C: A força é maior na colisão com a barreira de blocos, e 
a energia dissipada é a mesma nas duas situações.; D: A força é maior na colisão com a barreira de pneus, e 
a energia dissipada é maior na colisão com a barreira 
de pneus.; E: A força é maior na colisão com a barreira de blocos, e 
a energia dissipada é maior na colisão com a barreira 
de blocos.",1.41874,A,2022
122,"A penicilamina é um medicamento de uso oral utilizado no 
tratamento de várias doenças. Esse composto é excretado 
na urina, cujo pH se situa entre 5 e 7. A penicilamina, cuja 
fórmula estrutural plana está apresentada, possui três grupos 
funcionais que podem ser ionizados:
•	 carboxila: ligação simples COOH, cujo pKa é igual 
a 1,8;
•	 amino: ligação simples NH2, que pode ser convertido 
em amínio (ligação simples NH3 de carga positiva, cujo 
pKa é igual a 7,9);
•	 tiol: ligação simples SH, cujo pKa é igual a 10,5.
Sabe-se que pKa é igual a menos logaritmo de Ka.
Descrição da estrutura química da penicilamina: 
No centro da estrutura representada, há 2 átomos de 
carbono com ligação simples entre si. Cada carbono faz 
três ligações simples com outros grupos. No primeiro 
carbono, estão ligados: um grupo SH, um grupo CH3 e 
outro grupo CH3. No segundo carbono, estão ligados: 
um grupo H, um grupo COOH e um grupo NH2.
Qual estrutura derivada da penicilamina é predominantemente encontrada na urina?","A: Descrição da estrutura química: Estrutura 
derivada da penicilamina com os grupos: S de 
carga negativa, COO de carga negativa e NH2.; B: Descrição da estrutura química: Estrutura 
derivada da penicilamina com os grupos: S de 
carga negativa, COOH e NH2.; C: Descrição da estrutura química: Estrutura 
derivada da penicilamina com os grupos: SH, 
COO de carga negativa e NH3 de carga positiva.; D: Descrição da estrutura química: Estrutura 
derivada da penicilamina com os grupos: S de 
carga negativa, COOH e NH3 de carga positiva.; E: Descrição da estrutura química: Estrutura 
derivada da penicilamina com os grupos: SH, 
COOH e NH3 de carga positiva.",2.76588,C,2022
123,"Tribologia é o estudo da interação entre duas superfícies em 
contato, como desgaste e atrito, sendo de extrema importância 
na avaliação de diferentes produtos e de bens de consumo em 
geral. Para testar a conformidade de uma muleta, realiza-se 
um ensaio tribológico, pressionando-a verticalmente contra o 
piso com uma força vetor F, conforme ilustra a imagem, em 
que CM representa o centro de massa da muleta.
Descrição da imagem: 
Ilustração de uma muleta como 
uma barra vertical apoiada 
sobre o chão. No centro da 
muleta, há a indicação do seu 
centro de massa (CM). Na 
extremidade superior da barra, 
há uma seta vertical para baixo 
com a indicação do vetor F.
Mantendo-se a força vetor F paralela à muleta, 
varia-se lentamente o ângulo entre a muleta e a 
vertical, até o máximo ângulo imediatamente anterior 
ao de escorregamento, denominado ângulo crítico. 
Esse ângulo também pode ser calculado a partir da 
identificação dos pontos de aplicação, da direção e do 
sentido das forças peso (vetor P), normal (vetor N) e de 
atrito estático (vetor fe).
O esquema que representa corretamente todas as forças que 
atuam sobre a muleta, apoiada no chão e inclinada para a 
direita, quando ela atinge o ângulo crítico é:","A: Descrição do esquema: Na 
extremidade superior da barra, há uma seta vertical para baixo 
com a indicação do vetor F. No ponto onde a barra 
toca o chão, há três setas: uma vertical para cima, 
indicando o vetor N, uma horizontal para a direita, 
indicando o vetor fe, e uma vertical para baixo, 
indicando o vetor P.; B:Descrição do esquema: Na extremidade superior 
da barra, há uma seta vertical para baixo com a 
indicação do vetor F. No centro de massa há duas 
setas, uma vertical para cima, indicando vetor 
N, e uma vertical para baixo indicando o vetor P. 
No ponto onde a barra toca o chão, há uma seta 
horizontal para a esquerda, indicando o vetor fe.; C: Descrição do esquema: Na extremidade superior 
da barra, há uma seta com a mesma direção da 
barra e sentido da extremidade inferior, com a 
indicação do vetor F. No ponto onde a barra toca 
o chão, há três setas: uma vertical para cima, 
indicando o vetor N, uma seta vertical para baixo, 
indicando vetor P, e uma horizontal para a direita, 
indicando o vetor fe.; D: Descrição do esquema: Na extremidade superior 
da barra, há uma seta com a mesma direção da 
barra e sentido da extremidade inferior, com a 
indicação do vetor F. No centro de massa, há duas 
setas: uma vertical para cima, indicando o vetor 
N, e uma vertical para baixo, indicando o vetor P. 
No ponto onde a barra toca o chão, há uma seta 
horizontal para a esquerda, indicando o vetor fe.; E: Descrição do esquema: Na extremidade superior 
da barra, há uma seta com a mesma direção da 
barra e sentido da extremidade inferior, com a 
indicação do vetor F. No centro de massa, há uma 
seta vertical para baixo, indicando o vetor P. No 
ponto onde a barra toca o chão, há duas setas: 
uma vertical para cima, indicando o vetor N, e uma 
horizontal para a direita, indicando o vetor fe.",1.4048,E,2022
124,"A extinção de espécies é uma ameaça real que afeta 
diversas regiões do país. A introdução de espécies exóticas 
pode ser considerada um fator maximizador desse processo. 
A jaqueira (Artocarpus heterophyllus), por exemplo, é uma 
árvore originária da Índia e de regiões do Sudeste Asiático 
que foi introduzida ainda na era colonial e se aclimatou 
muito bem em praticamente todo o território nacional.
Casos como o dessa árvore podem provocar a redução 
da biodiversidade, pois elas","A: ocupam áreas de vegetação nativa e substituem 
parcialmente a flora original.; B: estimulam a competição por seus frutos entre animais 
típicos da região e eliminam as espécies perdedoras.; C: alteram os nichos e aumentam o número de 
possibilidades de relações entre os seres vivos 
daquele ambiente.; D: apresentam alta taxa de reprodução e se mantêm 
com um número de indivíduos superior à capacidade 
suporte do ambiente.; E: diminuem a relação de competição entre os 
polinizadores e facilitam a ação de dispersores de 
sementes de espécies nativas.",0.97602,A,2022
125,"Em um dia de calor intenso, dois colegas estão a 
brincar com a água da mangueira. Um deles quer saber 
até que altura o jato de água alcança, a partir da saída de 
água, quando a mangueira está posicionada totalmente 
na direção vertical. O outro colega propõe então o 
seguinte experimento: eles posicionarem a saída de 
água da mangueira na direção horizontal, a 1 metro de 
altura em relação ao chão, e então medirem a distância 
horizontal entre a mangueira e o local onde a água atinge 
o chão. A medida dessa distância foi de 3 metros, e a 
partir disso eles calcularam o alcance vertical do jato de 
água. Considere a aceleração da gravidade de 10 metros 
por segundo ao quadrado.
O resultado que eles obtiveram foi de","A: 1,50 metro.; B: 2,25 metros.; C: 4,00 metros.; D: 4,50 metros.; E: 5,00 metros.",2.08841,B,2022
126,"O etanol é um combustível produzido a partir da 
fermentação da sacarose presente no caldo de cana-
-de-açúcar. Um dos fatores que afeta a produção desse 
álcool é o grau de deterioração da sacarose, que se inicia 
após o corte, por causa da ação de microrganismos. Foram 
analisadas cinco amostras de diferentes tipos de cana-de-
-açúcar e cada uma recebeu um código de identificação. 
No quadro são apresentados os dados de concentração de 
sacarose e de microrganismos presentes nessas amostras.
Descrição do quadro: Apresenta as concentrações 
iniciais de sacarose, em grama por litro, e as 
concentrações de microrganismos, em miligrama 
por litro, para os cinco códigos das amostras de 
cana-de-açúcar: RB72, RB84, RB92, SP79 e SP80.
Amostra RB72: Concentração inicial de sacarose igual 
a 13,0 e a de microrganismos igual a 0,7.
Amostra RB84: Concentração inicial de sacarose igual 
a 18,0 e a de microrganismos igual a 0,8.
Amostra RB92: Concentração inicial de sacarose igual 
a 16,0 e a de microrganismos igual a 0,6.
Amostra SP79: Concentração inicial de sacarose igual 
a 14,0 e a de microrganismos igual a 0,5.
Amostra SP80: Concentração inicial de sacarose igual 
a 17,0 e a de microrganismos igual a 0,9.
Pretende-se escolher o tipo de cana-de-açúcar que 
conterá o maior teor de sacarose 10 horas após o corte e 
que, consequentemente, produzirá a maior quantidade de 
etanol por fermentação. Considere que existe uma redução 
de aproximadamente 50 por cento da concentração de 
sacarose nesse tempo, para cada 1,0 miligrama por litro de 
microrganismos presentes na cana-de-açúcar.
Qual tipo de cana-de-açúcar deve ser escolhido?",A: RB72; B: RB84; C: RB92; D: SP79; E: SP80,1.52509,C,2022
127,"Entre as diversas técnicas para diagnóstico da 
covid-19, destaca-se o teste genético. Considerando as 
diferentes variantes e cargas virais, um exemplo é a PCR, 
reação efetuada por uma enzima do tipo polimerase. 
Essa técnica permite identificar, com confiabilidade, o 
material genético do SARS-CoV-2, um vírus de RNA. 
Para comprovação da infecção por esse coronavírus, são 
coletadas amostras de secreções do indivíduo. Uma etapa 
que antecede a reação de PCR precisa ser realizada para 
permitir a amplificação do material genético do vírus.
Essa etapa deve ser realizada para","A: concentrar o RNA viral para otimizar a técnica.; B: identificar nas amostras anticorpos anti-SARS-CoV-2.; C: proliferar o vírus em culturas, aumentando a carga viral.; D: purificar ácidos nucleicos virais, facilitando a ação da 
enzima.; E: obter moléculas de cDNA viral por meio da transcrição 
reversa.",3.19204,E,2022
128,"Biofísica: fundamentos e aplicações
O quadro mostra valores de corrente elétrica e seus
efeitos sobre o corpo humano.
Descrição do quadro: Apresenta as correntes
elétricas e seus respectivos danos físicos.
Até 10 miliampères: dor e contração muscular.
De 10 miliampères até 20 miliampères: aumento das
contrações musculares.
De 20 miliampères até 100 miliampères: parada
respiratória.
De 100 miliampères até 3 ampères: fribrilação
ventricular.
Acima de 3 ampères: parada cardíaca e queimaduras
A corrente elétrica que percorrerá o corpo de um
indivíduo depende da tensão aplicada e da resistência
elétrica média do corpo humano. Esse último fator está
intimamente relacionado com a umidade da pele, que seca
apresenta resistência elétrica da ordem de 500 quilo-ohms,
mas, se molhada, pode chegar a apenas 1 quilo-ohm.
Apesar de incomum, é possível sofrer um acidente
utilizando baterias de 12 volts. Considere que um
indivíduo com a pele molhada sofreu uma parada
respiratória ao tocar simultaneamente nos pontos A e B
de uma associação de duas dessas baterias.
Qual associação de baterias foi responsável pelo acidente?","A: Descrição da associação de baterias: O ponto A
está ligado ao polo positivo da primeira bateria, o
polo negativo da primeira bateria está ligado ao polo
positivo da segunda bateria, e o polo negativo da
segunda bateria está ligado ao ponto B.; B: Descrição da associação de baterias: O ponto A
está ligado ao polo positivo da primeira bateria, o
polo negativo da primeira bateria está ligado ao
polo negativo da segunda bateria, e o polo positivo
da segunda bateria está ligado ao ponto B.; C: Descrição da associação de baterias: O ponto A
está ligado ao polo negativo da primeira bateria,
que está ligado ao polo negativo da segunda
bateria. O polo positivo da primeira bateria está
ligado ao polo positivo da segunda bateria, que
está ligado ao ponto B.; D: Descrição da associação de baterias: O ponto A
está ligado ao polo negativo da primeira bateria,
o polo positivo da primeira bateria está ligado ao
polo positivo da segunda bateria, e o polo negativo
da segunda bateria está ligado ao ponto B.; E: Descrição da associação de baterias: O ponto A
está ligado ao polo positivo da primeira bateria e
ao polo negativo da segunda bateria. O ponto B
está ligado ao polo negativo da primeira bateria e
ao polo positivo da segunda bateria.",1.35453,A,2022
129,"Princípios de química: questionando a vida moderna e
o meio ambiente
O urânio é empregado como fonte de energia em reatores
nucleares. Para tanto, o seu mineral deve ser refinado,
convertido a hexafluoreto de urânio e posteriormente
enriquecido, para aumentar de 0,7 por cento a 3 por cento
a abundância de um isótopo específico — o urânio-235.
Uma das formas de enriquecimento utiliza a pequena
diferença de massa entre os hexafluoretos de urânio-235
e de urânio-238 para separá-los por efusão, precedida pela
vaporização. Esses vapores devem efundir repetidamente
milhares de vezes através de barreiras porosas formadas
por telas com grande número de pequenos orifícios. No
entanto, devido à complexidade e à grande quantidade de
energia envolvida, cientistas e engenheiros continuam a
pesquisar procedimentos alternativos de enriquecimento.
Considerando a diferença de massa mencionada entre os
dois isótopos, que tipo de procedimento alternativo ao da
efusão pode ser empregado para tal finalidade?",A: Peneiração.; B: Centrifugação.; C: Extração por solvente.; D: Destilação fracionada.; E: Separação magnética.,1.60964,B,2022
130,"A Agência Nacional de Vigilância Sanitária (Anvisa)
aprovou um produto de terapia gênica no país, indicado
para o tratamento da distrofia hereditária da retina. O
procedimento é recomendado para crianças acima de
12 meses e adultos com perda de visão causada pela
mutação do gene humano RPE65. O produto, elaborado
por engenharia genética, é composto por um vírus, no qual
foi inserida uma cópia do gene normal humano RPE65
para corrigir o funcionamento das células da retina.
O sucesso dessa terapia advém do fato de que o produto
favorecerá a","A: correção do código genético para a tradução da
proteína.; B: alteração do RNA ribossômico ligado à síntese da
proteína.; C: produção de mutações benéficas para a correção do
problema.; D: liberação imediata da proteína normal na região
ocular humana.; E: expressão do gene responsável pela produção da
enzima normal",1.93167,E,2022
131,"O físico Hans C. Oersted observou que um fio
transportando corrente elétrica produz um campo
magnético. A presença do campo magnético foi verificada
ao aproximar uma bússola de um fio conduzindo corrente
elétrica. A figura ilustra um fio percorrido por uma corrente
elétrica i, constante e com sentido para cima. Os pontos
A, B e C estão num plano transversal e equidistantes do
fio. Em cada ponto foi colocada uma bússola.
Descrição da imagem: Afigura ilustra um plano sobre
o qual há uma circunferência pontilhada onde estão os
pontos A, B e C, respectivamente nas posições de 10
horas, 7 horas e 4 horas. No centro da circunferência,
há uma reta, perpendicular ao plano, que representa
o fio com uma seta para cima que indica o sentido da
corrente elétrica.Ao lado dessa figura, há uma bússola
que indica o Norte (na cor preta), na parte superior, e o
Sul (na cor branca), na parte inferior.
Considerando apenas o campo magnético por causa da
corrente i, as respectivas configurações das bússolas nos
pontos A, B e C serão","A: Descrição da imagem: Todas as bússolas
indicam o polo sul apontado para o centro da
circunferência.; B: Descrição da imagem: Todas as bússolas
indicam o polo norte apontado para o centro da
circunferência.; C: Descrição da imagem: A bússola do ponto
A está com o polo norte apontado no sentido
horário. A bússola do ponto B está com o polo
norte apontado para o centro da circunferência.
A bússola do ponto C está com o polo norte
apontado no sentido anti-horário.; D: Descrição da imagem: As bússolas dos pontos A,
B e C estão com o polo norte apontado no sentido
anti-horário; E: Descrição da imagem: As bússolas dos pontos
A, B e C estão com o polo norte apontado no
sentido horário.",1.65709,D,2022
132,"Aplicações ambientais de persulfato: remediação de
águas subterrâneas e solos contaminados
A figura ilustra esquematicamente um processo de
remediação de solos contaminados com tricloroeteno (TCE),
um agente desengraxante. Em razão de vazamentos de
tanques de estocagem ou de manejo inapropriado de resíduos
industriais, ele se encontra presente em águas subterrâneas,
nas quais forma uma fase líquida densa não aquosa (DNAPL)
que se deposita no fundo do aquífero. Essa tecnologia de
descontaminaçãoempregaoíonpersulfato(S2
O8
 de carga dois
menos), que é convertido no radical •SO4
 de carga negativa
por minerais que contêm Fe(3). O esquema representa de
forma simplificada o mecanismo de ação química sobre o TCE
e a formação dos produtos de degradação.
Descrição das equações químicas da figura: O
radical SO4
 de carga negativa provoca as reações
a seguir: o reagente TCE (ligação dupla entre os
carbonos de número 1 e 2, dois Cl ligados ao carbono
de número 1 e um Cl e um H ligados ao carbono
de número 2) forma o ácido dicloroetanoico (ligação
simples entre o grupo COOH e um carbono ligado a
dois Cl e um H), que forma o ácido etanodioico (dois
grupos COOH ligados entre si). O ácido etanodioico
forma o ácido metanoico (COOH ligado ao H), que
forma, como produtos finais de degradação, H2
O, CO2
e Cl de carga negativa.
Esse procedimento de remediação de águas subterrâneas
baseia-se em reações de",A: oxirredução.; B: substituição.; C: precipitação.; D: desidratação.; E: neutralização.,1.45358,A,2022
133,"De acordo com a Organização Mundial da Saúde, a
filariose e a leishmaniose são consideradas doenças tropicais
infecciosas e constituem uma preocupação para a saúde
pública por ser alto o índice de mortalidade a elas associado.
Uma medida profilática comum a essas duas doenças é o(a)",A: incineração do lixo orgânico.; B: construção de rede de esgoto.; C: uso de vermífugo pela população.; D: controle das populações dos vetores.; E: consumo de carnes vermelhas bem cozidas.,1.46498,D,2022
134,"Parque Solar Lapa entra em operação
Em 2017, foi inaugurado, no estado da Bahia, o Parque
Solar Lapa, composto por duas usinas (Bom Jesus da Lapa
e Lapa) e capaz de gerar cerca de 300 gigawatts-hora
de energia por ano. Considere que cada usina apresente
potência igual a 75 megawatts, com o parque totalizando
uma potência instalada de 150 megawatts. Considere ainda
que a irradiância solar média é de 1 500 watts por metro
quadrado e que a eficiência dos painéis é de 20 por cento.
Nessas condições, a área total dos painéis solares que
compõem o Parque Solar Lapa é mais próxima de:",A: um milhão de metros quadrados; B: quinhentos mil metros quadrados; C: duzentos e cinquenta mil metros quadrados; D: cem mil metros quadrados; E: vinte mil metros quadrados,1.87763,B,2022
135,"Os riscos apresentados pelos produtos dependem de
suas propriedades e da reatividade quando em contato
com outras substâncias. Para prevenir os riscos devido
à natureza química dos produtos, devemos conhecer
a lista de substâncias incompatíveis e de uso cotidiano
em fábricas, hospitais e laboratórios, a fim de observar
cuidados na estocagem, manipulação e descarte.
O quadro elenca algumas dessas incompatibilidades, que
podem levar à ocorrência de acidentes.
Descrição do quadro: Apresenta substâncias e suas
respectivas incompatibilidades e riscos associados.
Substância: Ácidos minerais fortes concentrados —
Incompatibilidade: Bases fortes, Cianetos e Hipoclorito
de sódio — Riscos associados: Reação enérgica,
explosão, produção de oxidante forte e produto tóxico.
Substância: Ácido nítrico concentrado —
Incompatibilidade: Matéria orgânica — Riscos associados:
Reação enérgica, explosão e produto tóxico.
Considere que houve o descarte indevido de dois
conjuntos de substâncias:
(1) ácido clorídrico concentrado com cianeto de potássio;
(2) ácido nítrico concentrado com sacarose.
O descarte dos conjuntos (1) e (2) resultará,
respectivamente, em",A: liberação de gás tóxico e reação oxidativa forte.; B: reação oxidativa forte e liberação de gás tóxico.; C: formação de sais tóxicos e reação oxidativa forte.; D: liberação de gás tóxico e liberação de gás oxidante.; E: formação de sais tóxicos e liberação de gás oxidante.,2.23408,A,2022
91,"É comum em viagens de avião sermos solicitados a 
desligar aparelhos cujo funcionamento envolva a emissão 
ou a recepção de ondas eletromagnéticas, como celulares. 
A justificativa dada para esse procedimento é, entre 
outras coisas, a necessidade de eliminar fontes de sinais 
eletromagnéticos que possam interferir nas comunicações, 
via rádio, dos pilotos com a torre de controle.
Essa interferência poderá ocorrer somente se as ondas 
emitidas pelo celular e as recebidas pelo rádio do avião",A: forem ambas audíveis.; B: tiverem a mesma potência.; C: tiverem a mesma frequência.; D: tiverem a mesma intensidade.; E: propagarem-se com velocidades diferentes.,-0.45616,C,2023
92,"Terpenos com atividade inseticida:  
uma alternativa para o controle químico de insetos
O Aldrin é um inseticida agrícola organoclorado 
sintético de baixa polaridade, cuja estrutura molecular 
simétrica, de fórmula C12H8Cl6, está ilustrada na figura. 
Introduzido na agricultura a partir da década de 1950, esse 
composto apresenta alta persistência no meio ambiente e 
acumulação nos organismos, sendo danoso para a saúde.
Descrição da ilustração: Estrutura química da 
molécula de Aldrin. Essa ilustração não foi descrita, 
pois suas informações não foram solicitadas para a 
resolução da questão.
Um pesquisador coletou fluidos biológicos de 
indivíduos de uma população contaminada por esse 
inseticida agrícola. Ele analisou amostras de saliva, 
sangue, lágrima, urina e leite quanto à presença dessa 
substância.
Em qual dos fluidos o pesquisador provavelmente 
encontrou a maior concentração dessa substância?","A: Saliva, por consequência da atividade de enzimas.; B: Sangue, em função das hemácias e leucócitos.; C: Lágrima, em razão da concentração de sais.; D: Urina, pela presença de moléculas de ureia.; E: Leite, por causa do alto teor de gorduras.",1.60649,E,2023
93,"Cafeteria adota copo reutilizável 
feito com casca de café
Uma cafeteria adotou copos fabricados a partir de 
uma composição de 50 por cento de plástico reciclado 
não biodegradável e 50 por cento de casca de café.  
O copo é reutilizável e retornável, pois o material, 
semelhante a uma cerâmica, suporta a lavagem. Embora 
ele seja comercializado por um preço considerado alto 
quando comparado ao de um copo de plástico descartável, 
essa cafeteria possibilita aos clientes retornarem o copo 
sujo e levarem o café quente servido em outro copo já 
limpo e higienizado. O material desse copo oferece 
também o conforto de não esquentar na parte externa.
Quais duas vantagens esse copo apresenta em 
comparação ao copo descartável?","A: Ter a durabilidade de uma cerâmica e ser totalmente 
biodegradável.; B: Ser tão durável quanto uma cerâmica e ter alta 
condutividade térmica.; C: Ser um mau condutor térmico e aumentar o resíduo 
biodegradável na natureza.; D: Ter baixa condutividade térmica e reduzir o resíduo 
não biodegradável na natureza.; E: Ter alta condutividade térmica e possibilitar a 
degradação do material no meio ambiente.",0.32873,D,2023
94,"Um método simples para avaliar o teor 
de sacarose e CO2 em refrigerantes
O consumo exagerado de refrigerantes é preocupante, 
pois contribui para o aumento de casos de obesidade e 
diabetes. Considere dois refrigerantes enlatados, um 
comum e um diet, e que ambos possuam a mesma 
quantidade de aditivos, exceto pela presença de 
açúcar. O refrigerante comum contém basicamente 
água carbonatada e grande quantidade de açúcar; já o 
refrigerante diet tem água carbonatada e adoçantes, cujas 
massas são muito pequenas.
Entre as duas versões apresentadas, o refrigerante 
comum possui",A: maior densidade.; B: menor viscosidade.; C: maior volume de gás dissolvido.; D: menor massa de solutos dissolvidos.; E: maior temperatura de congelamento.,0.49481,A,2023
95,"O descarte de detergentes comuns nos esgotos 
domésticos ocasiona a formação de uma camada de 
espuma que impede a entrada de oxigênio na água.  
Os microrganismos que vivem nessas águas não são 
capazes de quebrar moléculas ramificadas, ocorrendo 
assim um desequilíbrio ambiental nos rios. A fórmula a seguir 
representa a estrutura química de um tensoativo presente 
na composição de um detergente não biodegradável.
Descrição da estrutura química: Estrutura do 
tensoativo não biodegradável, que tem como cadeia 
principal o grupo benzenossulfonato de sódio (anel 
aromático ligado a SO3 de carga negativa, que interage 
com o cátion Na de carga positiva). Ao anel aromático 
desse grupo encontra-se ligada uma ramificação com 
uma cadeia carbônica de sete átomos de carbono que 
contém, em seis deles, ramificações com grupos CH3.
Tensoativo não biodegradável
Qual modificação química na estrutura desse tensoativo 
o tornaria um detergente biodegradável?",A: Retirar a parte polar da molécula.; B: Eliminar as insaturações do anel aromático.; C: Trocar o grupo aniônico por um grupo neutro.; D: Alterar o grupo aniônico por um grupo catiônico.; E: Modificar a cadeia carbônica para cadeia normal.,1.43988,E,2023
96,"Avaliação de substâncias genotóxicas
Micronúcleos em células tumorais: biologia 
e implicações para a tumorigênese
O ensaio de micronúcleos é um teste de avaliação de 
genotoxicidade que associa a presença de micronúcleos 
(pequenos núcleos que aparecem próximo aos núcleos 
das células) com lesões genéticas. Os micronúcleos são 
fragmentos de DNA encapsulados, provenientes do fuso 
mitótico durante a divisão celular.
Os micronúcleos se originam dos(as)",A: nucléolos.; B: lisossomos.; C: ribossomos.; D: mitocôndrias.; E: cromossomos.,1.75342,E,2023
97,"O petróleo é uma matéria-prima muito valiosa 
e métodos geofísicos são úteis na sua prospecção. 
É possível identificar a composição de materiais 
estratificados medindo-se a velocidade de propagação 
do som (onda mecânica) através deles. Considere que 
uma camada de 450 metros de um líquido se encontra 
presa no subsolo entre duas camadas rochosas, conforme 
o esquema. Um pulso acústico (que gera uma vibração 
mecânica) é emitido a partir da superfície do solo, onde 
são posteriormente recebidas duas vibrações refletidas 
(ecos). A primeira corresponde à reflexão do pulso na 
interface superior do líquido com a camada rochosa.  
A segunda vibração deve-se à reflexão do pulso na 
interface inferior. O tempo entre a emissão do pulso e 
a chegada do primeiro eco é de 0,5 segundo. O segundo 
eco chega 1,1 segundo após a emissão do pulso.
Descrição do esquema: O esquema apresenta um 
corte transversal da crosta terrestre em que se tem, de 
cima para baixo, uma camada de rocha, uma camada 
de líquido e outra camada de rocha. A espessura da 
camada de líquido é de 450 metros. Na parte superior 
da crosta terrestre, tem-se a representação de um 
emissor e detector de pulsos.
A velocidade do som na camada líquida, em metro por 
segundo, é",A: duzentos e setenta; B: quinhentos e quarenta; C: oitocentos e dezoito; D: mil e quinhentos; E: mil e oitocentos,1.63479,D,2023
98,"O manual de um automóvel alerta sobre os cuidados em relação à pressão do ar no interior dos pneus. 
Recomenda-se que a pressão seja verificada com os pneus frios (à temperatura ambiente). Um motorista, desatento 
a essa informação, realizou uma viagem longa sobre o asfalto quente e, em seguida, verificou que a pressão 
P zero no interior dos pneus não era a recomendada pelo fabricante. Na ocasião, a temperatura dos pneus era 
T zero. Após um longo período em repouso, os pneus do carro atingiram a temperatura ambiente T. Durante o 
resfriamento, não há alteração no volume dos pneus e na quantidade de ar no seu interior. Considere o ar dos pneus 
um gás perfeito (também denominado gás ideal).
Durante o processo de resfriamento, os valores de pressão em relação à temperatura (P versus T) são representados 
pelo gráfico:","A: Descrição do gráfico: A pressão permanece 
constante com a diminuição da temperatura entre 
T zero e T. Em T, a temperatura não se altera, e 
a pressão diminui.; B: Descrição do gráfico: A pressão aumenta 
linearmente com a diminuição da temperatura 
entre T zero e T.; C: Descrição do gráfico: A pressão permanece 
constante com a diminuição da temperatura entre 
T zero e T.; D: Descrição do gráfico: A pressão diminui 
linearmente com a diminuição da temperatura 
entre T zero e T.; E: Descrição do gráfico: A pressão aumenta como 
um arco de parábola para cima com a diminuição 
da temperatura entre T zero e T.",0.95966,E,2023
99,"Pais com síndrome de Down
Três anos após dar à luz, mãe portadora de síndrome de Down revela detalhes de seu dia a dia
A síndrome de Down é uma alteração genética associada à trissomia do cromossomo 21, ou seja, o indivíduo possui 
três cromossomos 21 e não um par, como é normal. Isso ocorre pela união de um gameta contendo um cromossomo 
21 com um gameta possuidor de dois cromossomos 21. Embora, normalmente, as mulheres com a síndrome sejam 
estéreis, em 2008, no interior de São Paulo, uma delas deu à luz uma menina sem a síndrome de Down.
Sabendo disso, um jovem casal, ambos com essa síndrome, procura um médico especialista para aconselhamento 
genético porque querem ter um bebê.
O médico informa ao casal que, com relação ao cromossomo 21, os zigotos formados serão","A: todos normais.; B: todos tetrassômicos.; C: apenas normais ou tetrassômicos.; D: apenas trissômicos ou tetrassômicos.; E: normais, trissômicos ou tetrassômicos.",1.4199,E,2023
100,"Para que uma molécula dê origem a um medicamento de administração oral, além de apresentar atividade 
farmacológica, deve ser capaz de atingir o local de ação. Para tanto, essa molécula não deve se degradar no estômago 
(onde o meio é fortemente ácido e há várias enzimas que reagem mediante catálise ácida), deve ser capaz de atravessar 
as membranas celulares e ser solúvel no plasma sanguíneo (sistema aquoso). Para os fármacos cujas estruturas 
são formadas por cadeias carbônicas longas contendo pelo menos um grupamento amino, um recurso tecnológico 
empregado é sua conversão no cloridrato correspondente. Essa conversão é representada, de forma genérica, pela 
equação química:
Descrição da equação química: O reagente R3N mais HCl formam o produto R3NH de carga positiva e Cl de 
carga negativa.
R3N + HCl 
 (R3NH)+Cl–
O aumento da eficiência de circulação do fármaco no sangue, promovido por essa conversão, deve-se ao incremento 
de seu(sua)",A: basicidade.; B: lipofilicidade.; C: caráter iônico.; D: cadeia carbônica.; E: estado de oxidação.,1.21005,C,2023
101,"Toxicidade do cianeto
Biologia molecular da célula
A produção de ATP depende do gradiente de prótons gerado pela cadeia respiratória. Nessas reações, conforme o 
esquema, os elétrons provenientes da oxidação do NADH em NAD de carga positiva percorrem a cadeia até chegarem 
à citocromo c oxidase reduzindo o Fe de carga 3 positiva a Fe de carga 2 positiva. O oxigênio atua como aceptor 
final desses elétrons formando água. O cianeto é uma espécie química altamente tóxica que tem grande afinidade 
pelo Fe de carga 3 positiva. Quando células são expostas ao cianeto, ele se liga ao sítio de Fe de carga 3 positiva 
da citocromo c oxidase, impedindo a sua conversão em Fe de carga 2 positiva e bloqueando a cadeia respiratória.
Descrição do esquema: Seis reações acopladas da cadeia respiratória, na seguinte sequência:
Primeira reação: Substrato proveniente do nutriente gera CO2, enquanto NAD de carga positiva gera NADH.
Segunda reação: NADH gera NAD de carga positiva, enquanto o transportador 1 passa da forma oxidada para 
a forma reduzida;
Terceira reação: O transportador 1 passa da forma reduzida para a oxidada, enquanto o transportador 2 passa 
da oxidada para a reduzida;
Quarta reação: O transportador 2 passa da forma reduzida para a oxidada, enquanto o transportador 3 passa da 
oxidada para a reduzida;
Quinta reação: O transportador 3 passa da forma reduzida para a oxidada, enquanto o Fe de carga 3 positiva da 
citocromo c oxidase é convertido a Fe de carga 2 positiva.
Sexta reação: Finalmente, acoplado à conversão de Fe de carga 2 positiva em Fe de carga 3 positiva, ocorre a 
produção de H2O a partir de O2. 
Esse bloqueio aumenta a concentração celular de",A: ATP.; B: água.; C: NADH.; D: dióxido de carbono.; E: citocromo c oxidase.,2.24438,C,2023
102,"Os cientistas conseguem determinar a idade de um fóssil com menos de 40 000 anos de idade utilizando 
o método do carbono-14 ou carbono radioativo. Isso é feito a partir da relação existente entre a quantidade de 
carbono-14 restante no fóssil e a quantidade de carbono-14 em uma espécie semelhante atual. Apesar de 
sofrer decaimento radioativo, a quantidade de carbono-14 na atmosfera, em particular em moléculas de CO2, é 
praticamente constante, devido à incidência dos raios cósmicos que atingem a Terra a todo instante. Assim, 
por fazerem parte do ciclo do carbono, animais e vegetais mantêm uma quantidade praticamente constante de 
carbono-14 em sua constituição enquanto estão vivos. Porém, quando morrem, cessa a entrada de carbono 
no organismo e esse número vai diminuindo à medida que o carbono-14 vai decaindo radioativamente. 
A meia-vida do carbono-14, isto é, o tempo necessário para que metade dos átomos radioativos de uma amostra 
decaia, é constante e de aproximadamente 5 730 anos.
Para descobrir a idade de um fóssil que não poderia ter mais de 40 000 anos, é relevante determinar",A: a meia-vida do carbono-14.; B: se o fóssil é animal ou vegetal.; C: se o fóssil tem mais de 5 730 anos.; D: a quantidade de carbono-14 presente no fóssil.; E: a relação entre as quantidades de carbono-14 em uma parte do fóssil e no fóssil todo.,0.01054,D,2023
103,"Uma concessionária é responsável por um trecho 
de 480 quilômetros de uma rodovia. Nesse trecho foram 
construídas 10 praças de pedágio, onde funcionários 
recebem os pagamentos nas cabines de cobrança.  
Também existe o serviço automático, em que os veículos 
providos de um dispositivo passam por uma cancela, que 
se abre automaticamente, evitando filas e diminuindo o 
tempo de viagem. Segundo a concessionária, o tempo 
médio para efetuar a passagem em uma cabine é de 
3 minutos, e as velocidades máximas permitidas na 
rodovia são 100 quilômetros por hora, para veículos 
leves, e 80 quilômetros por hora, para veículos de 
grande porte.
Considere um carro e um caminhão viajando, ambos 
com velocidades constantes e iguais às máximas 
permitidas, e que somente o caminhão tenha o serviço 
automático de cobrança.
Comparado ao caminhão, quantos minutos a menos o 
carro leva para percorrer toda a rodovia?",A: trinta; B: quarenta e dois; C: setenta e dois; D: duzentos e oitenta e oito; E: trezentos e sessenta,1.00185,B,2023
104,"Ancient Soil Chemists of the Amazon
Os solos amazônicos, ricos em silicato, não são 
apropriados para o cultivo por serem incapazes de reter 
nutrientes. Contudo, descobertas arqueológicas têm 
demonstrado que os antigos habitantes da Amazônia 
dominavam a técnica de preparo de um insumo agrícola 
natural, denominado terra preta. Esse insumo era 
constituído principalmente de uma espécie de biocarvão 
(biochar) obtido da queima de matéria orgânica, como 
troncos de árvores, pedaços de ossos e esterco, capaz 
de manter um solo fértil por anos.
Admite-se que o efeito do biocarvão na fertilização 
do solo estava, em parte, relacionado à presença de 
grupos orgânicos do tipo carboxilato em sua superfície, 
carregados negativamente (ligação simples COO de carga 
negativa). Esses grupos atraem íons positivos necessários 
como nutrientes, tais quais os provenientes do potássio, 
do cálcio e do magnésio, além de micronutrientes, 
como zinco e ferro. Essa ligação no solo fertilizado é 
predominantemente iônica, conforme ilustra a figura, em 
que M de carga n positiva representa os cátions metálicos. 
De acordo com a escala de Pauling, a eletronegatividade 
do elemento oxigênio é igual a 3,44.
Descrição da figura: No solo com biocarvão, ao 
grupo orgânico do tipo carboxilato é adicionado M de 
carga n positiva, formando no solo fertilizado o grupo 
orgânico  com ligação simples COO de carga negativa 
que interage com M de carga n positiva.
O quadro apresenta os valores de eletronegatividade 
desses cinco elementos metálicos.
Descrição do quadro: O quadro apresenta as 
eletronegatividades de cinco elementos metálicos:
Potássio: 0,82
Cálcio: 1,00
Magnésio: 1,31
Zinco: 1,65
Ferro: 1,83
O cátion que resultará em uma interação de maior caráter 
iônico com o ânion carboxilato será aquele proveniente 
do elemento",A: potássio.; B: cálcio.; C: magnésio.; D: zinco.; E: ferro.,1.21479,A,2023
105,"Em uma indústria alimentícia, para produção de 
doce de leite, utiliza-se um tacho de parede oca com 
uma entrada para vapor de água a 120 graus Celsius  e 
uma saída para água líquida em equilíbrio com o vapor a  
100 graus Celsius. Ao passar pela parte oca do tacho, 
o vapor de água transforma-se em líquido, liberando 
energia. A parede transfere essa energia para o interior do 
tacho, resultando na evaporação de água e consequente 
concentração do produto.
No processo de concentração do produto, é utilizada 
energia proveniente","A: somente do calor latente de vaporização.; B: somente do calor latente de condensação.; C: do calor sensível e do calor latente de vaporização.; D: do calor sensível e do calor latente de condensação.; E: do calor latente de condensação e do calor latente de 
vaporização.",1.98863,D,2023
106,"A gasolina é uma mistura de hidrocarbonetos 
de cadeias saturadas contendo de 8 a 12 átomos de 
carbono. Além disso, a gasolina de alto desempenho deve 
conter elevados teores de hidrocarbonetos de cadeias 
ramificadas, de forma a resistir à compressão e entrar em 
ignição apenas quando a vela aciona uma centelha elétrica 
no motor. No quadro, estão apresentados compostos que 
podem ser utilizados como combustíveis.
Descrição do quadro: Quadro com compostos 
numerados de 1 a 5 e suas respectivas nomenclaturas.
Composto 1: n-decano.
Composto 2: n-heptano.
Composto 3: 2,2,4-trimetilpentano.
Composto 4: 3-etil-4-metilex-1-eno.
Composto 5: 3-etil-2-metilpentan-1-ol.
Entre esses compostos, aquele que conferirá maior 
desempenho como combustível é o",A: um; B: dois; C: três; D: quatro; E: cinco,1.46881,C,2023
107,"Cartilha de limpeza urbana
De acordo com a Constituição Federal, é competência 
dos municípios o gerenciamento dos serviços de limpeza e 
coleta dos resíduos urbanos (lixo). No entanto, há relatos 
de que parte desse lixo acaba sendo incinerado, liberando 
substâncias tóxicas para o ambiente e causando acidentes 
por explosões, principalmente quando ocorre a incineração 
de frascos de aerossóis (por exemplo: desodorantes, 
inseticidas e repelentes). A temperatura elevada provoca 
a vaporização de todo o conteúdo dentro desse tipo de 
frasco, aumentando a pressão em seu interior até culminar 
na explosão da embalagem.
Suponha um frasco metálico de um aerossol de 
capacidade igual a 100 mililitros, contendo 0,1 mol de 
produtos gasosos à temperatura de 650 graus Celsius, 
no momento da explosão.
Considere: R é igual a 0,082 fração com numerador 
litro vezes atmosfera e denominador mol vezes Kelvin.
A pressão, em atmosfera, dentro do frasco, no momento 
da explosão, é mais próxima de",A: setecentos e cinquenta e seis; B: quinhentos e trinta e três; C: setenta e seis; D: cinquenta e três; E: treze,1.59379,C,2023
108,"O circuito com três lâmpadas incandescentes idênticas, 
representado na figura, consiste em uma associação mista 
de resistores. Cada lâmpada (L1, L2 e L3) é associada,  
em paralelo, a um resistor de resistência R, formando um 
conjunto. Esses conjuntos são associados em série, tendo 
todas as lâmpadas o mesmo brilho quando ligadas à fonte 
de energia. Após vários dias em uso, apenas a lâmpada 
L2 queima, enquanto as demais permanecem acesas.
Descrição da figura: Uma fonte de energia ligada 
a três conjuntos, dispostos em série no sentido 
horário, na seguinte sequência: o conjunto em paralelo 
de L1 e R, o conjunto em paralelo de L2 e R, e o 
conjunto em paralelo de L3 e R.
Em relação à situação em que todas as lâmpadas 
funcionam, após a queima de L2, os brilhos das 
lâmpadas serão",A: os mesmos.; B: mais intensos.; C: menos intensos.; D: menos intenso para L1 e o mesmo para L3.; E: mais intenso para L1 e menos intenso para L3.,2.33396,C,2023
109,"Uma equipe de segurança do transporte de uma 
empresa avalia o comportamento das tensões que 
aparecem em duas cordas horizontais, 1 e 2, usadas para 
prender uma carga de massa M igual a 200 quilogramas 
na carroceria, conforme a ilustração. Quando o caminhão 
parte do repouso, sua aceleração é constante e igual a 
3 metros por segundo ao quadrado e, quando ele é 
freado bruscamente, sua frenagem é constante e igual a  
5 metros por segundo ao quadrado. Em ambas as situações, 
a carga encontra-se na iminência de movimento, e o 
sentido do movimento do caminhão está indicado na figura. 
O coeficiente de atrito estático entre a caixa e o assoalho da 
carroceria é igual a 0,2. Considere a aceleração da gravidade 
igual a 10 metros por segundo ao quadrado, as tensões 
iniciais nas cordas iguais a zero e as duas cordas ideais.
Descrição da figura: Um caminhão com velocidade 
na horizontal para a direita (representada pelo vetor V). 
Na superfície central da sua carroceria encontra-se 
apoiada uma caixa M. A caixa está presa à parte 
traseira da carroceria pela corda horizontal 1 e, à parte 
dianteira, pela corda horizontal 2.
Nas situações de aceleração e frenagem do caminhão, 
as tensões nas cordas 1 e 2, em newton, serão","A: aceleração: T1 é igual a zero e T2 é igual a duzentos; frenagem:
T1 é igual a seiscentos e T2 é igual a zero.; B: aceleração: T1 é igual a zero e T2 é igual a duzentos; frenagem:
T1 é igual a mil e quatrocentos e T2 é igual a zero.; C: aceleração: T1 é igual a zero e T2 é igual a seiscentos; frenagem:
T1 é igual a seiscentos e T2 é igual a zero.; D: aceleração: T1 é igual a quinhentos e sessenta e T2 é igual a zero; frenagem:
T1 é igual a zero e T2 é igual a novecentos e sessenta.; E: aceleração: T1 é igual a seiscentos e quarenta e T2 é igual a zero; frenagem:
T1 é igual a zero e T2 é igual a mil e quarenta.",1.55817,A,2023
110,"A biorremediação designa tratamentos que usam 
organismos para reduzir a quantidade de substâncias tóxicas 
no ambiente ou degradá-las em substâncias não tóxicas ou 
de menor toxicidade. Uma planta aquática, o aguapé, tem sido 
utilizada para a biorremediação de ambientes contaminados 
por metais tóxicos. Sabe-se que esses poluentes serão 
captados para dentro do corpo do vegetal.
Dentro do corpo do vegetal, esses contaminantes serão",A: digeridos por enzimas.; B: acumulados nos tecidos.; C: eliminados pelos estômatos.; D: metabolizados por glândulas.; E: utilizados como fonte energética.,1.77344,B,2023
111,"O ciclo do nitrogênio é composto por várias etapas, 
conforme a figura, sendo cada uma desempenhada por 
um grupo específico de microrganismos.
Descrição da figura: Gás nitrogênio é convertido em 
amônia por microrganismos do grupo 1. Detritos são 
convertidos em amônia por microrganismos do grupo 
2. Amônia é convertida em nitrito por microrganismos 
do grupo 3. Nitrito é convertido em nitrato por 
microrganismos do grupo 4. Nitrato é convertido em 
gás nitrogênio por microrganismos do grupo 5.
Se o grupo dos microrganismos decompositores fosse 
exterminado, qual etapa não ocorreria?",A: um; B: dois; C: três; D: quatro; E: cinco,1.81691,B,2023
112,"O tripulante de aeronaves e a radiação ionizante
Os raios cósmicos são fontes de radiação ionizante 
potencialmente perigosas para o organismo humano. 
Para quantificar a dose de radiação recebida, utiliza-se o 
sievert, definido como a unidade de energia recebida por 
unidade de massa. A exposição à radiação proveniente 
de raios cósmicos aumenta com a altitude, o que 
pode representar um problema para as tripulações de 
aeronaves. Recentemente, foram realizadas medições 
acuradas das doses de radiação ionizante para voos 
entre Rio de Janeiro e Roma. Os resultados têm indicado 
que a dose média de radiação recebida na fase de 
cruzeiro (que geralmente representa 80 por cento do 
tempo total de voo) desse trecho intercontinental é  
2 microsieverts por hora. As normas internacionais da 
aviação civil limitam em 1 000 horas por ano o tempo 
de trabalho para as tripulações que atuem em voos 
intercontinentais. Considere que a dose de radiação 
ionizante para uma radiografia torácica é estimada em 
0,2 milisievert.
A quantas radiografias torácicas corresponde a dose de 
radiação ionizante à qual um tripulante que atue no trecho 
Rio de Janeiro–Roma é exposto ao longo de um ano?",A: oito; B: dez; C: oitenta; D: cem; E: mil,1.9822,A,2023
113,"Estima-se que entre 1 por cento e 5 por cento da energia solar que atinge a atmosfera terrestre é assimilada pelos 
vegetais. Por meio da fotossíntese, os vegetais sintetizam compostos de alto teor energético, como a glicose (C6H12O6) 
e o ATP (adenosina trifosfato), a partir de dióxido de carbono (CO2) e água (H2O), que têm baixo teor energético. 
Simplificadamente, a equação não balanceada da reação de fotossíntese pode ser descrita como:
Descrição da equação: Equação química não balanceada em que CO2 reage com H2O, na presença de energia 
radiante, formando os produtos C6H12O6 e O2.
Uma vez que a fotossíntese interfere na composição atmosférica, seu entendimento é essencial para se compreender 
o ciclo dos gases na atmosfera e como eles afetam o clima global do planeta.
O processo ilustrado","A: é fundamental para a redução da biomassa nos vegetais.; B: ocorre nos vegetais, mas também em outros organismos, tais como fungos e cianobactérias.; C: produz o ATP usado pelas células animais.; D: contribui para a retirada de CO2 atmosférico, amenizando os efeitos do lançamento de gases estufa.; E: mostra como a maioria da energia solar que incide sobre a Terra é utilizada pelos seres vivos na produção 
de açúcares.",0.2239,D,2023
114,"Na tirinha de Mauricio de Sousa, os personagens Cebolinha e Cascão fazem uma brincadeira utilizando duas latas 
e um barbante. Ao perceberem que o som pode ser transmitido através do barbante, resolvem alterar o comprimento 
do barbante para ficar cada vez mais extenso. As demais condições permaneceram inalteradas durante a brincadeira.
Descrição da tirinha: Cebolinha e Cascão brincam, a uma certa distância um do outro, com duas latas conectadas 
por um barbante esticado. Cebolinha segura uma lata de conservas, e Cascão, uma lata de lixo. Eles utilizam 
esse dispositivo para ouvir a voz um do outro.
Na prática, à medida que se aumenta o comprimento do barbante, ocorre a redução de qual característica da onda sonora?",A: Altura.; B: Período.; C: Amplitude.; D: Velocidade.; E: Comprimento de onda.,2.06704,C,2023
115,"Informações digitais — dados — são gravadas em 
discos ópticos, como CD e DVD, na forma de cavidades 
microscópicas. A gravação e a leitura óptica dessas 
informações são realizadas por um laser (fonte de luz 
monocromática). Quanto menores as dimensões dessas 
cavidades, mais dados são armazenados na mesma área 
do disco. O fator limitante para a leitura de dados é o 
espalhamento da luz pelo efeito de difração, fenômeno 
que ocorre quando a luz atravessa um obstáculo com 
dimensões da ordem de seu comprimento de onda. 
Essa limitação motivou o desenvolvimento de lasers 
com emissão em menores comprimentos de onda, 
possibilitando armazenar e ler dados em cavidades cada 
vez menores.
Em qual região espectral se situa o comprimento de onda 
do laser que otimiza o armazenamento e a leitura de 
dados em discos de uma mesma área?",A: Violeta.; B: Azul.; C: Verde.; D: Vermelho.; E: Infravermelho.,2.02004,A,2023
116,"O bluetooth é uma tecnologia de comunicação sem 
fio, de curto alcance, presente em diferentes dispositivos 
eletrônicos de consumo. Ela permite que aparelhos 
eletrônicos diferentes se conectem e troquem dados entre 
si. No padrão bluetooth, denominado de Classe 2, as 
antenas transmitem sinais de potência igual a 2,4 miliwatts 
e possibilitam conectar dois dispositivos distanciados até  
10 metros. Considere que essas antenas se comportam como 
fontes puntiformes que emitem ondas eletromagnéticas 
esféricas e que a intensidade do sinal é calculada pela 
potência por unidade de área. Considere 3 como valor 
aproximado para pi.
Para que o sinal de bluetooth seja detectado pelas 
antenas, o valor mínimo de sua intensidade, em  
watt por metro quadrado, é mais próximo de",A: dois vírgula zero vezes dez elevado a menos seis; B: dois vírgula zero vezes dez elevado a menos cinco; C: dois vírgula quatro vezes dez elevado a menos cinco; D: dois vírgula quatro vezes dez elevado a menos três; E: dois vírgula quatro vezes dez elevado a menos um,2.35839,A,2023
117,"A tecnologia de vacinas de RNA mensageiro (RNAm) 
é investigada há anos. Avanços científicos em genética 
molecular permitiram desenvolver uma vacina para 
controle da pandemia da covid-19 causada pelo vírus de 
RNA SARS-CoV-2. A vacina de RNAm tem sequências 
de genes do vírus. Entretanto, por ser muito instável,  
o RNAm deve ser recoberto por uma capa de lipídios que 
evita sua degradação e favorece sua ação. Dessa forma, 
o RNAm desempenhará sua função específica atuando 
no mesmo compartimento celular de sempre.
A imunização produzida por esse tipo de vacina é 
alcançada por meio da","A: estimulação de leucócitos induzida pela capa lipídica 
contendo RNAm.; B: atuação do RNAm como sequestrador do vírus para 
o meio extracelular.; C: tradução do RNAm em proteína viral, desencadeando 
a resposta antigênica.; D: competição entre o RNAm vacinal e o RNA viral pelos 
sítios dos ribossomos.; E: incorporação do RNAm viral ao genoma do hospedeiro, 
gerando novo fenótipo.",0.69491,C,2023
118,"Na fertilização in vitro, espermatozoides são 
adicionados aos gametas femininos retirados de uma 
mulher. Após o período de incubação, a fecundação é 
favorecida pela ação de enzimas. Em um procedimento 
realizado, observou-se que nenhum dos gametas 
femininos foi fertilizado e, posteriormente, verificou-se que 
havia sido adicionado, equivocadamente, um coquetel de 
inibidores das enzimas do acrossomo, no lugar de um dos 
nutrientes constituintes do meio de cultura.
O coquetel de inibidores impediu o(a)","A: formação do pronúcleo masculino.; B: início da divisão mitótica do zigoto.; C: término da segunda divisão meiótica do ovócito.; D: passagem do espermatozoide pela corona radiata e 
zona pelúcida.; E: fusão das membranas plasmáticas do ovócito e do 
espermatozoide.",1.82071,D,2023
119,"O fogão por indução funciona a partir do surgimento 
de uma corrente elétrica induzida no fundo da panela, com 
consequente transformação de energia elétrica em calor 
por efeito Joule. A principal vantagem desses fogões é a 
eficiência energética, que é substancialmente maior que 
a dos fogões convencionais.
A corrente elétrica mencionada é induzida por",A: radiação.; B: condução.; C: campo elétrico variável.; D: campo magnético variável.; E: ressonância eletromagnética.,1.77929,D,2023
120,"Uma academia decide trocar gradualmente seus 
aparelhos de musculação. Agora, os frequentadores 
que utilizam os aparelhos do tipo 1 podem também 
utilizar os aparelhos do tipo 2, representados na figura, 
para elevar cargas correspondentes às massas M1 (no 
aparelho tipo 1) e M2 (no aparelho tipo 2), com velocidade 
constante. A fim de que o exercício seja realizado com a 
mesma força F vetorial, os usuários devem ser orientados 
a respeito da relação entre as cargas nos dois tipos de 
aparelhos, já que as polias fixas apenas mudam a direção 
das forças, enquanto a polia móvel divide as forças. 
Em ambos os aparelhos, considere as cordas 
inextensíveis, as massas das polias e das cordas 
desprezíveis e que não há dissipação de energia.
Descrição das figuras: Duas figuras ilustram os 
aparelhos do tipo 1 e do tipo 2.
Aparelho do tipo 1: um corpo de massa M1 está 
suspenso por uma extremidade de um cabo de aço 
vertical que passa por uma polia fixa no teto do 
aparelho. O cabo segue horizontalmente para outra 
polia fixa na lateral externa do aparelho. A partir dali, 
o cabo desce verticalmente passando por uma polia 
fixa à base do aparelho, e sobe verticalmente puxado 
por uma força F para cima.
Aparelho do tipo 2: um cabo de aço preso ao teto 
do aparelho desce e contorna uma polia móvel que 
está presa a um corpo de massa M2. O cabo segue 
verticalmente para cima e passa por uma polia fixa no 
teto do aparelho. O cabo segue horizontalmente para 
outra polia fixa na lateral externa do aparelho. A partir 
dali, o cabo desce verticalmente passando por uma 
polia fixa à base do aparelho, e sobe verticalmente 
puxado por uma força F para cima.
Para essa academia, qual deve ser a razão 
M2 dividido por M1 informada aos usuários?",A: Um quarto; B: Um meio; C: um; D: dois; E: quatro,1.62185,D,2023
121,"Efficacy of Selective Serotonin-Reuptake 
Inhibitors in Premenstrual Syndrome
Muitas mulheres sofrem com desconfortos nos dias 
que antecedem a menstruação, a chamada tensão 
pré-menstrual. Entre outros sintomas, podem ocorrer 
alterações de humor. Atualmente, acredita-se que os 
sintomas são resultado da queda na concentração do 
neurotransmissor serotonina, que, por sua vez, está 
relacionado com a diminuição na produção dos hormônios 
ovarianos estrógeno e progesterona, observada nessa 
fase do ciclo feminino.
A redução da produção desses hormônios nessa fase 
está relacionada com o(a)",A: regressão do corpo lúteo ovariano.; B: diminuição na produção de ocitocina.; C: liberação do gameta feminino na ovulação.; D: aumento nos níveis dos hormônios LH e FSH.; E: elevação nos níveis sorológicos de adrenalina.,2.20856,A,2023
122,"As cetonas fazem parte de famílias olfativas encontradas 
em muitos alimentos. A molécula de hexan-3-ona é um 
exemplo desses compostos voláteis responsáveis pelo 
aroma, podendo ser obtida por processos energéticos 
realizados em meio ácido, na presença de oxidantes como 
o permanganato de potássio.
Para se produzir esse composto volátil em laboratório, 
deve-se oxidar a molécula de",A: hexanal.; B: hexan-1-ol.; C: hexan-3-ol.; D: hex-1-en-1-ol.; E: ácido hexanoico.,1.55583,C,2023
123,"Durante a evolução das plantas, ocorreu uma transição 
do ambiente aquático para o ambiente terrestre graças ao 
surgimento de algumas estruturas que as tornaram 
independentes da água. Esse fato permitiu maior dispersão 
desse grupo de seres vivos, sendo possível observá-los 
em diferentes ambientes na atualidade.
Qual estrutura possibilitou a independência da água para 
a fecundação dos seres vivos citados acima?",A: Fruto.; B: Esporo.; C: Semente.; D: Tubo polínico.; E: Vaso condutor.,1.97126,D,2023
124,"Atualização da recomendação da Sociedade 
Portuguesa de Neonatologia
O vidro contendo alumínio em sua composição é um 
excelente material para acondicionar medicamentos e 
suplementos, porque pode ser esterilizado por aquecimento. 
No entanto, quando o medicamento ou suplemento contém 
substâncias que se ligam fortemente ao íon desse metal, 
a dissolução do alumínio é promovida em função do 
deslocamento do equilíbrio químico estabelecido entre 
a espécie imobilizada no vidro e a espécie em solução. 
Por essa razão, recomenda-se que suplementos de 
nutrição de recém-nascidos contendo gluconato de cálcio 
sejam acondicionados em embalagens plásticas, e não 
nesse tipo de vidro.
Caso esse suplemento seja acondicionado em embalagem desse tipo de vidro, o risco de contaminação 
por alumínio será maior se o(a)","A: vidro do frasco for translúcido.; B: concentração de gluconato de cálcio for alta.; C: frasco de vidro apresentar uma maior espessura.; D: vidro for previamente esterilizado em altas 
temperaturas.; E: reação do alumínio com gluconato de cálcio for 
endotérmica.",1.5224,B,2023
125,"Barbatimão é o nome popular de uma árvore cuja 
casca é utilizada para fins medicinais. Essa casca é 
constituída principalmente de dois tecidos vegetais: 
periderme e floema. A extração da casca tem levado à 
morte muitos indivíduos dessa espécie, quando o corte 
retira um anel completo ao longo da circunferência do 
tronco. Aqueles que têm parte da casca retirada sem 
completar essa circunferência podem sobreviver.
A morte desses indivíduos, decorrente da retirada do anel 
completo da casca, é provocada pela interrupção da",A: fotossíntese.; B: transpiração.; C: troca de gases.; D: formação de brotos.; E: nutrição das raízes.,1.01182,E,2023
126,"Um garoto comprou vários abacates na feira, mas 
descobriu que eles não estavam maduros o suficiente 
para serem consumidos. Sua mãe recomendou que ele 
colocasse os abacates em um recipiente fechado, pois 
isso aceleraria seu amadurecimento. Com certa dúvida, o 
garoto realizou esta experiência: colocou alguns abacates 
no recipiente e deixou os demais em uma fruteira aberta. 
Surpreendendo-se, ele percebeu que os frutos que estavam 
no recipiente fechado amadureceram mais rapidamente.
A aceleração desse processo é causada por",A: acúmulo de gás etileno.; B: redução da umidade do ar.; C: aumento da concentração de gãs carbônico.; D: diminuição da intensidade luminosa.; E: isolamento do contato com oxigênio atmosférico.,1.27129,A,2023
127,"Há muito tempo são conhecidas espécies de 
lesmas-do-mar com uma capacidade ímpar: guardar parte 
da maquinaria das células das algas que consomem — os 
cloroplastos — e mantê-los funcionais dentro das suas 
próprias células, obtendo assim parte do seu alimento. 
Investigadores portugueses descobriram que essas 
lesmas-do-mar podem ser mais eficientes nesse processo 
do que as próprias algas que consomem.
Essa adaptação confere a esse organismo a capacidade 
de obter primariamente",A: ácidos nucleicos.; B: carboidratos.; C: proteínas.; D: vitaminas.; E: lipídios.,1.19295,B,2023
128,"A leishmaniose visceral é uma zoonose causada por 
um protozoário do gênero Leishmania que é encontrado em 
diversos tecidos. Ela é transmitida ao homem de forma 
indireta, por vetores do ambiente doméstico. O cão é 
considerado um importante hospedeiro desse protozoário, 
podendo ou não apresentar os sintomas da doença, como 
perda de peso, anemia, ferimentos na pele, diarreia, 
conjuntivite e insuficiência renal. Em uma região que 
sofre com alta incidência dessa doença, uma campanha 
do centro de zoonoses buscou verificar a presença desse 
protozoário nos cães para tentar controlar a doença.
Em qual material biológico dos cães a presença desse 
protozoário representa risco de transmissão dessa zoonose?",A: Urina.; B: Saliva.; C: Fezes.; D: Sangue.; E: Secreção ocular.,2.35841,D,2023
129,"Um professor lança uma esfera verticalmente para 
cima, a qual retorna, depois de alguns segundos, ao ponto 
de lançamento. Em seguida, lista em um quadro todas as 
possibilidades para as grandezas cinemáticas.
Descrição do quadro: O quadro apresenta as 
grandezas cinemáticas da esfera: velocidade v e 
aceleração a.
Quando o módulo de v é diferente de zero, o sentido 
é para cima ou para baixo. Quando o módulo de v é 
igual a zero, o sentido é indefinido.
Quando o módulo de a é diferente de zero, o sentido 
é para cima ou para baixo. Quando o módulo de a é 
igual a zero, o sentido é indefinido.
Ele solicita aos alunos que analisem as grandezas 
cinemáticas no instante em que a esfera atinge a altura 
máxima, escolhendo uma combinação para os módulos 
e sentidos da velocidade e da aceleração.
A escolha que corresponde à combinação correta é","A: v é igual a zero e a é diferente de zero para cima.; B: v é diferente de zero para cima e a é igual a zero.; C: v é igual a zero e a é diferente de zero para baixo.; D: v é diferente de zero para cima e a é diferente de zero 
para cima.; E: v é diferente de zero para baixo e a é diferente de zero 
para baixo.",1.04691,C,2023
130,"O número de abelhas encontra-se em declínio em 
várias regiões do mundo, inclusive no Brasil, sendo 
que vários fatores contribuem para o colapso de suas 
colmeias. Nos Estados Unidos, bombas de sementes 
de espécies vegetais nativas têm sido utilizadas para 
combater o desaparecimento desses insetos. Elas são 
pequenas bolinhas recheadas com sementes, adubo e 
argila. Quando são arremessadas e ficam expostas ao 
sol e à chuva, germinam até mesmo em solo pouco fértil.
Esse método contribui para a preservação das abelhas 
porque",A: reduz sua predação.; B: reduz o uso de pesticidas.; C: reduz a competição por abrigo.; D: aumenta a oferta de alimento.; E: aumenta os locais de reprodução.,0.14732,D,2023
131,"Os mais antigos cozinhavam o feijão na panela de ferro a 
fim de acabar com a palidez de seus filhos. Alguns chegavam 
até a colocar um prego enferrujado nesse cozimento para 
liberar o ferro contido nele. Sabe-se que esse elemento 
pode ser encontrado na sua forma metálica ou iônica, sendo 
essencial para a manutenção da vida humana.
As estratégias citadas eram utilizadas com o objetivo de",A: tratar a diarreia.; B: prevenir a anemia.; C: evitar as verminoses.; D: remediar o raquitismo.; E: combater a febre amarela.,-1.14947,B,2023
132,"A utilização de tecnologia nuclear é um tema bastante
controverso, por causa do risco de acidentes graves,
como aqueles ocorridos em Chernobyl (1986), em
Goiânia (1987) e em Fukushima (2011). Apesar de muitas
desvantagens, como a geração de resíduos tóxicos, a
descontaminação ambiental dispendiosa em caso de
acidentes e a utilização em armas nucleares, a geração
de energia nuclear apresenta vantagens em comparação
a outras fontes de energia.
A geração dessa energia tem como característica:",A: Formar resíduos facilmente recicláveis.; B: Promover o aumento do desmatamento.; C: Contribuir para a produção de chuva ácida.; D: Emitir gases tóxicos que são lançados no ambiente.; E: Produzir calor sem o consumo de combustíveis fósseis.,0.32923,E,2023
133,"Em uma indústria, o controle da dureza da água é
importante quando ela é utilizada em caldeiras, uma vez
que sais pouco solúveis, formados a partir de sulfatos e
carbonatos, podem acumular-se no interior das tubulações,
causando obstruções. Para avaliar a água utilizada nessa
indústria, foram realizados testes de qualidade que
consideraram os parâmetros apresentados no quadro.
Descrição do quadro: O quadro indica os parâmetros
medidos para testes de 1 a 5:
Teste 1: cálcio;
Teste 2: cloreto;
Teste 3: turbidez;
Teste 4: coliformes totais;
Teste 5: sólidos sedimentáveis
Qual teste deve ser considerado para controlar a
formação desse tipo de obstrução de tubulações?",A: um; B: dois; C: três; D: quatro; E: cinco,2.67412,A,2023
134,"As aves apresentam dois tipos de músculos em seus
corpos: vermelhos e brancos. Aves migratórias como
garças, gansos e patos selvagens têm os músculos
vermelhos bem desenvolvidos, com ampla rede de vasos
sanguíneos.
Nas viagens por grandes distâncias, tais músculos são
fundamentais, pois favorecem o(a)",A: execução de manobras.; B: metabolismo corpóreo elevado.; C: manutenção da aerodinâmica.; D: deslocamento a grandes velocidades.; E: capacidade de voo em grandes altitudes.,2.13278,B,2023
135,"Existe no comércio um produto antimofo constituído por
uma embalagem com tampa perfurada contendo cloreto de
cálcio anidro, CaCl2
. Uma vez aberto o lacre, essa substância
absorve a umidade ambiente, transformando-se em cloreto
de cálcio di-hidratado, fórmula CaCl2
 ponto 2H2O.
Considere a massa molar da água igual a
18 gramas por mol, e a massa molar do cloreto de cálcio
anidro igual a 111 gramas por mol.
Na hidratação da substância presente no antimofo, o
ganho percentual, em massa, é mais próximo de",A: quatorze  por cento.; B: dezesseis por cento.; C: vinte e quatro por cento.; D: trinta e dois por cento.; E: setenta e cinco por cento.,1.34607,D,2023
