numero_questao,enunciado,alternativas,nu_param_B,gabarito,ano,enunciado_limpo,alternativas_limpo
91,"Para realizar o desentupimento de tubulações de esgotos residenciais, é utilizada uma mistura sólida comercial que contém hidróxido de sódio (NaOH) e outra espécie química pulverizada. Quando é adicionada água a essa mistura, ocorre uma reação que libera gás hidrogênio e energia na forma de calor, aumentando a eficiência do processo de desentupimento. Considere os potenciais padrão de redução (E ) da água e de outras espécies em meio básico, expressos no quadro. Qual é a outra espécie que está presente na composição da mistura sólida comercial para aumentar sua eficiência?",A: Al; B: Co; C: Cu(OH)2; D: Fe(OH)2; E: Pb,1.13773,A,2019,adicionada aumentando aumentar básico calor comercial composição considere contém desentupimento eficiência energia esgotos espécie espécies expressos forma gás hidrogênio hidróxido libera meio mistura naoh ocorre outra outras padrão potenciais presente processo pulverizada quadro química realizar reação redução residenciais sódio sólida tubulações utilizada água,A: al; B: co; C: cu oh; D: fe oh; E: pb
92,"As redes de alta tensão para transmissão de energia elétrica geram campo magnético variável o suficiente para induzir corrente elétrica no arame das cercas. Tanto os animais quanto os funcionários das propriedades rurais ou das concessionárias de energia devem ter muito cuidado ao se aproximarem de uma cerca quando esta estiver próxima a uma rede de alta tensão, pois, se tocarem no arame da cerca, poderão sofrer choque elétrico. Para minimizar este tipo de problema, deve-se:",A: Fazer o aterramento dos arames da cerca.; B: Acrescentar fusível de segurança na cerca.; C: Realizar o aterramento da rede de alta tensão.; D: Instalar fusível de segurança na rede de alta tensão.; E: Utilizar fios encapados com isolante na rede de alta tensão.,1.45214,A,2019,alta animais aproximarem arame campo cerca cercas choque concessionárias corrente cuidado deve devem elétrica elétrico energia funcionários geram induzir magnético minimizar poderão pois problema propriedades próxima quanto rede redes rurais sofrer suficiente tanto tensão ter tipo tocarem transmissão variável,A: arames aterramento cerca fazer; B: acrescentar cerca fusível segurança; C: alta aterramento realizar rede tensão; D: alta fusível instalar rede segurança tensão; E: alta encapados fios isolante rede tensão utilizar
93,"A esquistossomose (barriga-dʼágua) caracteriza-se pela inflamação do fígado e do baço causada pelo verme Schistosoma mansoni (esquistossomo). O contágio ocorre depois que larvas do verme são liberadas na água pelo caramujo do gênero Biomphalaria, seu hospedeiro intermediário, e penetram na pele humana. Após o diagnóstico, o tratamento tradicional utiliza medicamentos por via oral para matar o parasita dentro do corpo. Uma nova estratégia terapêutica baseia-se na utilização de uma vacina, feita a partir de uma proteína extraída do verme, que induz o organismo humano a produzir anticorpos para combater e prevenir a doença. Uma vantagem da vacina em relação ao tratamento tradicional é que ela poderá",A: impedir a penetração do parasita pela pele.; B: eliminar o caramujo para que não haja contágio.; C: impedir o acesso do esquistossomo especificamente para o fígado.; D: eliminar o esquistossomo antes que ocorra contato com o organismo.; E: eliminar o esquistossomo dentro do organismo antes da manifestação de sintomas.,0.58402,E,2019,anticorpos após barriga baseia baço biomphalaria caracteriza caramujo causada combater contágio corpo dentro diagnóstico doença esquistossomo esquistossomose estratégia extraída feita fígado gênero hospedeiro humana humano induz inflamação intermediário larvas liberadas mansoni matar medicamentos nova ocorre oral organismo parasita partir pele penetram poderá prevenir produzir proteína relação schistosoma terapêutica tradicional tratamento utiliza utilização vacina vantagem verme via água,A: impedir parasita pele penetração; B: caramujo contágio eliminar; C: acesso especificamente esquistossomo fígado impedir; D: antes contato eliminar esquistossomo ocorra organismo; E: antes dentro eliminar esquistossomo manifestação organismo sintomas
94,"Em 1962, um jingle (vinheta musical) criado por Heitor Carillo fez tanto sucesso que extrapolou as fronteiras do rádio e chegou à televisão ilustrado por um desenho animado. Nele, uma pessoa respondia ao fantasma que batia em sua porta, personificando o “frio”, que não o deixaria entrar, pois não abriria a porta e compraria lãs e cobertores para aquecer sua casa. Apesar de memorável, tal comercial televisivo continha incorreções a respeito de conceitos físicos relativos à calorimetria. Para solucionar essas incorreções, deve-se associar à porta e aos cobertores, respectivamente, as funções de:",A: Aquecer a casa e os corpos.; B: Evitar a entrada do frio na casa e nos corpos.; C: Minimizar a perda de calor pela casa e pelos corpos.; D: Diminuir a entrada do frio na casa e aquecer os corpos.; E: Aquecer a casa e reduzir a perda de calor pelos corpos.,0.41535,C,2019,abriria animado apesar aquecer associar batia calorimetria carillo casa chegou cobertores comercial compraria conceitos continha criado deixaria desenho deve entrar extrapolou fantasma fez frio fronteiras funções físicos heitor ilustrado incorreções jingle lãs memorável musical nele personificando pessoa pois porta relativos respectivamente respeito respondia rádio solucionar sucesso tal tanto televisivo televisão vinheta,A: aquecer casa corpos; B: casa corpos entrada evitar frio; C: calor casa corpos minimizar perda; D: aquecer casa corpos diminuir entrada frio; E: aquecer calor casa corpos perda reduzir
95,"Glicólise é um processo que ocorre nas células, convertendo glicose em piruvato. Durante a prática de exercícios físicos que demandam grande quantidade de esforço, a glicose é completamente oxidada na presença de O2. Entretanto, em alguns casos, as células musculares podem sofrer um déficit de O2 e a glicose ser convertida em duas moléculas de ácido lático. As equações termoquímicas para a combustão da glicose e do ácido lático são, respectivamente, mostradas a seguir. O processo anaeróbico é menos vantajoso energeticamente porque",A: libera 112 kJ por mol de glicose.; B: libera 467 kJ por mol de glicose.; C: libera 2 688 kJ por mol de glicose.; D: absorve 1 344 kJ por mol de glicose.; E: absorve 2 800 kJ por mol de glicose.,2.21432,A,2019,alguns anaeróbico casos combustão completamente convertendo convertida células demandam duas durante déficit energeticamente entretanto equações esforço exercícios físicos glicose glicólise grande lático menos moléculas mostradas musculares ocorre oxidada piruvato podem porque presença processo prática quantidade respectivamente seguir sofrer termoquímicas vantajoso ácido,A: glicose kj libera mol; B: glicose kj libera mol; C: glicose kj libera mol; D: absorve glicose kj mol; E: absorve glicose kj mol
96,No quadro estão apresentadas informações sobre duas estratégias de sobrevivência que podem ser adotadas por algumas espécies de seres vivos. Na recuperação de uma área desmatada deveriam ser reintroduzidas primeiramente as espécies que adotam qual estratégia?,"A: Estratégia 1, pois essas espécies produzem descendentes pequenos, o que diminui a competição com outras espécies.; B: Estratégia 2, pois essas espécies têm uma longa duração da vida, o que favorece a produção de muitos descendentes.; C: Estratégia 1, pois essas espécies apresentam um elevado potencial biótico, o que facilita a rápida recolonização da área desmatada.; D: Estratégia 2, pois essas espécies estão adaptadas a hábitats mais estáveis, o que corresponde ao ambiente de uma área desmatada.; E: Estratégia 2, pois essas espécies apresentam um tamanho populacional constante, o que propicia uma recolonização mais estável da área desmatada.",0.25498,C,2019,adotadas adotam algumas apresentadas desmatada deveriam duas espécies estratégia estratégias informações podem primeiramente quadro recuperação reintroduzidas seres sobre sobrevivência vivos área,A: competição descendentes diminui espécies estratégia outras pequenos pois produzem; B: descendentes duração espécies estratégia favorece longa muitos pois produção têm vida; C: apresentam biótico desmatada elevado espécies estratégia facilita pois potencial recolonização rápida área; D: adaptadas ambiente corresponde desmatada espécies estratégia estáveis hábitats pois área; E: apresentam constante desmatada espécies estratégia estável pois populacional propicia recolonização tamanho área
97,"As cutias, pequenos roedores das zonas tropicais, transportam pela boca as sementes que caem das árvores, mas, em vez de comê-las, enterram-nas em outro lugar. Esse procedimento lhes permite salvar a maioria de suas sementes enterradas para as épocas mais secas, quando não há frutos maduros disponíveis. Cientistas descobriram que as cutias roubam as sementes enterradas por outras, e esse comportamento de “ladroagem” faz com que uma mesma semente possa ser enterrada dezenas de vezes. Essa “ladroagem” está associada à relação de",A: sinfilia.; B: predatismo.; C: parasitismo.; D: competição.; E: comensalismo.,0.48421,D,2019,associada boca caem cientistas comportamento comê cutias descobriram dezenas disponíveis enterrada enterradas enterram faz frutos ladroagem las lugar maduros maioria mesma outras outro pequenos permite possa procedimento relação roedores roubam salvar secas semente sementes transportam tropicais vez vezes zonas árvores épocas,A: sinfilia; B: predatismo; C: parasitismo; D: competição; E: comensalismo
98,"Os olhos humanos normalmente têm três tipos de cones responsáveis pela percepção das cores: um tipo para tons vermelhos, um para tons azuis e outro para tons verdes. As diversas cores que enxergamos são o resultado da percepção das cores básicas, como indica a figura. A protanopia é um tipo de daltonismo em que há diminuição ou ausência de receptores da cor vermelha. Considere um teste com dois voluntários: uma pessoa com visão normal e outra com caso severo de protanopia. Nesse teste, eles devem escrever a cor dos cartões que lhes são mostrados. São utilizadas as cores indicadas na figura. Para qual cartão os dois voluntários identificarão a mesma cor?",A: Vermelho.; B: Magenta.; C: Amarelo.; D: Branco.; E: Azul.,0.29664,E,2019,ausência azuis básicas cartão cartões caso cones considere cor cores daltonismo devem diminuição diversas dois enxergamos escrever figura humanos identificarão indica indicadas mesma mostrados nesse normal normalmente olhos outra outro percepção pessoa protanopia receptores responsáveis resultado severo teste tipo tipos tons três têm utilizadas verdes vermelha vermelhos visão voluntários,A: vermelho; B: magenta; C: amarelo; D: branco; E: azul
99,"A cada safra, a quantidade de café beneficiado é igual à quantidade de resíduos gerados pelo seu beneficiamento. O resíduo pode ser utilizado como fertilizante, pois contém cerca de 6,5% de pectina (um polissacarídeo), aproximadamente 25% de açúcares fermentáveis (frutose, sacarose e galactose), bem como resíduos de alcaloides (compostos aminados) que não foram extraídos no processo. Esse resíduo contribui para a fertilidade do solo, pois","A: possibilita a reciclagem de carbono e nitrogênio.; B: promove o deslocamento do alumínio, que é tóxico.; C: melhora a compactação do solo por causa da presença de pectina.; D: eleva o pH do solo em função da degradação dos componentes do resíduo.; E: apresenta efeitos inibidores de crescimento para a maioria das espécies vegetais pela cafeína.",0.80483,A,2019,alcaloides aminados aproximadamente açúcares bem beneficiado beneficiamento cada café cerca compostos contribui contém extraídos fermentáveis fertilidade fertilizante frutose galactose gerados igual pectina pode pois polissacarídeo processo quantidade resíduo resíduos sacarose safra solo utilizado,A: carbono nitrogênio possibilita reciclagem; B: alumínio deslocamento promove tóxico; C: causa compactação melhora pectina presença solo; D: componentes degradação eleva função ph resíduo solo; E: apresenta cafeína crescimento efeitos espécies inibidores maioria vegetais
100,"Um alimento orgânico deve apresentar em sua embalagem o selo de uma instituição certificadora, garantindo ao consumidor que, além de ser um alimento isento de agrotóxicos, também é produzido com técnicas planejadas e controladas. A técnica de produção desses alimentos causa menor impacto aos recursos naturais, contribuindo para melhorar a qualidade de vida das pessoas. Nesse sistema de produção de alimentos vegetais, o controle de insetos é manejado por meio do(a)",A: prática de adubação verde.; B: emprego da compostagem.; C: controle da irrigação do solo.; D: utilização de predadores naturais.; E: uso de sementes inoculadas com Rhizobium.,0.62256,D,2019,agrotóxicos alimento alimentos além apresentar causa certificadora consumidor contribuindo controladas controle desses deve embalagem garantindo impacto insetos instituição isento manejado meio melhorar menor naturais nesse orgânico pessoas planejadas produzido produção qualidade recursos selo sistema técnica técnicas vegetais vida,A: adubação prática verde; B: compostagem emprego; C: controle irrigação solo; D: naturais predadores utilização; E: inoculadas rhizobium sementes uso
101,"A eritropoetina (EPO) é um hormônio endógeno secretado pelos rins que influencia a maturação dos eritrócitos. Suas formas recombinantes, sintetizadas em laboratório, têm sido usadas por alguns atletas em esportes de resistência na busca por melhores resultados. No entanto, a administração da EPO recombinante no esporte foi proibida pelo Comitê Olímpico Internacional e seu uso considerado doping. Uma influência que esse doping poderá exercer na melhoria da capacidade física desses atletas está relacionada ao transporte de","A: lipídios, para aumento do gasto calórico.; B: ATP, para aumento da síntese hormonal.; C: oxigênio, para aumento da produção de ATP.; D: proteínas, para aumento da massa muscular.; E: vitamina C, para aumento da integridade dos vasos sanguíneos.",0.70901,C,2019,administração alguns atletas busca capacidade comitê considerado desses doping endógeno entanto epo eritropoetina eritrócitos esporte esportes exercer formas física hormônio influencia influência internacional laboratório maturação melhores melhoria olímpico poderá proibida recombinante recombinantes relacionada resistência resultados rins secretado sido sintetizadas transporte têm usadas uso,A: aumento calórico gasto lipídios; B: atp aumento hormonal síntese; C: atp aumento oxigênio produção; D: aumento massa muscular proteínas; E: aumento c integridade sanguíneos vasos vitamina
102,"O objetivo de recipientes isolantes térmicos é minimizar as trocas de calor com o ambiente externo. Essa troca de calor é proporcional à condutividade térmica k e à área interna das faces do recipiente, bem como à diferença de temperatura entre o ambiente externo e o interior do recipiente, além de ser inversamente proporcional à espessura das faces. A fim de avaliar a qualidade de dois recipientes A (40 cm × 40 cm × 40 cm) e B (60 cm × 40 cm × 40 cm), de faces de mesma espessura, uma estudante compara suas condutividades térmicas kA e kB. Para isso suspende, dentro de cada recipiente, blocos idênticos de gelo a 0 °C, de modo que suas superfícies estejam em contato apenas com o ar. Após um intervalo de tempo, ela abre os recipientes enquanto ambos ainda contêm um pouco de gelo e verifica que a massa de gelo que se fundiu no recipiente B foi o dobro da que se fundiu no recipiente A. A razão kA/kB é mais próxima de","A: 0,50.; B: 0,67.; C: 0,75.; D: 1,33.; E: 2,00.",3.36471,B,2019,abre ainda além ambiente ambos apenas após ar avaliar b bem blocos c cada calor cm compara condutividade condutividades contato contêm dentro diferença dobro dois enquanto espessura estudante externo faces fim fundiu gelo idênticos interior interna intervalo inversamente isolantes k ka kb massa mesma minimizar modo objetivo pouco proporcional próxima qualidade razão recipiente recipientes superfícies suspende temperatura tempo troca trocas térmica térmicas térmicos verifica área,A: ; B: ; C: ; D: ; E: 
103,"Estudos mostram o desenvolvimento de biochips utilizados para auxiliar o diagnóstico de diabetes melito, doença evidenciada pelo excesso de glicose no organismo. O teste é simples e consiste em duas reações sequenciais na superfície do biochip, entre a amostra de soro sanguíneo do paciente, enzimas específicas e reagente (iodeto de potássio, KI), conforme mostrado na imagem. Após a adição de soro sanguíneo, o fluxo desloca-se espontaneamente da esquerda para a direita (ii) promovendo reações sequenciais, conforme as equações 1 e 2. Na primeira, há conversão de glicose do sangue em ácido glucônico, gerando peróxido de hidrogênio. Na segunda, o peróxido de hidrogênio reage com íons iodeto gerando o íon tri-iodeto, água e oxigênio. O tipo de reação que ocorre na superfície do biochip, nas duas reações do processo, é",A: análise.; B: síntese.; C: oxirredução.; D: complexação.; E: ácido-base.,1.02204,C,2019,adição amostra após auxiliar biochip biochips conforme consiste conversão desenvolvimento desloca diabetes diagnóstico direita doença duas enzimas equações específicas espontaneamente esquerda estudos evidenciada excesso fluxo gerando glicose glucônico hidrogênio ii imagem iodeto ki melito mostrado mostram ocorre organismo oxigênio paciente peróxido potássio primeira processo promovendo reage reagente reação reações sangue sanguíneo segunda sequenciais simples soro superfície teste tipo tri utilizados ácido água íon íons,A: análise; B: síntese; C: oxirredução; D: complexação; E: base ácido
104,"Algumas toneladas de medicamentos para uso humano e veterinário são produzidas por ano. Os fármacos são desenvolvidos para serem estáveis, mantendo suas propriedades químicas de forma a atender a um propósito terapêutico. Após o consumo de fármacos, parte de sua dosagem é excretada de forma inalterada, persistindo no meio ambiente. Em todo o mundo, antibióticos, hormônios, anestésicos, anti-inflamatórios, entre outros, são detectados em concentrações preocupantes no esgoto doméstico, em águas superficiais e de subsolo. Dessa forma, a ocorrência de fármacos residuais no meio ambiente pode apresentar efeitos adversos em organismos aquáticos e terrestres. Qual ação minimiza a permanência desses contaminantes nos recursos hídricos?",A: Utilização de esterco como fertilizante na agricultura.; B: Ampliação das redes de coleta de esgoto na zona urbana.; C: Descarte dos medicamentos fora do prazo de validade em lixões.; D: Desenvolvimento de novos processos nas estações de tratamento de efluentes.; E: Reúso dos lodos provenientes das estações de tratamento de esgoto na agricultura.,-0.00312,D,2019,adversos algumas ambiente anestésicos ano anti antibióticos apresentar após aquáticos atender ação concentrações consumo contaminantes desenvolvidos dessa desses detectados doméstico dosagem efeitos esgoto estáveis excretada forma fármacos hormônios humano hídricos inalterada inflamatórios mantendo medicamentos meio minimiza mundo ocorrência organismos outros parte permanência persistindo pode preocupantes produzidas propriedades propósito químicas recursos residuais serem subsolo superficiais terapêutico terrestres todo toneladas uso veterinário águas,A: agricultura esterco fertilizante utilização; B: ampliação coleta esgoto redes urbana zona; C: descarte lixões medicamentos prazo validade; D: desenvolvimento efluentes estações novos processos tratamento; E: agricultura esgoto estações lodos provenientes reúso tratamento
105,"Um teste de laboratório permite identificar alguns cátions metálicos ao introduzir uma pequena quantidade do material de interesse em uma chama de bico de Bunsen para, em seguida, observar a cor da luz emitida. A cor observada é proveniente da emissão de radiação eletromagnética ao ocorrer a",A: mudança da fase sólida para a fase líquida do elemento metálico.; B: combustão dos cátions metálicos provocada pelas moléculas de oxigênio da atmosfera.; C: diminuição da energia cinética dos elétrons em uma mesma órbita na eletrosfera atômica.; D: transição eletrônica de um nível mais externo para outro mais interno na eletrosfera atômica.; E: promoção dos elétrons que se encontram no estado fundamental de energia para níveis mais energéticos.,1.28601,D,2019,alguns bico bunsen chama cor cátions eletromagnética emissão emitida identificar interesse introduzir laboratório luz material metálicos observada observar ocorrer pequena permite proveniente quantidade radiação seguida teste,A: elemento fase líquida metálico mudança sólida; B: atmosfera combustão cátions metálicos moléculas oxigênio provocada; C: atômica cinética diminuição eletrosfera elétrons energia mesma órbita; D: atômica eletrosfera eletrônica externo interno nível outro transição; E: elétrons encontram energia energéticos estado fundamental níveis promoção
106,"Slackline é um esporte no qual o atleta deve se equilibrar e executar manobras estando sobre uma fita esticada. Para a prática do esporte, as duas extremidades da fita são fixadas de forma que ela fique a alguns centímetros do solo. Quando uma atleta de massa igual a 80 kg está exatamente no meio da fita, essa se desloca verticalmente, formando um ângulo de 10° com a horizontal, como esquematizado na figura. Sabe-se que a aceleração da gravidade é igual a 10 m s−2, cos(10°) = 0,98 e sen(10°) = 0,17. Qual é a força que a fita exerce em cada uma das árvores por causa da presença da atleta?","A: 4,0 × 102 N; B: 4,1 × 102 N; C: 8,0 × 102 N; D: 2,4 × 103 N; E: 4,7 × 103 N",1.94111,D,2019,aceleração alguns atleta cada causa centímetros cos desloca deve duas equilibrar esporte esquematizado estando esticada exatamente executar exerce extremidades figura fique fita fixadas forma formando força gravidade horizontal igual kg m manobras massa meio presença prática s sabe sen slackline sobre solo verticalmente árvores ângulo,A: n; B: n; C: n; D: n; E: n
107,"Na piscicultura, costumam-se usar larvas de Artemia (crustáceo) para alimentar larvas de peixes. Ovos de Artemia são colocados em garrafas com água salgada e, sob condições ótimas de temperatura, luz e oxigênio, eles eclodem, liberando suas larvas, também conhecidas como náuplios. Para recolher os náuplios, coloca-se uma lâmpada branca fluorescente na boca da garrafa e estes começam a subir em direção ao gargalo. Esse comportamento das artêmias é chamado de",A: geotropismo positivo.; B: fototropismo positivo.; C: hidrotropismo negativo.; D: termotropismo negativo.; E: quimiotropismo negativo.,-0.11974,B,2019,alimentar artemia artêmias boca branca chamado coloca colocados começam comportamento condições conhecidas costumam crustáceo direção eclodem fluorescente gargalo garrafa garrafas larvas liberando luz lâmpada náuplios ovos oxigênio peixes piscicultura recolher salgada sob subir temperatura usar água ótimas,A: geotropismo positivo; B: fototropismo positivo; C: hidrotropismo negativo; D: negativo termotropismo; E: negativo quimiotropismo
108,"Por terem camada de valência completa, alta energia de ionização e afinidade eletrônica praticamente nula, considerou-se por muito tempo que os gases nobres não formariam compostos químicos. Porém, em 1962, foi realizada com sucesso a reação entre o xenônio (camada de valência 5s25p6) e o hexafluoreto de platina e, desde então, mais compostos novos de gases nobres vêm sendo sintetizados. Tais compostos demonstram que não se pode aceitar acriticamente a regra do octeto, na qual se considera que, numa ligação química, os átomos tendem a adquirir estabilidade assumindo a configuração eletrônica de gás nobre. Dentre os compostos conhecidos, um dos mais estáveis é o difluoreto de xenônio, no qual dois átomos do halogênio flúor (camada de valência 2s22p5) se ligam covalentemente ao átomo de gás nobre para ficarem com oito elétrons de valência. Ao se escrever a fórmula de Lewis do composto de xenônio citado, quantos elétrons na camada de valência haverá no átomo do gás nobre?",A: 6; B: 8; C: 10; D: 12; E: 14,1.67408,C,2019,aceitar acriticamente adquirir afinidade alta assumindo camada citado completa composto compostos configuração conhecidos considera considerou covalentemente demonstram dentre desde difluoreto dois eletrônica elétrons energia então escrever estabilidade estáveis ficarem flúor formariam fórmula gases gás halogênio haverá hexafluoreto ionização lewis ligam ligação nobre nobres novos nula octeto oito platina pode porém praticamente quantos química químicos realizada reação regra sendo sintetizados sucesso tais tempo tendem terem valência vêm xenônio átomo átomos,A: ; B: ; C: ; D: ; E: 
109,"Na madrugada de 11 de março de 1978, partes de um foguete soviético reentraram na atmosfera acima da cidade do Rio de Janeiro e caíram no Oceano Atlântico. Foi um belo espetáculo, os inúmeros fragmentos entrando em ignição devido ao atrito com a atmosfera brilharam intensamente, enquanto “cortavam o céu”. Mas se a reentrada tivesse acontecido alguns minutos depois, teríamos uma tragédia, pois a queda seria na área urbana do Rio de Janeiro e não no oceano. De acordo com os fatos relatados, a velocidade angular do foguete em relação à Terra no ponto de reentrada era",A: igual à da Terra e no mesmo sentido.; B: superior à da Terra e no mesmo sentido.; C: inferior à da Terra e no sentido oposto.; D: igual à da Terra e no sentido oposto.; E: superior à da Terra e no sentido oposto.,1.83643,B,2019,acima acontecido acordo alguns angular atlântico atmosfera atrito belo brilharam caíram cidade cortavam céu devido enquanto entrando espetáculo fatos foguete fragmentos ignição intensamente inúmeros janeiro madrugada março minutos oceano partes pois ponto queda reentrada reentraram relatados relação rio soviético terra tragédia urbana velocidade área,A: igual sentido terra; B: sentido superior terra; C: inferior oposto sentido terra; D: igual oposto sentido terra; E: oposto sentido superior terra
110,"Com base nos experimentos de plantas de Mendel, foram estabelecidos três princípios básicos, que são conhecidos como leis da uniformidade, segregação e distribuição independente. A lei da distribuição independente refere-se ao fato de que os membros de pares diferentes de genes segregam-se independentemente, uns dos outros, para a prole. Hoje, sabe-se que isso nem sempre é verdade. Por quê?",A: A distribuição depende do caráter de dominância ou recessividade do gene.; B: Os organismos nem sempre herdam cada um dos genes de cada um dos genitores.; C: As alterações cromossômicas podem levar a falhas na segregação durante a meiose.; D: Os genes localizados fisicamente próximos no mesmo cromossomo tendem a ser herdados juntos.; E: O cromossomo que contém dois determinados genes pode não sofrer a disjunção na primeira fase da meiose.,2.19782,D,2019,base básicos conhecidos diferentes distribuição estabelecidos experimentos fato genes hoje independente independentemente lei leis membros mendel outros pares plantas princípios prole quê refere sabe segregam segregação sempre três uniformidade uns verdade,A: caráter depende distribuição dominância gene recessividade; B: cada genes genitores herdam organismos sempre; C: alterações cromossômicas durante falhas levar meiose podem segregação; D: cromossomo fisicamente genes herdados juntos localizados próximos tendem; E: contém cromossomo determinados disjunção dois fase genes meiose pode primeira sofrer
111,"Em qualquer obra de construção civil é fundamental a utilização de equipamentos de proteção individual, tal como capacetes. Por exemplo, a queda livre de um tijolo de massa 2,5 kg de uma altura de 5 m, cujo impacto contra um capacete pode durar até 0,5 s, resulta em uma força impulsiva média maior do que o peso do tijolo. Suponha que a aceleração gravitacional seja 10 m s−2 e que o efeito de resistência do ar seja desprezível. A força impulsiva média gerada por esse impacto equivale ao peso de quantos tijolos iguais?",A: 2; B: 5; C: 10; D: 20; E: 50,1.98881,A,2019,aceleração altura ar capacete capacetes civil construção contra cujo desprezível durar efeito equipamentos equivale exemplo força fundamental gerada gravitacional iguais impacto impulsiva individual kg livre m maior massa média obra peso pode proteção qualquer quantos queda resistência resulta s suponha tal tijolo tijolos utilização,A: ; B: ; C: ; D: ; E: 
112,"Os hidrocarbonetos são moléculas orgânicas com uma série de aplicações industriais. Por exemplo, eles estão presentes em grande quantidade nas diversas frações do petróleo e normalmente são separados por destilação fracionada, com base em suas temperaturas de ebulição. O quadro apresenta as principais frações obtidas na destilação do petróleo em diferentes faixas de temperaturas. Na fração 4, a separação dos compostos ocorre em temperaturas mais elevadas porque",A: suas densidades são maiores.; B: o número de ramificações é maior.; C: sua solubilidade no petróleo é maior.; D: as forças intermoleculares são mais intensas.; E: a cadeia carbônica é mais difícil de ser quebrada.,2.36402,D,2019,aplicações apresenta base compostos destilação diferentes diversas ebulição elevadas exemplo faixas fracionada fração frações grande hidrocarbonetos industriais moléculas normalmente obtidas ocorre orgânicas petróleo porque presentes principais quadro quantidade separados separação série temperaturas,A: densidades maiores; B: maior número ramificações; C: maior petróleo solubilidade; D: forças intensas intermoleculares; E: cadeia carbônica difícil quebrada
113,"O espectrômetro de massa de tempo de voo é um dispositivo utilizado para medir a massa de íons. Nele, um íon de carga elétrica q é lançado em uma região de campo magnético constante B, descrevendo uma trajetória helicoidal, conforme a figura. Essa trajetória é formada pela composição de um movimento circular uniforme no plano yz e uma translação ao longo do eixo x. A vantagem desse dispositivo é que a velocidade angular do movimento helicoidal do íon é independente de sua velocidade inicial. O dispositivo então mede o tempo t de voo para N voltas do íon. Logo, com base nos valores q, B, N e t, pode-se determinar a massa do íon. A massa do íon medida por esse dispositivo será",A; B; C; D; E,1.3767,A,2019,angular b base campo carga circular composição conforme constante descrevendo desse determinar dispositivo eixo elétrica então espectrômetro figura formada helicoidal independente inicial lançado logo longo magnético massa mede medida medir movimento n nele plano pode q região t tempo trajetória translação uniforme utilizado valores vantagem velocidade voltas voo x yz íon íons,
114,"Na família Retroviridae encontram-se diversos vírus que infectam aves e mamíferos, sendo caracterizada pela produção de DNA a partir de uma molécula de RNA. Alguns retrovírus infectam exclusivamente humanos, não necessitando de outros hospedeiros, reservatórios ou vetores biológicos. As infecções ocasionadas por esses vírus vêm causando mortes e grandes prejuízos ao desenvolvimento social e econômico. Nesse contexto, pesquisadores têm produzido medicamentos que contribuem para o tratamento dessas doenças. Que avanços tecnológicos têm contribuído para o tratamento dessas infecções virais?",A: Melhoria dos métodos de controle dos vetores desses vírus.; B: Fabricação de soros mutagênicos para combate desses vírus.; C: Investimento da indústria em equipamentos de proteção individual.; D: Produção de vacinas que evitam a infecção das células hospedeiras.; E: Desenvolvimento de antirretrovirais que dificultam a reprodução desses vírus.,0.8684,E,2019,alguns avanços aves biológicos caracterizada causando contexto contribuem contribuído desenvolvimento dessas diversos dna doenças econômico encontram exclusivamente família grandes hospedeiros humanos infectam infecções mamíferos medicamentos molécula mortes necessitando nesse ocasionadas outros partir pesquisadores prejuízos produzido produção reservatórios retroviridae retrovírus rna sendo social tecnológicos tratamento têm vetores virais vêm vírus,A: controle desses melhoria métodos vetores vírus; B: combate desses fabricação mutagênicos soros vírus; C: equipamentos individual indústria investimento proteção; D: células evitam hospedeiras infecção produção vacinas; E: antirretrovirais desenvolvimento desses dificultam reprodução vírus
115,"O concreto utilizado na construção civil é um material formado por cimento misturado a areia, a brita e a água. A areia é normalmente extraída de leitos de rios e a brita, oriunda da fragmentação de rochas. Impactos ambientais gerados no uso do concreto estão associados à extração de recursos minerais e ao descarte indiscriminado desse material. Na tentativa de reverter esse quadro, foi proposta a utilização de concreto reciclado moído em substituição ao particulado rochoso graúdo na fabricação de novo concreto, obtendo um material com as mesmas propriedades que o anterior. O benefício ambiental gerado nessa proposta é a redução do(a)",A: extração da brita.; B: extração de areia.; C: consumo de água.; D: consumo de concreto.; E: fabricação de cimento.,0.29761,A,2019,ambientais ambiental anterior areia associados benefício brita cimento civil concreto construção descarte desse extração extraída fabricação formado fragmentação gerado gerados graúdo impactos indiscriminado leitos material mesmas minerais misturado moído nessa normalmente novo obtendo oriunda particulado proposta propriedades quadro reciclado recursos redução reverter rios rochas rochoso substituição tentativa uso utilizado utilização água,A: brita extração; B: areia extração; C: consumo água; D: concreto consumo; E: cimento fabricação
116,"A fluidez da membrana celular é caracterizada pela capacidade de movimento das moléculas componentes dessa estrutura. Os seres vivos mantêm essa propriedade de duas formas: controlando a temperatura e/ou alterando a composição lipídica da membrana. Neste último aspecto, o tamanho e o grau de insaturação das caudas hidrocarbônicas dos fosfolipídios, conforme representados na figura, influenciam significativamente a fluidez. Isso porque quanto maior for a magnitude das interações entre os fosfolipídios, menor será a fluidez da membrana. Assim, existem bicamadas lipídicas com diferentes composições de fosfolipídios, como as mostradas de I a V. Qual das bicamadas lipídicas apresentadas possui maior fluidez?",A: I; B: II; C: III; D: IV; E: V,0.97948,B,2019,alterando apresentadas aspecto assim bicamadas capacidade caracterizada caudas celular componentes composição composições conforme controlando dessa diferentes duas estrutura existem figura fluidez formas fosfolipídios grau hidrocarbônicas i influenciam insaturação interações lipídica lipídicas magnitude maior mantêm membrana menor moléculas mostradas movimento neste porque possui propriedade quanto representados seres significativamente tamanho temperatura v vivos último,A: i; B: ii; C: iii; D: iv; E: v
117,"Em uma aula experimental de calorimetria, uma professora queimou 2,5 g de castanha-de-caju crua para aquecer 350 g de água, em um recipiente apropriado para diminuir as perdas de calor. Com base na leitura da tabela nutricional a seguir e da medida da temperatura da água, após a queima total do combustível, ela concluiu que 50% da energia disponível foi aproveitada. O calor específico da água é 1 cal g−1 °C−1, e sua temperatura inicial era de 20 °C. Qual foi a temperatura da água, em grau Celsius, medida ao final do experimento?",A: 25; B: 27; C: 45; D: 50; E: 70,1.67856,C,2019,apropriado aproveitada após aquecer aula base c caju cal calor calorimetria castanha celsius combustível concluiu crua diminuir disponível energia específico experimental experimento final g grau inicial leitura medida nutricional perdas professora queima queimou recipiente seguir tabela temperatura total água,A: ; B: ; C: ; D: ; E: 
118,"Grupos de pesquisa em todo o mundo vêm buscando soluções inovadoras, visando a produção de dispositivos para a geração de energia elétrica. Dentre eles, pode-se destacar as baterias de zinco-ar, que combinam o oxigênio atmosférico e o metal zinco em um eletrólito aquoso de caráter alcalino. O esquema de funcionamento da bateria zinco-ar está apresentado na figura. No funcionamento da bateria, a espécie química formada no ânodo é",A: H2 (g).; B: O2 (g).; C: H2O (l).; D: OH− (aq).; E: Zn(OH)42− (aq).,8.96186,E,2019,alcalino apresentado aquoso ar atmosférico bateria baterias buscando caráter combinam dentre destacar dispositivos eletrólito elétrica energia espécie esquema figura formada funcionamento geração grupos inovadoras metal mundo oxigênio pesquisa pode produção química soluções todo visando vêm zinco ânodo,A: g; B: g; C: l; D: aq oh; E: aq oh zn
119,"Dois amigos se encontram em um posto de gasolina para calibrar os pneus de suas bicicletas. Uma das bicicletas é de corrida (bicicleta A) e a outra, de passeio (bicicleta B). Os pneus de ambas as bicicletas têm as mesmas características, exceto que a largura dos pneus de A é menor que a largura dos pneus de B. Ao calibrarem os pneus das bicicletas A e B, respectivamente com pressões de calibração pA e pB, os amigos observam que o pneu da bicicleta A deforma, sob mesmos esforços, muito menos que o pneu da bicicleta B. Pode-se considerar que as massas de ar comprimido no pneu da bicicleta A, mA, e no pneu da bicicleta B, mB, são diretamente proporcionais aos seus volumes. Comparando as pressões e massas de ar comprimido nos pneus das bicicletas, temos:",A: pA < pB e mA < mB; B: pA > pB e mA < mB; C: pA > pB e mA = mB; D: pA < pB e mA = mB; E: pA > pB e mA > mB,0.99689,B,2019,ambas amigos ar b bicicleta bicicletas calibrar calibrarem calibração características comparando comprimido considerar corrida deforma diretamente dois encontram esforços exceto gasolina largura ma massas mb menor menos mesmas mesmos observam outra pa passeio pb pneu pneus pode posto pressões proporcionais respectivamente sob têm volumes,A: ma mb pa pb; B: ma mb pa pb; C: ma mb pa pb; D: ma mb pa pb; E: ma mb pa pb
120,A utilização de corantes na indústria de alimentos é bastante difundida e a escolha por corantes naturais vem sendo mais explorada por diversas razões. A seguir são mostradas três estruturas de corantes naturais. A propriedade comum às estruturas que confere cor a esses compostos é a presença de,A: cadeia conjugada.; B: cadeia ramificada.; C: átomos de carbonos terciários.; D: ligações duplas de configuração cis.; E: átomos de carbonos de hibridação sp3.,2.14905,A,2019,alimentos bastante compostos comum confere cor corantes difundida diversas escolha estruturas explorada indústria mostradas naturais presença propriedade razões seguir sendo três utilização vem,A: cadeia conjugada; B: cadeia ramificada; C: carbonos terciários átomos; D: cis configuração duplas ligações; E: carbonos hibridação átomos
121,"Numa feira de ciências, um estudante utilizará o disco de Maxwell (ioiô) para demonstrar o princípio da conservação da energia. A apresentação consistirá em duas etapas: Etapa 1 - a explicação de que, à medida que o disco desce, parte de sua energia potencial gravitacional é transformada em energia cinética de translação e energia cinética de rotação; Etapa 2 - o cálculo da energia cinética de rotação do disco no ponto mais baixo de sua trajetória, supondo o sistema conservativo. Ao preparar a segunda etapa, ele considera a aceleração da gravidade igual a 10 m s−2 e a velocidade linear do centro de massa do disco desprezível em comparação com a velocidade angular. Em seguida, mede a altura do topo do disco em relação ao chão no ponto mais baixo de sua trajetória, obtendo 1/3 da altura da haste do brinquedo. As especificações de tamanho do brinquedo, isto é, de comprimento (C), largura (L) e altura (A), assim como da massa de seu disco de metal, foram encontradas pelo estudante no recorte de manual ilustrado a seguir. O resultado do cálculo da etapa 2, em joule, é:","A: 4,10 × 10−2; B: 8,20 × 10−2; C: 1,23 × 10−1; D: 8,20 × 104; E: 1,23 × 105",2.04675,B,2019,aceleração altura angular apresentação assim baixo brinquedo c centro chão cinética ciências comparação comprimento conservativo conservação considera consistirá cálculo demonstrar desce desprezível disco duas encontradas energia especificações estudante etapa etapas explicação feira gravidade gravitacional haste igual ilustrado ioiô joule l largura linear m manual massa maxwell mede medida metal obtendo parte ponto potencial preparar princípio recorte relação resultado rotação s seguida seguir segunda sistema supondo tamanho topo trajetória transformada translação utilizará velocidade,A: ; B: ; C: ; D: ; E: 
122,"O odor que permanece nas mãos após o contato com alho pode ser eliminado pela utilização de um “sabonete de aço inoxidável”, constituído de aço inox (74%), cromo e níquel. A principal vantagem desse “sabonete” é que ele não se desgasta com o uso. Considere que a principal substância responsável pelo odor de alho é a alicina (estrutura I) e que, para que o odor seja eliminado, ela seja transformada na estrutura II. Na conversão de I em II, o “sabonete” atuará como um",A: ácido.; B: redutor.; C: eletrólito.; D: tensoativo.; E: catalisador.,,E,2019,alho alicina após atuará aço considere constituído contato conversão cromo desgasta desse eliminado estrutura i ii inox inoxidável mãos níquel odor permanece pode principal responsável sabonete substância transformada uso utilização vantagem,A: ácido; B: redutor; C: eletrólito; D: tensoativo; E: catalisador
123,"A poluição radioativa compreende mais de 200 nuclídeos, sendo que, do ponto de vista de impacto ambiental, destacam-se o césio-137 e o estrôncio-90. A maior contribuição de radionuclídeos antropogênicos no meio marinho ocorreu durante as décadas de 1950 e 1960, como resultado dos testes nucleares realizados na atmosfera. O estrôncio-90 pode se acumular nos organismos vivos e em cadeias alimentares e, em razão de sua semelhança química, pode participar no equilíbrio com carbonato e substituir o cálcio em diversos processos biológicos. Ao entrar numa cadeia alimentar da qual o homem faz parte, em qual tecido do organismo humano o estrôncio-90 será acumulado predominantemente?",A: Cartilaginoso.; B: Sanguíneo.; C: Muscular.; D: Nervoso.; E: Ósseo.,0.15609,E,2019,acumulado acumular alimentar alimentares ambiental antropogênicos atmosfera biológicos cadeia cadeias carbonato compreende contribuição cálcio césio destacam diversos durante décadas entrar equilíbrio estrôncio faz homem humano impacto maior marinho meio nucleares nuclídeos ocorreu organismo organismos parte participar pode poluição ponto predominantemente processos química radioativa radionuclídeos razão realizados resultado semelhança sendo substituir tecido testes vista vivos,A: cartilaginoso; B: sanguíneo; C: muscular; D: nervoso; E: ósseo
124,"Uma das técnicas de reciclagem química do polímero PET [poli(tereftalato de etileno)] gera o tereftalato de metila e o etanodiol, conforme o esquema de reação, e ocorre por meio de uma reação de transesterificação. O composto A, representado no esquema de reação, é o",A: metano.; B: metanol.; C: éter metílico.; D: ácido etanoico.; E: anidrido etanoico.,1.59193,B,2019,composto conforme esquema etanodiol etileno gera meio metila ocorre pet poli polímero química reação reciclagem representado tereftalato transesterificação técnicas,A: metano; B: metanol; C: metílico éter; D: etanoico ácido; E: anidrido etanoico
125,"Durante sua evolução, as plantas apresentaram grande diversidade de características, as quais permitiram sua sobrevivência em diferentes ambientes. Na imagem, cinco dessas características estão indicadas por números. A aquisição evolutiva que permitiu a conquista definitiva do ambiente terrestre pelas plantas está indicada pelo número",A: 1.; B: 2.; C: 3.; D: 4.; E: 5.,1.70518,C,2019,ambiente ambientes apresentaram aquisição características cinco conquista definitiva dessas diferentes diversidade durante evolutiva evolução grande imagem indicada indicadas número números permitiram permitiu plantas quais sobrevivência terrestre,A: ; B: ; C: ; D: ; E: 
126,"Uma casa tem um cabo elétrico mal dimensionado, de resistência igual a 10 Ω, que a conecta à rede elétrica de 120 V. Nessa casa, cinco lâmpadas, de resistência igual a 200 Ω, estão conectadas ao mesmo circuito que uma televisão de resistência igual a 50 Ω, conforme ilustrado no esquema. A televisão funciona apenas com tensão entre 90 V e 130 V. O número máximo de lâmpadas que podem ser ligadas sem que a televisão pare de funcionar é:",A: 1.; B: 2.; C: 3.; D: 4.; E: 5.,2.42384,B,2019,apenas cabo casa cinco circuito conecta conectadas conforme dimensionado elétrica elétrico esquema funciona funcionar igual ilustrado ligadas lâmpadas mal máximo nessa número pare podem rede resistência televisão tensão v,A: ; B: ; C: ; D: ; E: 
127,"O 2,4-dinitrofenol (DNP) é conhecido como desacoplador da cadeia de elétrons na mitocôndria e apresenta um efeito emagrecedor. Contudo, por ser perigoso e pela ocorrência de casos letais, seu uso como medicamento é proibido em diversos países, inclusive no Brasil. Na mitocôndria, essa substância captura, no espaço intermembranas, prótons (H+) provenientes da atividade das proteínas da cadeia respiratória, retornando-os à matriz mitocondrial. Assim, esses prótons não passam pelo transporte enzimático na membrana interna. O efeito emagrecedor desse composto está relacionado ao(à)","A: obstrução da cadeia respiratória, resultando em maior consumo celular de ácidos graxos.; B: bloqueio das reações do ciclo de Krebs, resultando em maior gasto celular de energia.; C: diminuição da produção de acetil CoA, resultando em maior gasto celular de piruvato.; D: inibição da glicólise, resultando em maior absorção celular da glicose sanguínea.; E: redução da produção de ATP, resultando em maior gasto celular de nutrientes.",3.79854,E,2019,apresenta assim atividade brasil cadeia captura casos composto conhecido contudo desacoplador desse dinitrofenol diversos dnp efeito elétrons emagrecedor enzimático espaço h inclusive intermembranas interna letais matriz medicamento membrana mitocondrial mitocôndria ocorrência passam países perigoso proibido proteínas provenientes prótons relacionado respiratória retornando substância transporte uso,A: cadeia celular consumo graxos maior obstrução respiratória resultando ácidos; B: bloqueio celular ciclo energia gasto krebs maior reações resultando; C: acetil celular coa diminuição gasto maior piruvato produção resultando; D: absorção celular glicose glicólise inibição maior resultando sanguínea; E: atp celular gasto maior nutrientes produção redução resultando
128,"Em 1808, Dalton publicou o seu famoso livro intitulado Um novo sistema de filosofia química (do original A New System of Chemical Philosophy), no qual continha os cinco postulados que serviam como alicerce da primeira teoria atômica da matéria fundamentada no método científico. Esses postulados são numerados a seguir: 1. A matéria é constituída de átomos indivisíveis. 2. Todos os átomos de um dado elemento químico são idênticos em massa e em todas as outras propriedades. 3. Diferentes elementos químicos têm diferentes tipos de átomos; em particular, seus átomos têm diferentes massas. 4. Os átomos são indestrutíveis e nas reações químicas mantêm suas identidades. 5. Átomos de elementos combinam com átomos de outros elementos em proporções de números inteiros pequenos para formar compostos. Após o modelo de Dalton, outros modelos baseados em outros dados experimentais evidenciaram, entre outras coisas, a natureza elétrica da matéria, a composição e organização do átomo e a quantização da energia no modelo atômico. Com base no modelo atual que descreve o átomo, qual dos postulados de Dalton ainda é considerado correto?",A: 1.; B: 2.; C: 3.; D: 4.; E: 5.,1.67314,E,2019,ainda alicerce após atual atômica atômico base baseados chemical científico cinco coisas combinam composição compostos considerado constituída continha correto dado dados dalton descreve diferentes elemento elementos elétrica energia evidenciaram experimentais famoso filosofia formar fundamentada identidades idênticos indestrutíveis indivisíveis inteiros intitulado livro mantêm massa massas matéria modelo modelos método natureza new novo numerados números of organização original outras outros particular pequenos philosophy postulados primeira proporções propriedades publicou quantização química químicas químico químicos reações seguir serviam sistema system teoria tipos todas todos têm átomo átomos,A: ; B: ; C: ; D: ; E: 
129,"Um dos parâmetros de controle de qualidade de polpas de frutas destinadas ao consumo como bebida é a acidez total expressa em ácido cítrico, que corresponde à massa dessa substância em 100 gramas de polpa de fruta. O ácido cítrico é uma molécula orgânica que apresenta três hidrogênios ionizáveis (ácido triprótico) e massa molar 192 g mol−1. O quadro indica o valor mínimo desse parâmetro de qualidade para polpas comerciais de algumas frutas. A acidez total expressa em ácido cítrico de uma amostra comercial de polpa de fruta foi determinada. No procedimento, adicionou-se água destilada a 2,2 g da amostra e, após a solubilização do ácido cítrico, o sólido remanescente foi filtrado. A solução obtida foi titulada com solução de hidróxido de sódio 0,01 mol L−1, em que se consumiram 24 mL da solução básica (titulante). Entre as listadas, a amostra analisada pode ser de qual polpa de fruta?",A: Apenas caju.; B: Apenas maracujá.; C: Caju ou graviola.; D: Acerola ou cupuaçu.; E: Cupuaçu ou graviola.,1.59601,C,2019,acidez adicionou algumas amostra analisada apresenta após bebida básica comerciais comercial consumiram consumo controle corresponde cítrico dessa desse destilada destinadas determinada expressa filtrado fruta frutas g gramas hidrogênios hidróxido indica ionizáveis l listadas massa ml mol molar molécula mínimo obtida orgânica parâmetro parâmetros pode polpa polpas procedimento quadro qualidade remanescente solubilização solução substância sódio sólido titulada titulante total triprótico três valor ácido água,A: apenas caju; B: apenas maracujá; C: caju graviola; D: acerola cupuaçu; E: cupuaçu graviola
130,"Uma cozinheira colocou sal a mais no feijão que estava cozinhando. Para solucionar o problema, ela acrescentou batatas cruas e sem tempero dentro da panela. Quando terminou de cozinhá-lo, as batatas estavam salgadas, porque absorveram parte do caldo com excesso de sal. Finalmente, ela adicionou água para completar o caldo do feijão. O sal foi absorvido pelas batatas por","A: osmose, por envolver apenas o transporte do solvente.; B: fagocitose, porque o sal transportado é uma substância sólida.; C: exocitose, uma vez que o sal foi transportado da água para a batata.; D: pinocitose, porque o sal estava diluído na água quando foi transportado.; E: difusão, porque o transporte ocorreu a favor do gradiente de concentração.",1.15715,E,2019,absorveram absorvido acrescentou adicionou batatas caldo colocou completar cozinhando cozinheira cozinhá cruas dentro excesso feijão finalmente lo panela parte porque problema sal salgadas solucionar tempero terminou água,A: apenas envolver osmose solvente transporte; B: fagocitose porque sal substância sólida transportado; C: batata exocitose sal transportado vez água; D: diluído pinocitose porque sal transportado água; E: concentração difusão favor gradiente ocorreu porque transporte
131,"A agricultura de precisão reúne técnicas agrícolas que consideram particularidades locais do solo ou lavoura a fim de otimizar o uso de recursos. Uma das formas de adquirir informações sobre essas particularidades é a fotografia aérea de baixa altitude realizada por um veículo aéreo não tripulado (vant). Na fase de aquisição é importante determinar o nível de sobreposição entre as fotografias. A figura ilustra como uma sequência de imagens é coletada por um vant e como são formadas as sobreposições frontais. O operador do vant recebe uma encomenda na qual as imagens devem ter uma sobreposição frontal de 20% em um terreno plano. Para realizar a aquisição das imagens, seleciona uma altitude H fixa de voo de 1 000 m, a uma velocidade constante de 50 m s−1. A abertura da câmera fotográfica do vant é de 90°. Considere tg(45°) = 1. Com que intervalo de tempo o operador deve adquirir duas imagens consecutivas?",A: 40 segundos.; B: 32 segundos.; C: 28 segundos.; D: 16 segundos.; E: 8 segundos.,1.78124,B,2019,abertura adquirir agricultura agrícolas altitude aquisição aérea aéreo baixa coletada consecutivas consideram considere constante câmera determinar deve devem duas encomenda fase figura fim fixa formadas formas fotografia fotografias fotográfica frontais frontal h ilustra imagens importante informações intervalo lavoura locais m nível operador otimizar particularidades plano precisão realizada realizar recebe recursos reúne s seleciona sequência sobre sobreposição sobreposições solo tempo ter terreno tg tripulado técnicas uso vant velocidade veículo voo,A: segundos; B: segundos; C: segundos; D: segundos; E: segundos
132,"A maioria das pessoas fica com a visão embaçada ao abrir os olhos debaixo dʼágua. Mas há uma exceção: o povo moken, que habita a costa da Tailândia. Essa característica se deve principalmente à adaptabilidade do olho e à plasticidade do cérebro, o que significa que você também, com algum treinamento, poderia enxergar relativamente bem debaixo dʼágua. Estudos mostraram que as pupilas de olhos de indivíduos moken sofrem redução significativa debaixo dʼágua, o que faz com que os raios luminosos incidam quase paralelamente ao eixo óptico da pupila. A acuidade visual associada à redução das pupilas é fisicamente explicada pela diminuição",A: da intensidade luminosa incidente na retina.; B: da difração dos feixes luminosos que atravessam a pupila.; C: da intensidade dos feixes luminosos em uma direção por polarização.; D: do desvio dos feixes luminosos refratados no interior do olho.; E: das reflexões dos feixes luminosos no interior do olho.,1.58564,D,2019,abrir acuidade adaptabilidade algum associada bem característica costa cérebro debaixo deve diminuição eixo embaçada enxergar estudos exceção explicada faz fica fisicamente habita incidam indivíduos luminosos maioria moken mostraram olho olhos paralelamente pessoas plasticidade poderia povo principalmente pupila pupilas quase raios redução relativamente significa significativa sofrem tailândia treinamento visual visão óptico,A: incidente intensidade luminosa retina; B: atravessam difração feixes luminosos pupila; C: direção feixes intensidade luminosos polarização; D: desvio feixes interior luminosos olho refratados; E: feixes interior luminosos olho reflexões
133,"O “The Kidney Project” é um projeto realizado por cientistas que pretendem desenvolver um rim biônico que executará a maioria das funções biológicas do órgão. O rim biônico possuirá duas partes que incorporam recentes avanços de nanotecnologia, filtração de membrana e biologia celular. Esse projeto significará uma grande melhoria na qualidade de vida para aquelas pessoas que dependem da hemodiálise para sobrevivência. O dispositivo criado promoverá diretamente a",A: remoção de ureia.; B: excreção de lipídios.; C: síntese de vasopressina.; D: transformação de amônia.; E: fabricação de aldosterona.,1.07472,A,2019,avanços biologia biológicas biônico celular cientistas criado dependem desenvolver diretamente dispositivo duas executará filtração funções grande hemodiálise incorporam kidney maioria melhoria membrana nanotecnologia partes pessoas possuirá pretendem project projeto promoverá qualidade realizado recentes rim significará sobrevivência the vida órgão,A: remoção ureia; B: excreção lipídios; C: síntese vasopressina; D: amônia transformação; E: aldosterona fabricação
134,"Um experimento simples, que pode ser realizado com materiais encontrados em casa, é realizado da seguinte forma: adiciona-se um volume de etanol em um copo de vidro e, em seguida, uma folha de papel. Com o passar do tempo, observa-se um comportamento peculiar: o etanol se desloca sobre a superfície do papel, superando a gravidade que o atrai no sentido oposto, como mostra a imagem. Para parte dos estudantes, isso ocorre por causa da absorção do líquido pelo papel. Do ponto de vista científico, o que explica o movimento do líquido é a",A: evaporação do líquido.; B: diferença de densidades.; C: reação química com o papel.; D: capilaridade nos poros do papel.; E: resistência ao escoamento do líquido.,0.58267,D,2019,absorção adiciona atrai casa causa científico comportamento copo desloca encontrados estudantes etanol experimento explica folha forma gravidade imagem líquido materiais mostra movimento observa ocorre oposto papel parte passar peculiar pode ponto realizado seguida seguinte sentido simples sobre superando superfície tempo vidro vista volume,A: evaporação líquido; B: densidades diferença; C: papel química reação; D: capilaridade papel poros; E: escoamento líquido resistência
135,"Quando se considera a extrema velocidade com que a luz se espalha por todos os lados e que, quando vêm de diferentes lugares, mesmo totalmente opostos, [os raios luminosos] se atravessam uns aos outros sem se atrapalharem, compreende-se que, quando vemos um objeto luminoso, isso não poderia ocorrer pelo transporte de uma matéria que venha do objeto até nós, como uma flecha ou bala atravessa o ar; pois certamente isso repugna bastante a essas duas propriedades da luz, principalmente a última. O texto contesta que concepção acerca do comportamento da luz?","A: O entendimento de que a luz precisa de um meio de propagação, difundido pelos defensores da existência do éter.; B: O modelo ondulatório para a luz, o qual considera a possibilidade de interferência entre feixes luminosos.; C: O modelo corpuscular defendido por Newton, que descreve a luz como um feixe de partículas.; D: A crença na velocidade infinita da luz, defendida pela maioria dos filósofos gregos.; E: A ideia defendida pelos gregos de que a luz era produzida pelos olhos.",1.66707,C,2019,acerca ar atrapalharem atravessa atravessam bala bastante certamente comportamento compreende concepção considera contesta diferentes duas espalha extrema flecha lados lugares luminoso luminosos luz matéria objeto ocorrer opostos outros poderia pois principalmente propriedades raios repugna texto todos totalmente transporte uns velocidade vemos venha vêm última,A: defensores difundido entendimento existência luz meio precisa propagação éter; B: considera feixes interferência luminosos luz modelo ondulatório possibilidade; C: corpuscular defendido descreve feixe luz modelo newton partículas; D: crença defendida filósofos gregos infinita luz maioria velocidade; E: defendida gregos ideia luz olhos produzida
91,"Pesquisas demonstram que nanodispositivos baseados em movimentos de dimensões atômicas, induzidos por
luz, poderão ter aplicações em tecnologias futuras, substituindo micromotores, sem a necessidade de componentes
mecânicos. Exemplo de movimento molecular induzido pela luz pode ser observado pela flexão de uma lâmina delgada de
silício, ligado a um polímero de azobenzeno e a um material suporte, em dois comprimentos de onda, conforme ilustrado na figura.
Com a aplicação de luz ocorrem reações reversíveis da cadeia do polímero, que promovem o movimento observado.
Átomos:
o Hidrogênio
365 nm O Carbono
LM a j .
O Nitrogênio
Cn
420 nm
fenômeno de movimento molecular, promovido pela incidência de luz, decorre do(a)","A: movimento vibracional dos átomos, que leva ao encurtamento e à relaxação das ligações.; B: isomerização das ligações N=N, sendo a forma cis do polímero mais compacta que a trans.; C: O tautomerização das unidades monoméricas do polímero, que leva a um composto mais compacto.; D: ressonância entre os elétrons 7 do grupo azo e os do anel aromático que encurta as ligações duplas.; E: variação conformacional das ligações N=N, que resulta em estruturas com diferentes áreas de superfície.",1.76478,B,2018,aplicação aplicações atômicas azobenzeno baseados cadeia carbono cn componentes comprimentos conforme decorre delgada demonstram dimensões dois exemplo fenômeno figura flexão futuras hidrogênio ilustrado incidência induzido induzidos j ligado lm luz lâmina material mecânicos micromotores molecular movimento movimentos nanodispositivos necessidade nitrogênio nm observado ocorrem onda pesquisas pode poderão polímero promovem promovido reações reversíveis silício substituindo suporte tecnologias ter átomos,A: encurtamento leva ligações movimento relaxação vibracional átomos; B: cis compacta forma isomerização ligações n polímero sendo trans; C: compacto composto leva monoméricas polímero tautomerização unidades; D: anel aromático azo duplas elétrons encurta grupo ligações ressonância; E: conformacional diferentes estruturas ligações n resulta superfície variação áreas
92,"O carro flex é uma realidade no Brasil. Estes veículos estão equipados com motor que tem a capacidade de
funcionar com mais de um tipo de combustível. No entanto, as pessoas que têm esse tipo de veículo, na hora
do abastecimento, têm sempre a dúvida: álcool ou gasolina? Para avaliar o consumo desses combustíveis,
realizou-se um percurso com um veículo flex, consumindo 40 litros de gasolina e no percurso de volta utilizou-se etanol.
Foi considerado o mesmo consumo de energia tanto no percurso de ida quanto no de volta.
O quadro resume alguns dados aproximados sobre esses combustíveis.
Combustível Densidade (g mL”) Calor de combustão (kcal 9!)
Etanol 0,8 -6
Gasolina 0,7 | -10 |
O volume de etanol combustível, em litro, consumido no percurso de volta é mais próximo de;A: 27.; B: 32.; C 37.; D: 58.; E: 67.",,1.54804,D,2018,abastecimento alguns aproximados avaliar b brasil c calor capacidade carro combustão combustíveis combustível considerado consumido consumindo consumo d dados densidade desses dúvida energia entanto equipados etanol flex funcionar g gasolina hora ida kcal litro litros ml motor percurso pessoas próximo quadro quanto realidade realizou resume sempre sobre tanto tipo têm utilizou veículo veículos volta volume álcool,
93,"Em 1938 o arqueólogo alemão Wilhelm Kônig, diretor
do Museu Nacional do Iraque, encontrou um objeto
estranho na coleção da instituição, que poderia ter sido
usado como uma pilha, similar às utilizadas em nossos
dias. A suposta pilha, datada de cerca de 200 a.C., é
constituída de um pequeno vaso de barro (argila) no qual
foram instalados um tubo de cobre, uma barra de ferro
(aparentemente corroída por ácido) e uma tampa de
betume (asfalto), conforme ilustrado. Considere os
potenciais-padrão de redução: Eº(Fe”|Fe) = -0,44 V;
ES(H:|H,) = 0,00 V; e E*(CuZ[Cu) = +0,34 V.
Tampa de
betume
Barra de ferro
Tubo de cobre
Vestígio
de ácido
Vaso de
barro
As pilhas de Bagdá e a acupuntura. 
Nessa suposta pilha, qual dos componentes atuaria como
cátodo?",A: tampa de betume.; B: O vestígio de ácido.; C: A barra de ferro.; D: tubo de cobre.; E: O vaso de barro.,1.12818,D,2018,acupuntura alemão aparentemente argila arqueólogo asfalto atuaria bagdá barra barro betume c cerca cobre coleção componentes conforme considere constituída corroída cu cuz cátodo datada dias diretor encontrou es estranho fe ferro h ilustrado instalados instituição iraque kônig museu nacional nessa objeto padrão pequeno pilha pilhas poderia potenciais redução sido similar suposta tampa ter tubo usado utilizadas v vaso vestígio wilhelm ácido,A: betume tampa; B: vestígio ácido; C: barra ferro; D: cobre tubo; E: barro vaso
94,"Anabolismo e catabolismo são processos celulares
antagônicos, que são controlados principalmente pela
ação hormonal. Por exemplo, no fígado a insulina atua
como um hormônio com ação anabólica, enquanto o
glucagon tem ação catabólica e ambos são secretados
em resposta ao nível de glicose sanguínea.
Em caso de um indivíduo com hipoglicemia, o hormônio
citado que atua no catabolismo induzirá o organismo a",A: realizar a fermentação lática.; B: metabolizar aerobicamente a glicose.; C: produzir aminoácidos a partir de ácidos graxos.; D: transformar ácidos graxos em glicogênio.; E:estimular a utilização do glicogênio.,1.5452,E,2018,ambos anabolismo anabólica antagônicos atua ação caso catabolismo catabólica celulares citado controlados enquanto exemplo fígado glicose glucagon hipoglicemia hormonal hormônio indivíduo induzirá insulina nível organismo principalmente processos resposta sanguínea secretados,A: fermentação lática realizar; B: aerobicamente glicose metabolizar; C: aminoácidos graxos partir produzir ácidos; D: estimular glicogênio graxos transformar utilização ácidos
95,"Usando um densímetro cuja menor divisão da escala,
isto é, a diferença entre duas marcações consecutivas,
é de 5,0 x 102 g em, um estudante realizou um teste
de densidade: colocou este instrumento na água pura e
observou que ele atingiu o repouso na posição mostrada.
Legenda:
Densímetro
Água
Em dois outros recipientes A e B contendo 2 litros de
água pura, em cada um, ele adicionou 100 g e 200 g de
NaCl, respectivamente.
Quando o cloreto de sódio é adicionado à água
pura ocorre sua dissociação formando os íons Na* e
Cl. Considere que esses íons ocupam os espaços
intermoleculares na solução.
Nestes recipientes, a posição de equilíbrio do densímetro
está representada em:",A: ; B: ; C: ; D: ;E:,1.54204,D,2018,adicionado adicionou atingiu b cada cl cloreto colocou consecutivas considere contendo cuja densidade densímetro diferença dissociação divisão dois duas equilíbrio escala espaços estudante formando g instrumento intermoleculares legenda litros marcações menor mostrada nacl nestes observou ocorre ocupam outros posição pura realizou recipientes repouso representada respectivamente solução sódio teste usando x água íons,A: ; B: ; C: ; D: 
96,"Para serem absorvidos pelas células do intestino
humano, os lipídios ingeridos precisam ser primeiramente
emulsificados. Nessa etapa da digestão, torna-se
necessária a ação dos ácidos biliares, visto que os
lipídios apresentam uma natureza apolar e são insolúveis
em água.
Esses ácidos atuam no processo de modo a",A: hidrolisar os lipídios.; B: agir como detergentes.; C: tornar os lipídios anfifílicos.; D: promover a secreção de lipases.; E: estimular o trânsito intestinal dos lipídios.,1.38202,B,2018,absorvidos apolar apresentam atuam ação biliares células digestão emulsificados etapa humano ingeridos insolúveis intestino lipídios modo natureza necessária nessa precisam primeiramente processo serem torna visto ácidos água,A: hidrolisar lipídios; B: agir detergentes; C: anfifílicos lipídios tornar; D: lipases promover secreção; E: estimular intestinal lipídios trânsito
97,"A tecnologia de comunicação da etiqueta RFID
(chamada de etiqueta inteligente) é usada há anos
para rastrear gado, vagões de trem, bagagem aérea e
carros nos pedágios. Um modelo mais barato dessas
etiquetas pode funcionar sem baterias e é constituído
por três componentes: um microprocessador de silício;
uma bobina de metal, feita de cobre ou de alumínio, que
é enrolada em um padrão circular; e um encapsulador,
que é um material de vidro ou polímero envolvendo
o microprocessador e a bobina. Na presença de um
campo de radiofrequência gerado pelo leitor, a etiqueta
transmite sinais. A distância de leitura é determinada
pelo tamanho da bobina e pela potência da onda de
rádio emitida pelo leitor.
A etiqueta funciona sem pilhas porque o campo",A: O elétrico da onda de rádio agita elétrons da bobina.; B: elétrico da onda de rádio cria uma tensão na bobina.; C: magnético da onda de rádio induz corrente na bobina.; D: O magnético da onda de rádio aquece os fios da bobina.; E: magnético da onda de rádio diminui a ressonância no interior da bobina.,0.557,C,2018,alumínio anos aérea bagagem barato baterias bobina campo carros chamada circular cobre componentes comunicação constituído dessas determinada distância emitida encapsulador enrolada envolvendo etiqueta etiquetas feita funciona funcionar gado gerado inteligente leitor leitura material metal microprocessador modelo onda padrão pedágios pilhas pode polímero porque potência presença radiofrequência rastrear rfid rádio silício sinais tamanho tecnologia transmite trem três usada vagões vidro,A: agita bobina elétrico elétrons onda rádio; B: bobina cria elétrico onda rádio tensão; C: bobina corrente induz magnético onda rádio; D: aquece bobina fios magnético onda rádio; E: bobina diminui interior magnético onda ressonância rádio
98,"Corredores ecológicos visam mitigar os efeitos da
fragmentação dos ecossistemas promovendo a ligação
entre diferentes áreas, com o objetivo de proporcionar o
deslocamento de animais, a dispersão de sementes e o
aumento da cobertura vegetal. São instituídos com base
em informações como estudos sobre o deslocamento
de espécies, sua área de vida (área necessária para o
suprimento de suas necessidades vitais e reprodutivas) e
a distribuição de suas populações.
Nessa estratégia, a recuperação da biodiversidade é
efetiva porque",A: propicia o fluxo gênico.; B: intensifica o manejo de espécies.; C: amplia o processo de ocupação humana.; D: aumenta o número de indivíduos nas populações.; E: favorece a formação de ilhas de proteção integral.,1.01563,A,2018,animais aumento base biodiversidade cobertura corredores deslocamento diferentes dispersão distribuição ecológicos ecossistemas efeitos efetiva espécies estratégia estudos fragmentação informações instituídos ligação mitigar necessidades necessária nessa objetivo populações porque promovendo proporcionar recuperação reprodutivas sementes sobre suprimento vegetal vida visam vitais área áreas,A: fluxo gênico propicia; B: espécies intensifica manejo; C: amplia humana ocupação processo; D: aumenta indivíduos número populações; E: favorece formação ilhas integral proteção
99,"A identificação de riscos de produtos perigosos para o
transporte rodoviário é obrigatória e realizada por meio da
sinalização composta por um painel de segurança, de cor
alaranjada, e um rótulo de risco. As informações inseridas
no painel de segurança e no rótulo de risco, conforme
determina a legislação, permitem que se identifique o
produto transportado e os perigos a ele associados.
A sinalização mostrada identifica uma substância que
está sendo transportada em um caminhão.
Os três algarismos da parte superior do painel indicam
o “Número de risco”. O número 268 indica tratar-se de um
gás (2), tóxico (6) e corrosivo (8). Os quatro dígitos da
parte inferior correspondem ao “Número ONU”, que
identifica o produto transportado.
GÁS
Considerando a identificação apresentada no caminhão,
o código 1005 corresponde à substância",A: eteno (C2H4).; B: nitrogênio (N2).; C: amônia (NH3).; D: propano (C3H8).; E: dióxido de carbono (CO2).,1.46128,C,2018,alaranjada algarismos apresentada associados caminhão composta conforme considerando cor corresponde correspondem corrosivo código determina dígitos gás identifica identificação identifique indica indicam inferior informações inseridas legislação meio mostrada número obrigatória onu painel parte perigos perigosos permitem produto produtos quatro realizada risco riscos rodoviário rótulo segurança sendo sinalização substância superior transportada transportado transporte tratar três tóxico,A: eteno; B: nitrogênio; C: amônia; D: propano; E: carbono dióxido
100,"No ciclo celular atuam moléculas reguladoras. Dentre
elas, a proteína p53 é ativada em resposta a mutações
no DNA, evitando a progressão do ciclo até que os danos
sejam reparados, ou induzindo a célula à autodestruição.
A ausência dessa proteína poderá favorecer a","A: redução da síntese de DNA, acelerando o ciclo celular.; B: saída imediata do ciclo celular, antecipando a proteção do DNA.; C: ativação de outras proteínas reguladoras, induzindo a apoptose.; D: manutenção da estabilidade genética, favorecendo a longevidade.; E: proliferação celular exagerada, resultando na formação de um tumor.",0.44914,E,2018,ativada atuam ausência autodestruição celular ciclo célula danos dentre dessa dna evitando favorecer induzindo moléculas mutações poderá progressão proteína reguladoras reparados resposta,A: acelerando celular ciclo dna redução síntese; B: antecipando celular ciclo dna imediata proteção saída; C: apoptose ativação induzindo outras proteínas reguladoras; D: estabilidade favorecendo genética longevidade manutenção; E: celular exagerada formação proliferação resultando tumor
101,"O deserto é um bioma que se localiza em regiões de
pouca umidade. A fauna é, predominantemente, composta
por animais roedores, aves, répteis e artrópodes.
Uma adaptação, associada a esse bioma, presente nos
seres vivos dos grupos citados é o(a)",A: existência de numerosas glândulas sudoríparas na epiderme.; B: eliminação de excretas nitrogenadas de forma concentrada.; C: desenvolvimento do embrião no interior de ovo com casca.; D: capacidade de controlar a temperatura corporal.; E: respiração realizada por pulmões foliáceos.,1.35731,B,2018,adaptação animais artrópodes associada aves bioma citados composta deserto fauna grupos localiza pouca predominantemente presente regiões roedores répteis seres umidade vivos,A: epiderme existência glândulas numerosas sudoríparas; B: concentrada eliminação excretas forma nitrogenadas; C: casca desenvolvimento embrião interior ovo; D: capacidade controlar corporal temperatura; E: foliáceos pulmões realizada respiração
102,"O sulfeto de mercúrio(Il) foi usado como pigmento
vermelho para pinturas de quadros e murais. Esse
pigmento, conhecido como vermilion, escurece com
o passar dos anos, fenômeno cuja origem é alvo de
pesquisas. Aventou-se a hipótese de que o vermilion
seja decomposto sob a ação da luz, produzindo uma fina
camada de mercúrio metálico na superfície. Essa reação
seria catalisada por íon cloreto presente na umidade do ar.
Segundo a hipótese proposta, o íon cloreto atua na
decomposição fotoquímica do vermilion",A: reagindo como agente oxidante.; B: deslocando o equilíbrio químico.; C: diminuindo a energia de ativação.; D: precipitando cloreto de mercúrio.; E: absorvendo a energia da luz visível.,1.41415,C,2018,alvo anos ar atua aventou ação camada catalisada cloreto conhecido cuja decomposição decomposto escurece fenômeno fina fotoquímica hipótese il luz mercúrio metálico murais origem passar pesquisas pigmento pinturas presente produzindo proposta quadros reação segundo sob sulfeto superfície umidade usado vermelho vermilion íon,A: agente oxidante reagindo; B: deslocando equilíbrio químico; C: ativação diminuindo energia; D: cloreto mercúrio precipitando; E: absorvendo energia luz visível
103,"O sonorizador é um dispositivo físico implantado
sobre a superfície de uma rodovia de modo que provoque
uma trepidação e ruído quando da passagem de um
veículo sobre ele, alertando para uma situação atípica à
frente, como obras, pedágios ou travessia de pedestres.
Ao passar sobre os sonorizadores, a suspensão do veículo
sofre vibrações que produzem ondas sonoras, resultando em
um barulho peculiar. Considere um veículo que passe com
velocidade constante igual a 108 sm sobre um sonorizador
cujas faixas são separadas por uma distância de 8 cm.
A frequência da vibração do automóvel percebida pelo
condutor durante a passagem nesse sonorizador é mais
próxima de","A: 8,6 hertz.; B: 13,5 hertz.; C: 375 hertz.; D: 1 350 hertz.; E: 4 860 hertz.",1.42925,C,2018,alertando atípica automóvel barulho cm condutor considere constante cujas dispositivo distância durante faixas frente frequência físico igual implantado modo nesse obras ondas passagem passar passe peculiar pedestres pedágios percebida produzem provoque próxima resultando rodovia ruído separadas situação sm sobre sofre sonoras sonorizador sonorizadores superfície suspensão travessia trepidação velocidade veículo vibração vibrações,A: hertz; B: hertz; C: hertz; D: hertz; E: hertz
104,"As pessoas que utilizam objetos cujo princípio de
funcionamento é o mesmo do das alavancas aplicam
uma força, chamada de força potente, em um dado ponto
da barra, para superar ou equilibrar uma segunda força,
chamada de resistente, em outro ponto da barra. Por causa
das diferentes distâncias entre os pontos de aplicação das
forças, potente e resistente, os seus efeitos também são
diferentes. A figura mostra alguns exemplos desses objetos.
Em qual dos objetos a força potente é maior que a força
resistente?",A: Pinça.; B: Alicate.; C: Quebra-nozes.; D: Carrinho de mão.; E: Abridor de garrafa.,2.55861,A,2018,alavancas alguns aplicam aplicação barra causa chamada cujo dado desses diferentes distâncias efeitos equilibrar exemplos figura força forças funcionamento maior mostra objetos outro pessoas ponto pontos potente princípio resistente segunda superar utilizam,A: pinça; B: alicate; C: nozes quebra; D: carrinho mão; E: abridor garrafa
105,"Na mitologia grega, Nióbia era a filha de Tântalo, dois
personagens conhecidos pelo sofrimento. O elemento
químico de número atômico (Z) igual a 41 tem propriedades
químicas e físicas tão parecidas com as do elemento de
número atômico 73 que chegaram a ser confundidos.
Por isso, em homenagem a esses dois personagens da
mitologia grega, foi conferido a esses elementos os nomes
de nióbio (Z = 41) e tântalo (Z = 73). Esses dois elementos
químicos adquiriram grande importância econômica na
metalurgia, na produção de supercondutores e em outras
aplicações na indústria de ponta, exatamente pelas
propriedades químicas e físicas comuns aos dois.
A importância econômica e tecnológica desses elementos,
pela similaridade de suas propriedades químicas e físicas,
deve-se a","A: terem elétrons no subnível f.; B: serem elementos de transição interna.; C: pertencerem ao mesmo grupo na tabela periódica.; D: terem seus elétrons mais externos nos níveis 4 e 5, respectivamente; E: estarem localizados na família dos alcalinos terrosos
e alcalinos, respectivamente.",2.06279,C,2018,adquiriram aplicações atômico chegaram comuns conferido confundidos conhecidos desses deve dois econômica elemento elementos exatamente filha físicas grande grega homenagem igual importância indústria metalurgia mitologia nióbia nióbio nomes número outras parecidas personagens ponta produção propriedades químicas químico químicos similaridade sofrimento supercondutores tecnológica tântalo tão z,A: elétrons f subnível terem; B: elementos interna serem transição; C: grupo periódica pertencerem tabela; D: elétrons externos níveis respectivamente terem; E: alcalinos estarem família localizados respectivamente terrosos
106,"O processo de formação de novas espécies é lento e repleto de nuances e estágios intermediários, havendo uma
diminuição da viabilidade entre cruzamentos. Assim, plantas originalmente de uma mesma espécie que não cruzam
mais entre si podem ser consideradas como uma espécie se diferenciando. Um pesquisador realizou cruzamentos
entre nove populações — denominadas de acordo com a localização onde são encontradas — de uma espécie
de orquídea (Epidendrum denticulatum). No diagrama estão os resultados dos cruzamentos entre as populações.
Considere que o doador fornece o pólen para o receptor.

RESULTADOS DOS gs

CRUZAMENTOS Ã
PÃO DE PETI «e PETI
AÇÚCAR =

.
.

ITIRAPINA

   

ALCOBAÇA
/ : st:
ITAPEVA : :
E
BERTIOGA ”

MARAMBAIA

I

MASSAMBABA

DOADOR — RECEPTOR - Polinização induzida bem-sucedida
DOADOR ----- » RECEPTOR - Polinização induzida inviável ou nula

gs Mata Atlântica Cerrado

FIORAVANTI, C. Os primeiros passos de novas espécies: plantas e animais se diferenciam por meio de mecanismos surpreendentes. Pesquisa Fapesp, out. 2013 (adaptado).
Em populações de quais localidades se observa um processo de especiação evidente?","A: Bertioga e Marambaia, Alcobaça e Olivença.; B: Itirapina e Itapeva, Marambaia e Massambaba.; C: Itirapina e Marambaia, Alcobaça e Itirapina.; D: Itirapina e Peti, Alcobaça e Marambaia.; E: Itirapina e Olivença, Marambaia e Peti.",1.25772,D,2018,acordo adaptado alcobaça animais assim atlântica açúcar bem bertioga c cerrado consideradas considere cruzam cruzamentos denominadas denticulatum diagrama diferenciam diferenciando diminuição doador encontradas epidendrum especiação espécie espécies estágios evidente fapesp fioravanti formação fornece gs havendo i induzida intermediários inviável itapeva itirapina lento localidades localização marambaia massambaba mata mecanismos meio mesma novas nove nuances nula observa onde originalmente orquídea out passos pesquisa pesquisador peti plantas podem polinização populações primeiros processo pão pólen quais realizou receptor repleto resultados si st sucedida surpreendentes viabilidade ã,A: alcobaça bertioga marambaia olivença; B: itapeva itirapina marambaia massambaba; C: alcobaça itirapina marambaia; D: alcobaça itirapina marambaia peti; E: itirapina marambaia olivença peti
107,"O cruzamento de duas espécies da família das Anonáceas, a cherimoia (Annona cherimola) com a fruta-pinha
(Annona squamosa), resultou em uma planta híbrida denominada de atemoia. Recomenda-se que o seu plantio seja
por meio de enxertia.

Um dos benefícios dessa forma de plantio é a","A: ampliação da variabilidade genética.; B: O produção de frutos das duas espécies.; C: manutenção do genótipo da planta híbrida.; D: reprodução de clones das plantas parentais.; E: modificação do genoma decorrente da transgenia.""",2.03465,C,2018,annona anonáceas atemoia benefícios cherimoia cherimola cruzamento denominada dessa duas enxertia espécies família forma fruta híbrida meio pinha planta plantio recomenda resultou squamosa,A: ampliação genética variabilidade; B: duas espécies frutos produção; C: genótipo híbrida manutenção planta; D: clones parentais plantas reprodução; E: decorrente genoma modificação transgenia
108,"Ao pesquisar um resistor feito de um novo tipo
de material, um cientista observou o comportamento
mostrado no gráfico tensão versus corrente.

oe
SW
[di = o)

Tensão (V)
» 9
DO 0

No
O

 

lo
0 1 2 3 4 5 6 7
Corrente (A)

Após a análise do gráfico, ele concluiu que a tensão
em função da corrente é dada pela equação V = 10 i+ j2.

O gráfico da resistência elétrica (R) do resistor em função
da corrente (1) é",A: ; B: ; C: ; D: ; E:,1.50273,D,2018,análise após cientista comportamento concluiu corrente dada di elétrica equação feito função gráfico i lo material mostrado novo observou oe pesquisar r resistor resistência sw tensão tipo v versus,A: ; B: ; C: ; D: 
109,"A hidroxilamina (NH,OH) é extremamente reativa
em reações de substituição nucleofílica, justificando
sua utilização em diversos processos. A reação de
substituição nucleofílica entre o anidrido acético e a
hidroxilamina está representada.
O O
Am + NX NH,
fo o) O
q NO + NHOH Produto A
O 2
o: O O
Anidrido
acético + OH
Au A
|
H
Produto B

O produto A é favorecido em relação ao B, por um
fator de 10º. Em um estudo de possível substituição
do uso de hidroxilamina, foram testadas as móleculas
numeradas de 1 a 5.

HO HO
“Nº SNT> O HO
N “0H N “NNO “Nº
H 2 H | |
1 2 3 4 5

Dentre as moléculas testadas, qual delas apresentou
menor reatividade”?",A: 1; B: 2; C: 3; D: 4; E: 5,2.57259,D,2018,acético am anidrido apresentou au b dentre diversos estudo extremamente fator favorecido fo h hidroxilamina ho justificando menor moléculas móleculas n nh nhoh nno nucleofílica numeradas nx oh possível processos produto q reativa reatividade reação reações relação representada snt substituição testadas uso utilização,A: ; B: ; C: ; D: ; E: 
110,"Um estudante relatou que o mapeamento do DNA da
cevada foi quase todo concluído e seu código genético
desvendado. Chamou atenção para o número de genes
que compõem esse código genético e que a semente da
cevada, apesar de pequena, possui um genoma mais
complexo que o humano, sendo boa parte desse código
constituída de sequências repetidas. Nesse contexto,
o conceito de código genético está abordado de forma
equivocada.
Cientificamente esse conceito é definido como",A: trincas de nucleotídeos que codificam os aminoácidos.; B: localização de todos os genes encontrados em um genoma.; C: codificação de sequências repetidas presentes em um genoma.; D: conjunto de todos os RNAs mensageiros transcritos em um organismo.; E: todas as sequências de pares de bases presentes em um organismo.,1.93822,A,2018,abordado apesar atenção boa cevada chamou cientificamente complexo compõem conceito concluído constituída contexto código definido desse desvendado dna equivocada estudante forma genes genoma genético humano mapeamento nesse número parte pequena possui quase relatou repetidas semente sendo sequências todo,A: aminoácidos codificam nucleotídeos trincas; B: encontrados genes genoma localização todos; C: codificação genoma presentes repetidas sequências; D: conjunto mensageiros organismo rnas todos transcritos; E: bases organismo pares presentes sequências todas
111,"A polinização, que viabiliza o transporte do grão de
pólen de uma planta até o estigma de outra, pode ser
realizada biótica ou abioticamente. Nos processos
abióticos, as plantas dependem de fatores como o vento
e a água.

A estratégia evolutiva que resulta em polinização mais
eficiente quando esta depende do vento é o(a)",A: diminuição do cálice.; B: alongamento do ovário.; C: disponibilização do néctar.; D: intensificação da cor das pétalas.; E: aumento do número de estames.,1.29656,E,2018,abioticamente abióticos biótica depende dependem eficiente estigma estratégia evolutiva fatores grão outra planta plantas pode polinização processos pólen realizada resulta transporte vento viabiliza água,A: cálice diminuição; B: alongamento ovário; C: disponibilização néctar; D: cor intensificação pétalas; E: aumento estames número
112,"Muitos smartphones e tablets não precisam mais
de teclas, uma vez que todos os comandos podem ser
dados ao se pressionar a própria tela. Inicialmente
essa tecnologia foi proporcionada por meio das telas
resistivas, formadas basicamente por duas camadas de
material condutor transparente que não se encostam até
que alguém as pressione, modificando a resistência total
do circuito de acordo com o ponto onde ocorre o toque.
A imagem é uma simplificação do circuito formado pelas
placas, em que A e B representam pontos onde o circuito
pode ser fechado por meio do toque.

Qual é a resistência equivalente no circuito provocada por
um toque que fecha o circuito no ponto A?","A: 1,3k; B: 4,0k; C: 6,0k; D: 6,7k; E: 120k",1.31695,C,2018,acordo alguém b basicamente camadas circuito comandos condutor dados duas encostam equivalente fecha fechado formadas formado imagem inicialmente material meio modificando muitos ocorre onde placas pode podem ponto pontos precisam pressionar pressione proporcionada provocada própria representam resistivas resistência simplificação smartphones tablets teclas tecnologia tela telas todos toque total transparente vez,A: ; B: ; C: ; D: ; E: 
113,"Companhias que fabricam jeans usam cloro para
o clareamento, seguido de lavagem. Algumas estão
substituindo o cloro por substâncias ambientalmente mais
seguras como peróxidos, que podem ser degradados
por enzimas chamadas peroxidases. Pensando nisso,
pesquisadores inseriram genes codificadores de
peroxidases em leveduras cultivadas nas condições de
clareamento e lavagem dos jeans e selecionaram as
sobreviventes para produção dessas enzimas.

Nesse caso, o uso dessas leveduras modificadas objetiva","A: reduzir a quantidade de resíduos tóxicos nos efluentes
da lavagem.; B: eliminar a necessidade de tratamento da água
consumida.; C: elevar a capacidade de clareamento dos jeans.; D: aumentar a resistência do jeans a peróxidos.; E: associar ação bactericida ao clareamento.",0.37898,A,2018,algumas ambientalmente caso chamadas clareamento cloro codificadores companhias condições cultivadas degradados dessas enzimas fabricam genes inseriram jeans lavagem leveduras modificadas nesse nisso objetiva pensando peroxidases peróxidos pesquisadores podem produção seguido seguras selecionaram sobreviventes substituindo substâncias usam uso,A: efluentes lavagem quantidade reduzir resíduos tóxicos; B: consumida eliminar necessidade tratamento água; C: capacidade clareamento elevar jeans; D: aumentar jeans peróxidos resistência; E: associar ação bactericida clareamento
114,"Por meio de reações químicas que envolvem
carboidratos, lipídeos e proteínas, nossas células obtêm
energia e produzem gás carbônico e água. A oxidação
da glicose no organismo humano libera energia, conforme
ilustra a equação química, sendo que aproximadamente
40% dela é disponibilizada para atividade muscular.
C;H,O0, (8) +60,(9)—6CO,(9)+6H,0() AH=-2800kJ

6 1276

Considere as massas molares (em g mol”): H = 1;
C=12;0=16.

Na oxidação de 1,0 grama de glicose, a energia obtida
para atividade muscular, em quilojoule, é mais próxima de","A: 6,2.; B: 15,6.; C: 70,0.; D: 622,2.; E: 120,0.",1.61171,A,2018,ah aproximadamente atividade c carboidratos carbônico conforme considere células disponibilizada energia envolvem equação g glicose grama gás h humano ilustra libera lipídeos massas meio mol molares muscular obtida obtêm organismo oxidação produzem proteínas próxima quilojoule química químicas reações sendo água,A: ; B: ; C: ; D: ; E: 
115,"Alguns peixes, como o poraquê, a enguia-elétrica da
Amazônia, podem produzir uma corrente elétrica quando
se encontram em perigo. Um poraquê de 1 metro de
comprimento, em perigo, produz uma corrente em torno
de 2 ampéres e uma voltagem de 600 volts.

O quadro apresenta a potência aproximada de
equipamentos elétricos.

 

Equipamento elétrico | Potência aproximada (watt)

 

 

 

 

Exaustor 150

Computador 300

Aspirador de pó 600
Churrasqueira elétrica 1 200
Secadora de roupas 3 600

 

O equipamento elétrico que tem potência similar àquela
produzida por esse peixe em perigo é o(a)",A: exaustor.; B: computador.; C: aspirador de pó.; D: Churrasqueira étrica.; E: secadora de roupas.,0.81755,D,2018,alguns amazônia ampéres apresenta aproximada aspirador churrasqueira comprimento computador corrente elétrica elétrico elétricos encontram enguia equipamento equipamentos exaustor metro peixe peixes perigo podem poraquê potência produz produzida produzir pó quadro roupas secadora similar torno voltagem volts watt àquela,A: exaustor; B: computador; C: aspirador pó; D: churrasqueira étrica; E: roupas secadora
116,"Células solares à base de TiO, sensibilizadas por corantes (S) são promissoras e poderão vir a substituir as células de
silício. Nessas células, o corante adsorvido sobre o TiO, é responsável por absorver a energia luminosa (Av), e o corante
excitado (S*) é capaz de transferir elétrons para o TiO,. Um esquema dessa célula e os processos envolvidos estão
ilustrados na figura. A conversão de energia solar em elétrica ocorre por meio da sequência de reações apresentadas.

Eletrodo de TiO,

com corante Corante Eletrodo de Pt
e

 

   

TIO,IS + hyv — TIO,|S* (1)

Mediador de

hv.,
a carga

TIO,|S* — TiO,|S* + e (2)
TIO,|S* + 5 > TIO,|S +5 RR)

e s3E
+05] (4)

 

 

 

D+

A reação 3 é fundamental para o contínuo funcionamento da célula solar, pois",A: reduz íons l- a l3-.; B: regenera o corante.; C: O garante que a reação 4 ocorra.; D: O promove a oxidação do corante.; E: O transfere elétrons para o eletrodo de TIO,1.82425,B,2018,absorver adsorvido apresentadas av base capaz carga contínuo conversão corante corantes célula células d dessa eletrodo elétrica elétrons energia envolvidos esquema excitado figura funcionamento fundamental hv hyv ilustrados is luminosa mediador meio nessas ocorre poderão pois processos promissoras pt reação reações responsável rr s sensibilizadas sequência silício sobre solar solares substituir tio transferir vir,A: l reduz íons; B: corante regenera; C: garante ocorra reação; D: corante oxidação promove; E: eletrodo elétrons tio transfere
117,"O nível metabólico de uma célula pode ser determinado pela taxa de síntese de RNAs e proteínas, processos
dependentes de energia. Essa diferença na taxa de síntese de biomoléculas é refletida na abundância e características
morfológicas dos componentes celulares. Em uma empresa de produção de hormônios proteicos a partir do cultivo de
células animais, um pesquisador deseja selecionar uma linhagem com o metabolismo de síntese mais elevado, dentre
as cinco esquematizadas na figura.

legenda

a Redicato
endoplasmático
rugosa

“= Hoterocromalina

Eucromatina
Nurchéscio

Linhagens:
I Hi um Iv
Coll. gs)

SO:
(4 («9
AJ

| jo)
Qual linhagem deve ser escolhida pelo pesquisador?",A: I; B: II; C: III; D: IV; V: E,1.05073,D,2018,abundância aj animais biomoléculas características celulares cinco coll componentes cultivo célula células dentre dependentes deseja determinado deve diferença elevado empresa endoplasmático energia escolhida esquematizadas eucromatina figura gs hi hormônios hoterocromalina i iv jo legenda linhagem linhagens metabolismo metabólico morfológicas nurchéscio nível partir pesquisador pode processos produção proteicos proteínas redicato refletida rnas rugosa selecionar so síntese taxa,A: i; B: ii; C: iii; D: iv v
118,"Alguns materiais sólidos são compostos por átomos
que interagem entre si formando ligações que podem
ser covalentes, iônicas ou metálicas. A figura apresenta
a energia potencial de ligação em função da distância
interatômica em um sólido cristalino. Analisando essa
figura, observa-se que, na temperatura de zero kelvin,
a distância de equilíbrio da ligação entre os átomos (R,)
corresponde ao valor mínimo de energia potencial. Acima
dessa temperatura, a energia térmica fornecida aos átomos
aumenta sua energia cinética e faz com que eles oscilem
em torno de uma posição de equilíbrio média (círculos
cheios), que é diferente para cada temperatura. A distância
de ligação pode variar sobre toda a extensão das linhas
horizontais, identificadas com o valor da temperatura, de
T,aT, (temperaturas crescentes).

Distância interatômica
>

 

Energia de ligação
O

 

T=0K

O deslocamento observado na distância média revela o
fenômeno da",A: ionização.; B: dilatação.; C: dissociação.; D: quebra de ligações covalentes.; E: formação de ligações metálicas.,1.7307,B,2018,acima alguns analisando apresenta at aumenta cada cheios cinética compostos corresponde covalentes crescentes cristalino círculos deslocamento dessa diferente distância energia equilíbrio extensão faz fenômeno figura formando fornecida função horizontais identificadas interagem interatômica iônicas kelvin ligação ligações linhas materiais metálicas média mínimo observa observado oscilem pode podem posição potencial r revela si sobre sólido sólidos t temperatura temperaturas toda torno térmica valor variar zero átomos,A: ionização; B: dilatação; C: dissociação; D: covalentes ligações quebra; E: formação ligações metálicas
119,"A utilização de extratos de origem natural tem
recebido a atenção de pesquisadores em todo o mundo,
principalmente nos países em desenvolvimento que
são altamente acometidos por doenças infecciosas e
parasitárias. Um bom exemplo dessa utilização são os
produtos de origem botânica que combatem insetos.

O uso desses produtos pode auxiliar no controle da",A: esquistossomose.; B: leptospirose.; C: leishnmaniose.; D: hanseníase.; E: aids.,1.28024,C,2018,acometidos altamente atenção auxiliar bom botânica combatem controle desenvolvimento dessa desses doenças exemplo extratos infecciosas insetos mundo natural origem parasitárias países pesquisadores pode principalmente produtos recebido todo uso utilização,A: esquistossomose; B: leptospirose; C: leishnmaniose; D: hanseníase; E: aids
120,"Nos manuais de instalação de equipamentos de som
há o alerta aos usuários para que observem a correta
polaridade dos fios ao realizarem as conexões das caixas
de som. As figuras ilustram o esquema de conexão das
caixas de som de um equipamento de som mono, no qual
os alto-falantes emitem as mesmas ondas. No primeiro
caso, a ligação obedece às especificações do fabricante
e no segundo mostra uma ligação na qual a polaridade
está invertida.

Polaridade correta
Saídas do equipamento de som

Ido 0

DO

Caixa de som

DO
D
Caixa de som

Polaridade invertida
Saídas do equipamento de som

Ido 06

 

DO

Caixa de som

DO

Caixa de som

O que ocorre com os alto-falantes E e D se forem
conectados de acordo com o segundo esquema?: ","A: O alto-falante E funciona normalmente e o D entra em
curto-circuito e não emite som.; B: O alto-falante E emite ondas sonoras com frequências
ligeiramente diferentes do alto-falante D provocando
o fenômeno de batimento.; C: O alto-falante E emite ondas sonoras com frequências
e fases diferentes do alto-falante D provocando o
fenômeno conhecido como ruído.; D: O alto-falante E emite ondas sonoras que apresentam
um lapso de tempo em relação às emitidas pelo alto-
falante D provocando o fenômeno de reverberação; E: O alto-falante E emite ondas sonoras em oposição
de fase às emitidas pelo alto-falante D provocando
o fenômeno de interferência destrutiva nos pontos
equidistantes aos alto-falantes.",2.00253,E,2018,acordo alerta alto caixa caixas caso conectados conexão conexões correta d emitem equipamento equipamentos especificações esquema fabricante falantes figuras fios ido ilustram instalação invertida ligação manuais mesmas mono mostra obedece observem ocorre ondas polaridade primeiro realizarem saídas segundo som usuários,A: alto circuito curto d emite entra falante funciona normalmente som; B: alto batimento d diferentes emite falante fenômeno frequências ligeiramente ondas provocando sonoras; C: alto conhecido d diferentes emite falante fases fenômeno frequências ondas provocando ruído sonoras; D: alto apresentam d emite emitidas falante fenômeno lapso ondas provocando relação reverberação sonoras tempo; E: alto d destrutiva emite emitidas equidistantes falante falantes fase fenômeno interferência ondas oposição pontos provocando sonoras
121,"O manejo adequado do solo possibilita a manutenção
de sua fertilidade à medida que as trocas de nutrientes
entre matéria orgânica, água, solo e o ar são mantidas
para garantir a produção. Algumas espécies iônicas de
alumínio são tóxicas, não só para a planta, mas para
muitos organismos como as bactérias responsáveis
pelas transformações no ciclo do nitrogênio. O alumínio
danifica as membranas das células das raízes e restringe
a expansão de suas paredes, com isso, a planta não
cresce adequadamente. Para promover benefícios para a
produção agrícola, é recomendada a remediação do solo

utilizando calcário (CaCO,).

Essa remediação promove no solo o(a)","A: diminuição do pH, deixando-o fértil.; B: solubilização do alumínio, ocorrendo sua lixiviação
pela chuva.; C: interação do íon cálcio com o íon alumínio, produzindo
uma liga metálica.; D: reação do carbonato de cálcio com os íons alumínio,
formando alumínio metálico.; E: O aumento da sua alcalinidade, tornando os fons
alumínio menos disponíveis.",1.92499,E,2018,adequadamente adequado agrícola algumas alumínio ar bactérias benefícios caco calcário ciclo cresce células danifica espécies expansão fertilidade garantir iônicas manejo mantidas manutenção matéria medida membranas muitos nitrogênio nutrientes organismos orgânica paredes planta possibilita produção promove promover raízes recomendada remediação responsáveis restringe solo transformações trocas tóxicas utilizando água,A: deixando diminuição fértil ph; B: alumínio chuva lixiviação ocorrendo solubilização; C: alumínio cálcio interação liga metálica produzindo íon; D: alumínio carbonato cálcio formando metálico reação íons; E: alcalinidade alumínio aumento disponíveis fons menos tornando
122,"Visando a melhoria estética de um veículo, o
vendedor de uma loja sugere ao consumidor que ele
troque as rodas de seu automóvel de aro 15 polegadas
para aro 17 polegadas, o que corresponde a um diâmetro
maior do conjunto roda e pneu.

Duas consequências provocadas por essa troca de
aro são:","A: Elevar a posição do centro de massa do veículo
tornando-o mais instável e aumentar a velocidade do
automóvel em relação à indicada no velocímetro.; B: O Abaixar a posição do centro de massa do veículo
tornando-o mais instável e diminuir a velocidade do
automóvel em relação à indicada no velocímetro.; C: O Elevar a posição do centro de massa do veículo
tornando-o mais estável e aumentar a velocidade do
automóvel em relação à indicada no velocímetro.; D: O Abaixar a posição do centro de massa do veículo
tornando-o mais estável e diminuir a velocidade do
automóvel em relação à indicada no velocímetro.; E: O Elevar a posição do centro de massa do veículo
tornando-o mais estável e diminuir a velocidade do
automóvel em relação à indicada no velocímetro.",1.98006,A,2018,aro automóvel conjunto consequências consumidor corresponde diâmetro duas estética loja maior melhoria pneu polegadas provocadas roda rodas sugere troca troque vendedor veículo visando,A: aumentar automóvel centro elevar indicada instável massa posição relação tornando velocidade velocímetro veículo; B: abaixar automóvel centro diminuir indicada instável massa posição relação tornando velocidade velocímetro veículo; C: aumentar automóvel centro elevar estável indicada massa posição relação tornando velocidade velocímetro veículo; D: abaixar automóvel centro diminuir estável indicada massa posição relação tornando velocidade velocímetro veículo; E: automóvel centro diminuir elevar estável indicada massa posição relação tornando velocidade velocímetro veículo
123,"As células e os organismos precisam realizar trabalho
para permanecerem vivos e se reproduzirem. A energia
metabólica necessária para a realização desse trabalho é
oriunda da oxidação de combustíveis, gerados no ciclo do
carbono, por meio de processos capazes de interconverter
diferentes formas da energia.

Combustíveis

reduzidos e
Ç . N
[ade je e] Processo 2
N
N n /
e
H,O

Nesse ciclo, a formação de combustíveis está vinculada à
conversão de energia",A: térmica em cinética.; B: química em térmica.; C: eletroquímica em calor.; D: cinética em eletromagnética.; E: eletromagnética em química.,1.59508,E,2018,ade capazes carbono ciclo combustíveis conversão células desse diferentes energia formas formação gerados h interconverter je meio metabólica n necessária nesse organismos oriunda oxidação permanecerem precisam processo processos realizar realização reduzidos reproduzirem trabalho vinculada vivos ç,A: cinética térmica; B: química térmica; C: calor eletroquímica; D: cinética eletromagnética; E: eletromagnética química
124,"O petróleo é uma fonte de energia de baixo custo
e de larga utilização como matéria-prima para uma
grande variedade de produtos. E um óleo formado
de várias substâncias de origem orgânica, em sua
maioria hidrocarbonetos de diferentes massas molares.
São utilizadas técnicas de separação para obtenção
dos componentes comercializáveis do petróleo.
Além disso, para aumentar a quantidade de frações
comercializáveis, otimizando o produto de origem fóssil,
utiliza-se o processo de craqueamento.

O que ocorre nesse processo?","A: Transformação das frações do petróleo em outras
moléculas menores.; B: Reação de óxido-redução com transferência de
elétrons entre as moléculas.; C: Solubilização das frações do petróleo com a utilização
de diferentes solventes.; D: Decantação das moléculas com diferentes massas
molares pelo uso de centrífugas.;E: Separação dos diferentes componentes do petróleo
em função de suas temperaturas de ebulição.",0.77702,A,2018,além aumentar baixo comercializáveis componentes craqueamento custo diferentes disso energia fonte formado frações fóssil grande hidrocarbonetos larga maioria massas matéria molares nesse obtenção ocorre orgânica origem otimizando petróleo prima processo produto produtos quantidade separação substâncias técnicas utiliza utilizadas utilização variedade várias óleo,A: frações menores moléculas outras petróleo transformação; B: elétrons moléculas reação redução transferência óxido; C: diferentes frações petróleo solubilização solventes utilização; D: centrífugas decantação diferentes massas molares moléculas uso; E: componentes diferentes ebulição função petróleo separação temperaturas
125,"Afigura representa um prisma óptico, constituído de um material transparente, cujo índice de refração é crescente com
a frequência da luz que sobre ele incide. Um feixe luminoso, composto por luzes vermelha, azul e verde, incide na face A,
emerge na face B e, após ser refletido por um espelho, incide num filme para fotografia colorida, revelando três pontos.

O
S

400 450 500 550 600 650 700 750 (nm)

   
 
 

Perfil do filme

Feixe incidente

Espelho

Observando os pontos luminosos revelados no filme, de baixo para cima, constatam-se as seguintes cores:","A: Vermelha, verde, azul.; B: Verde, vermelha, azul.; C: Azul, verde, vermelha.; D: Verde, azul, vermelha.; E: Azul, vermelha, verde.",2.07699,A,2018,afigura após azul b baixo cima colorida composto constatam constituído cores crescente cujo emerge espelho face feixe filme fotografia frequência incide incidente luminoso luminosos luz luzes material nm observando perfil pontos prisma refletido refração representa revelados revelando s seguintes sobre transparente três verde vermelha índice óptico,A: azul verde vermelha; B: azul verde vermelha; C: azul verde vermelha; D: azul verde vermelha; E: azul verde vermelha
126,"Tensoativos são compostos orgânicos que possuem comportamento anfifílico, isto é, possuem duas regiões,
uma hidrofóbica e outra hidrofílica. O principal tensoativo aniônico sintético surgiu na década de 1940 e teve grande
aceitação no mercado de detergentes em razão do melhor desempenho comparado ao do sabão. No entanto, o uso
desse produto provocou grandes problemas ambientais, dentre eles a resistência à degradação biológica, por causa
dos diversos carbonos terciários na cadeia que compõe a porção hidrofóbica desse tensoativo aniônico. As ramificações
na cadeia dificultam sua degradação, levando à persistência no meio ambiente por longos períodos. Isso levou a sua
substituição na maioria dos países por tensoativos biodegradáveis, ou seja, com cadeias alquílicas lineares.
Qual a fórmula estrutural do tensoativo persistente no ambiente mencionado no texto?",A: bon ;B:AAA ;C: SO Na; D: NCl; E: ClN,0.79603,B,2018,aceitação alquílicas ambientais ambiente anfifílico aniônico biodegradáveis biológica cadeia cadeias carbonos causa comparado comportamento compostos compõe degradação dentre desempenho desse detergentes dificultam diversos duas década entanto estrutural fórmula grande grandes hidrofílica hidrofóbica levando levou lineares longos maioria meio melhor mencionado mercado orgânicos outra países persistente persistência períodos porção possuem principal problemas produto provocou ramificações razão regiões resistência sabão sintético substituição surgiu tensoativo tensoativos terciários texto uso,A: aaa b bon; C: so; D: ncl; E: cln
127,"Considere, em um fragmento ambiental, uma árvore matriz com frutos (M) e outras cinco que produziram flores
e são apenas doadoras de pólen (DP1, DP2, DP3, DP4 e DP5). Foi excluída a capacidade de autopolinização das
árvores. Os genótipos da matriz, da semente (S1) e das prováveis fontes de pólen foram obtidos pela análise de dois
locos (loco A e loco B) de marcadores de DNA, conforme a figura.

Esquema M S1 DP1 DP2 DP3 DP4 DP5
do Gel 1
ateo 1 E
locoA alelo? Do] [o RR
aleio3 [HH HS HS
alelo 4 SO
Esquema M S1 DP1 DP2 DP3 DP4 DP5
do Gel 2
alelo 1 HS
loco B alelo 2 ES ES
alelo3 S E
alelo 4 RR
alelo 5 O O

A progênie S1 recebeu o pólen de qual doadora?",A: DP1; B: DP2; C: DP3; D: DP4; E: DP5,0.91258,E,2018,alelo ambiental análise apenas ateo autopolinização b capacidade cinco conforme considere dna doadora doadoras dois es esquema excluída figura flores fontes fragmento frutos gel genótipos hh hs loco locoa locos m marcadores matriz obtidos outras produziram progênie prováveis pólen recebeu rr s semente so árvore árvores,A: ; B: ; C: ; D: ; E: 
128,"Em desenhos animados é comum vermos a personagem tentando impulsionar um barco soprando ar contra
a vela para compensar a falta de vento. Algumas vezes usam o próprio fôlego, foles ou ventiladores. Estudantes
de um laboratório didático resolveram investigar essa possibilidade. Para isso, usaram dois pequenos carros de
plástico, A e B, instalaram sobre estes pequenas ventoinhas e fixaram verticalmente uma cartolina de curvatura
parabólica para desempenhar uma função análoga à vela de um barco. No carro B inverteu-se o sentido da
ventoinha e manteve-se a vela, a fim de manter as características físicas do barco, massa e formato da cartolina.
As figuras representam os carros produzidos. A montagem do carro A busca simular a situação dos desenhos
animados, pois a ventoinha está direcionada para a vela.

Carro A Carro B

  

Com os carros orientados de acordo com as figuras, os estudantes ligaram as ventoinhas, aguardaram o fluxo de
ar ficar permanente e determinaram os módulos das velocidades médias dos carros A (V,) e B (V,) para o mesmo
intervalo de tempo.

Arespeito das intensidades das velocidades médias e do sentido de movimento do carro A, os estudantes observaram que:","A: V,=0; V;>0;0 carro A não se move.; B: 0<V,< V;;o carro A se move para a direita.; C: 0<V,< V;; O carro A se move para a esquerda.; D: A:<V;B:V,;Ccarro A se move para a direita.; E: O<V;<V,o carro A se move para a esquerda.",1.16868,B,2018,acordo aguardaram algumas animados análoga ar arespeito b barco busca características carro carros cartolina compensar comum contra curvatura desempenhar desenhos determinaram didático direcionada dois estudantes falta ficar figuras fim fixaram fluxo foles formato função físicas fôlego impulsionar instalaram intensidades intervalo inverteu investigar laboratório ligaram manter manteve massa montagem movimento médias módulos observaram orientados parabólica pequenas pequenos permanente personagem plástico pois possibilidade produzidos próprio representam resolveram sentido simular situação sobre soprando tempo tentando usam usaram v vela velocidades ventiladores vento ventoinha ventoinhas vermos verticalmente vezes,A: carro move v; B: carro direita move v; C: carro esquerda move v; D: b ccarro direita move v; E: carro esquerda move v
129,"Muitos primatas, incluindo nós humanos, possuem
visão tricromática: têm três pigmentos visuais na retina
sensíveis à luz de uma determinada faixa de comprimentos
de onda. Informalmente, embora os pigmentos em si não
possuam cor, estes são conhecidos como pigmentos
“azul”, “verde” e “vermelho” e estão associados à cor
que causa grande excitação (ativação). A sensação que
temos ao observar um objeto colorido decorre da ativação
relativa dos três pigmentos. Ou seja, se estimulássemos
a retina com uma luz na faixa de 530 nm (retângulo | no
gráfico), não excitaríamos o pigmento “azul”, o pigmento
“verde” seria ativado ao máximo e o “vermelho” seria
ativado em aproximadamente 75%, e isso nos daria
a sensação de ver uma cor amarelada. Já uma luz na
faixa de comprimento de onda de 600 nm (retângulo II)
estimularia o pigmento “verde” um pouco e o “vermelho”
em cerca de 75%, e isso nos daria a sensação de ver
laranja-avermelhado. No entanto, há características
genéticas presentes em alguns indivíduos, conhecidas
coletivamente como Daltonismo, em que um ou mais
pigmentos não funcionam perfeitamente.

 
 
 
  

 

 

— “azul”
== = “Verde”
mem “Vermelho”
50

Ativação (%)

 

 

 

 

400 450

500 550 600 650

verde amarelo laranja vermelho

 

 

 

azul

Comprimento de onda (nm)

roxo

 


Caso estimulássemos a retina de um indivíduo com essa
característica, que não possuísse o pigmento conhecido
como “verde”, com as luzes de 530 nm e 600 nm na mesma
intensidade luminosa, esse indivíduo seria incapaz de","A: identificar o comprimento de onda do amarelo, uma
vez que não possui o pigmento “verde”.; B: ver o estímulo de comprimento de onda laranja, pois
não haveria estimulação de um pigmento visual.; C: detectar ambos os comprimentos de onda, uma vez
que a estimulação dos pigmentos estaria prejudicada.; D: visualizar o estímulo do comprimento de onda roxo,
já que este se encontra na outra ponta do espectro.; E: distinguir os dois comprimentos de onda, pois
ambos estimulam o pigmento “vermelho” na mesma
intensidade.",1.96584,E,2018,alguns amarelada amarelo aproximadamente associados ativado ativação avermelhado azul característica características caso causa cerca coletivamente colorido comprimento comprimentos conhecidas conhecido conhecidos cor daltonismo daria decorre determinada embora entanto estimularia estimulássemos excitaríamos excitação faixa funcionam genéticas grande gráfico humanos ii incapaz incluindo indivíduo indivíduos informalmente intensidade laranja luminosa luz luzes mem mesma muitos máximo nm objeto observar onda perfeitamente pigmento pigmentos possuam possuem possuísse pouco presentes primatas relativa retina retângulo roxo sensação sensíveis si tricromática três têm ver verde vermelho visuais visão,A: amarelo comprimento identificar onda pigmento possui verde vez; B: comprimento estimulação estímulo haveria laranja onda pigmento pois ver visual; C: ambos comprimentos detectar estaria estimulação onda pigmentos prejudicada vez; D: comprimento encontra espectro estímulo onda outra ponta roxo visualizar; E: ambos comprimentos distinguir dois estimulam intensidade mesma onda pigmento pois vermelho
130,"O grafeno é uma forma alotrópica do carbono
constituído por uma folha planar (arranjo bidimensional)
de átomos de carbono compactados e com a espessura
de apenas um átomo. Sua estrutura é hexagonal,
conforme a figura.

 

Nesse arranjo, os átomos de carbono possuem hibridação","A: sp de geometria linear.; B: sp2 de geometria trigonal planar.; C: sp3 alternados com carbonos com hibridação sp de
geometria linear.; D: sp3d de geometria planar.; E: sp3d2 com geometria hexagonal planar.",1.8928,B,2018,alotrópica apenas arranjo bidimensional carbono compactados conforme constituído espessura estrutura figura folha forma grafeno hexagonal hibridação nesse planar possuem átomo átomos,A: geometria linear sp; B: geometria planar trigonal; C: alternados carbonos geometria hibridação linear sp; D: geometria planar; E: geometria hexagonal planar
131,"Um projetista deseja construir um brinquedo que
lance um pequeno cubo ao longo de um trilho horizontal,
e o dispositivo precisa oferecer a opção de mudar a
velocidade de lançamento. Para isso, ele utiliza uma mola
e um trilho onde o atrito pode ser desprezado, conforme
a figura.

Cubo

Mola Trilho horizontal

Para que a velocidade de lançamento do cubo seja
aumentada quatro vezes, o projetista deve","A: manter a mesma mola e aumentar duas vezes a sua
deformação.; B: manter a mesma mola e aumentar quatro vezes a sua
deformação.; C: manter a mesma mola e aumentar dezesseis vezes a
sua deformação.; D: trocar a mola por outra de constante elástica duas
vezes maior e manter a deformação.; E: trocar a mola por outra de constante elástica quatro
vezes maior e manter a deformação.",2.09568,B,2018,atrito aumentada brinquedo conforme construir cubo deseja desprezado deve dispositivo figura horizontal lance lançamento longo mola mudar oferecer onde opção pequeno pode precisa projetista quatro trilho utiliza velocidade vezes,A: aumentar deformação duas manter mesma mola vezes; B: aumentar deformação manter mesma mola quatro vezes; C: aumentar deformação dezesseis manter mesma mola vezes; D: constante deformação duas elástica maior manter mola outra trocar vezes; E: constante deformação elástica maior manter mola outra quatro trocar vezes
132,"As abelhas utilizam a sinalização química para
distinguir a abelha-rainha de uma operária, sendo
capazes de reconhecer diferenças entre moléculas.
A rainha produz o sinalizador químico conhecido como
ácido 9-hidroxidec-2-enoico, enquanto as abelhas-
-operárias produzem ácido 10-hidroxidec-2-enoico.
Nós podemos distinguir as abelhas-operárias e rainhas
por sua aparência, mas, entre si, elas usam essa
sinalização química para perceber a diferença. Pode-se

dizer que veem por meio da química.

As moléculas dos sinalizadores químicos produzidas
pelas abelhas rainha e operária possuem diferença na","A: fórmula estrutural.; B: fórmula molecular.; C: identificação dos tipos de ligação.; D: contagem do número de carbonos.; E: identificação dos grupos funcionais.""",0.97872,A,2018,abelha abelhas aparência capazes conhecido diferença diferenças distinguir dizer enoico enquanto hidroxidec meio moléculas operária operárias perceber pode podemos possuem produz produzem produzidas química químico químicos rainha rainhas reconhecer sendo si sinalizador sinalizadores sinalização usam utilizam veem ácido,A: estrutural fórmula; B: fórmula molecular; C: identificação ligação tipos; D: carbonos contagem número; E: funcionais grupos identificação
133,"Insetos podem apresentar três tipos de desenvolvimento.
Um deles, a holometabolia (desenvolvimento completo),
é constituído pelas fases de ovo, larva, pupa e adulto
sexualmente maduro, que ocupam diversos hábitats.
Os insetos com holometabolia pertencem às ordens mais
numerosas em termos de espécies conhecidas.

Esse tipo de desenvolvimento está relacionado a um
maior número de espécies em razão da","A: proteção na fase de pupa, favorecendo a sobrevivência
de adultos férteis.; B: produção de muitos ovos, larvas e pupas, aumentando
o número de adultos.; C: exploração de diferentes nichos,
competição entre as fases da vida.; D: ingestão de alimentos em todas as fases de vida,
garantindo o surgimento do adulto.; E: utilização do mesmo alimento em todas as fases,
otimizando a nutrição do organismo.",1.42382,C,2018,adulto apresentar completo conhecidas constituído desenvolvimento diversos espécies fases holometabolia hábitats insetos larva maduro maior numerosas número ocupam ordens ovo pertencem podem pupa razão relacionado sexualmente termos tipo tipos três,A: adultos fase favorecendo férteis proteção pupa sobrevivência; B: adultos aumentando larvas muitos número ovos produção pupas; C: competição diferentes exploração fases nichos vida; D: adulto alimentos fases garantindo ingestão surgimento todas vida; E: alimento fases nutrição organismo otimizando todas utilização
134,"Talvez você já tenha bebido suco usando dois
canudinhos iguais. Entretanto, pode-se verificar que, se
colocar um canudo imerso no suco e outro do lado de
fora do líquido, fazendo a sucção simultaneamente em
ambos, você terá dificuldade em bebê-lo.

Essa dificuldade ocorre porque o(a)","A: força necessária para a sucção do ar e do suco
simultaneamente dobra de valor.; B: O densidade do ar é menor que a do suco, portanto, o
volume de ar aspirado é muito maior que o volume
de suco.; C: velocidade com que o suco sobe deve ser constante
nos dois canudos, o que é impossível com um dos
canudos de fora.; D: O peso da coluna de suco é consideravelmente maior
que o peso da coluna de ar, o que dificulta a sucção
do líquido.; E: pressão no interior da boca assume praticamente o
mesmo valor daquela que atua sobre o suco.",1.81929,E,2018,ambos bebido bebê canudinhos canudo colocar dificuldade dois entretanto fazendo iguais imerso lado lo líquido ocorre outro pode porque simultaneamente suco sucção talvez usando verificar,A: ar dobra força necessária simultaneamente suco sucção valor; B: ar aspirado densidade maior menor portanto suco volume; C: canudos constante deve dois impossível sobe suco velocidade; D: ar coluna consideravelmente dificulta líquido maior peso suco sucção; E: assume atua boca daquela interior praticamente pressão sobre suco valor
135,"O alemão Fritz Haber recebeu o Prêmio Nobel de
química de 1918 pelo desenvolvimento de um processo
viável para a síntese da amônia (NH,). Em seu discurso
de premiação, Haber justificou a importância do feito
dizendo que:

“Desde a metade do século passado, tornou-se
conhecido que um suprimento de nitrogênio é uma
necessidade básica para o aumento das safras de
alimentos; entretanto, também se sabia que as plantas
não podem absorver o nitrogênio em sua forma simples,
que é o principal constituinte da atmosfera. Elas precisam
que o nitrogênio seja combinado [...] para poderem
assimilá-lo.

Economias agrícolas basicamente mantêm o balanço
do nitrogênio ligado. No entanto, com o advento da era
industrial, os produtos do solo são levados de onde cresce
a colheita para lugares distantes, onde são consumidos,
fazendo com que o nitrogênio ligado não retorne à terra
da qual foi retirado.

Isso tem gerado a necessidade econômica mundial
de abastecer o solo com nitrogênio ligado. [...] A demanda
por nitrogênio, tal como a do carvão, indica quão diferente
nosso modo de vida se tornou com relação ao das
pessoas que, com seus próprios corpos, fertilizam o solo
que cultivam.

Desde a metade do último século, nós vínhamos
aproveitando o suprimento de nitrogênio do salitre que
a natureza tinha depositado nos desertos montanhosos
do Chile. Comparando o rápido crescimento da demanda
com a extensão calculada desses depósitos, ficou
claro que em meados do século atual uma emergência
seríssima seria inevitável, a menos que a química

encontrasse uma saída.”

De acordo com os argumentos de Haber, qual fenômeno
teria provocado o desequilíbrio no “balanço do nitrogênio
ligado”?","A: O esgotamento das reservas de salitre no Chile.; B: O aumento da exploração de carvão vegetal e carvão
mineral.; C: A redução da fertilidade do solo nas economias
agrícolas.; D: A intensificação no fluxo de pessoas do campo para
as cidades.; E: A necessidade das plantas de absorverem sais de
nitrogênio disponíveis no solo.",1.777,D,2018,abastecer absorver acordo advento agrícolas alemão alimentos amônia aproveitando argumentos assimilá atmosfera atual aumento balanço basicamente básica calculada carvão chile claro colheita combinado comparando conhecido constituinte consumidos corpos cresce crescimento cultivam demanda depositado depósitos desde desenvolvimento desequilíbrio desertos desses diferente discurso distantes dizendo economias econômica emergência encontrasse entanto entretanto extensão fazendo feito fenômeno fertilizam ficou forma fritz gerado haber importância indica industrial inevitável justificou levados ligado lo lugares mantêm meados menos metade modo montanhosos mundial natureza necessidade nh nitrogênio nobel onde passado pessoas plantas podem poderem precisam premiação principal processo produtos provocado prêmio próprios quão química recebeu relação retirado retorne rápido sabia safras salitre saída seríssima simples solo suprimento século síntese tal terra tornou vida viável vínhamos último,A: chile esgotamento reservas salitre; B: aumento carvão exploração mineral vegetal; C: agrícolas economias fertilidade redução solo; D: campo cidades fluxo intensificação pessoas; E: absorverem disponíveis necessidade nitrogênio plantas sais solo
91,"O número de abelhas encontra-se em declínio em 
várias regiões do mundo, inclusive no Brasil, sendo 
que vários fatores contribuem para o colapso de suas 
colmeias. Nos Estados Unidos, bombas de sementes 
de espécies vegetais nativas têm sido utilizadas para 
combater o desaparecimento desses insetos. Elas são 
pequenas bolinhas recheadas com sementes, adubo e 
argila. Quando são arremessadas e ficam expostas ao 
sol e à chuva, germinam até mesmo em solo pouco fértil.
DARAYA, V. Disponível em: http://planetasustentavel.abril.com.br. 
Acesso em: 2 fev. 2015 (adaptado).
Esse método contribui para a preservação das abelhas 
porque",A: reduz sua predação.; B: reduz o uso de pesticidas.; C: reduz a competição por abrigo.; D: aumenta a oferta de alimento.; E: aumenta os locais de reprodução.,0.14732,D,2023,abelhas abril acesso adaptado adubo argila arremessadas bolinhas bombas br brasil chuva colapso colmeias combater contribuem contribui daraya declínio desaparecimento desses disponível encontra espécies estados expostas fatores fev ficam fértil germinam http inclusive insetos mundo método nativas número pequenas planetasustentavel porque pouco preservação recheadas regiões sementes sendo sido sol solo têm unidos utilizadas v vegetais várias vários,A: predação reduz; B: pesticidas reduz uso; C: abrigo competição reduz; D: alimento aumenta oferta; E: aumenta locais reprodução
92,"Os mais antigos cozinhavam o feijão na panela de ferro a 
fim de acabar com a palidez de seus filhos. Alguns chegavam 
até a colocar um prego enferrujado nesse cozimento para 
liberar o ferro contido nele. Sabe-se que esse elemento 
pode ser encontrado na sua forma metálica ou iônica,  
sendo essencial para a manutenção da vida humana.
As estratégias citadas eram utilizadas com o objetivo de",A: tratar a diarreia.; B: prevenir a anemia.; C: evitar as verminoses.; D: remediar o raquitismo.; E: combater a febre amarela.,-1.14947,B,2023,acabar alguns antigos chegavam citadas colocar contido cozimento cozinhavam elemento encontrado enferrujado essencial estratégias feijão ferro filhos fim forma humana iônica liberar manutenção metálica nele nesse objetivo palidez panela pode prego sabe sendo utilizadas vida,A: diarreia tratar; B: anemia prevenir; C: evitar verminoses; D: raquitismo remediar; E: amarela combater febre
93,"A utilização de tecnologia nuclear é um tema 
bastante controverso, por causa do risco de acidentes 
graves, como aqueles ocorridos em Chernobyl (1986),  
em Goiânia (1987) e em Fukushima (2011). Apesar de 
muitas desvantagens, como a geração de resíduos 
tóxicos, a descontaminação ambiental dispendiosa em 
caso de acidentes e a utilização em armas nucleares, 
a geração de energia nuclear apresenta vantagens em 
comparação a outras fontes de energia.
A geração dessa energia tem como característica:",A: Formar resíduos facilmente recicláveis.; B: Promover o aumento do desmatamento.; C: Contribuir para a produção de chuva ácida.; D: Emitir gases tóxicos que são lançados no ambiente.; E: Produzir calor sem o consumo de combustíveis fósseis.,0.32923,E,2023,acidentes ambiental apesar apresenta armas bastante característica caso causa chernobyl comparação controverso descontaminação dessa desvantagens dispendiosa energia fontes fukushima geração goiânia graves muitas nuclear nucleares ocorridos outras resíduos risco tecnologia tema tóxicos utilização vantagens,A: facilmente formar recicláveis resíduos; B: aumento desmatamento promover; C: chuva contribuir produção ácida; D: ambiente emitir gases lançados tóxicos; E: calor combustíveis consumo fósseis produzir
94,"Em uma indústria, o controle da dureza da água é 
importante quando ela é utilizada em caldeiras, uma vez 
que sais pouco solúveis, formados a partir de sulfatos e 
carbonatos, podem acumular-se no interior das tubulações, 
causando obstruções. Para avaliar a água utilizada nessa 
indústria, foram realizados testes de qualidade que 
consideraram os seguintes parâmetros:
Teste
Parâmetro medido
Cálcio
Cloreto
Turbidez
Coliformes totais
Sólidos sedimentáveis
Qual teste deve ser considerado para controlar a 
formação desse tipo de obstrução de tubulações?",A: 1; B: 2; C: 3; D: 4; E: 5,2.67412,A,2023,acumular avaliar caldeiras carbonatos causando cloreto coliformes considerado consideraram controlar controle cálcio desse deve dureza formados formação importante indústria interior medido nessa obstrução obstruções partir parâmetro parâmetros podem pouco qualidade realizados sais sedimentáveis seguintes solúveis sulfatos sólidos teste testes tipo totais tubulações turbidez utilizada vez água,A: ; B: ; C: ; D: ; E: 
95,"As aves apresentam dois tipos de músculos em seus 
corpos: vermelhos e brancos. Aves migratórias como garças, 
gansos e patos selvagens têm os músculos vermelhos bem 
desenvolvidos, com ampla rede de vasos sanguíneos.
Nas viagens por grandes distâncias, tais músculos são 
fundamentais, pois favorecem o(a)",A: execução de manobras.; B: metabolismo corpóreo elevado.; C: manutenção da aerodinâmica.; D: deslocamento a grandes velocidades.; E: capacidade de voo em grandes altitudes.,2.13278,B,2023,ampla apresentam aves bem brancos corpos desenvolvidos distâncias dois favorecem fundamentais gansos garças grandes migratórias músculos patos pois rede sanguíneos selvagens tais tipos têm vasos vermelhos viagens,A: execução manobras; B: corpóreo elevado metabolismo; C: aerodinâmica manutenção; D: deslocamento grandes velocidades; E: altitudes capacidade grandes voo
96,"Existe no comércio um produto antimofo constituído por 
uma embalagem com tampa perfurada contendo cloreto 
de cálcio anidro, CaCl2. Uma vez aberto o lacre, essa 
substância absorve a umidade ambiente, transformando-se 
em cloreto de cálcio di-hidratado, CaCl2⋅ 2H2O. 
Considere a massa molar da água igual a 18 g mol−1, e a 
massa molar do cloreto de cálcio anidro igual a 111 g mol−1.
Na hidratação da substância presente no antimofo, o 
ganho percentual, em massa, é mais próximo de",A: 14%; B: 16%; C: 24%; D: 32%; E: 75%,1.34607,D,2023,aberto absorve ambiente anidro antimofo cloreto comércio considere constituído contendo cálcio di embalagem existe g ganho hidratado hidratação igual lacre massa mol molar percentual perfurada presente produto próximo substância tampa transformando umidade vez água,A: ; B: ; C: ; D: ; E: 
97,"Um garoto comprou vários abacates na feira, mas 
descobriu que eles não estavam maduros o suficiente 
para serem consumidos. Sua mãe recomendou que 
ele colocasse os abacates em um recipiente fechado, 
pois isso aceleraria seu amadurecimento. Com certa 
dúvida, o garoto realizou esta experiência: colocou 
alguns abacates no recipiente e deixou os demais em 
uma fruteira aberta. Surpreendendo-se, ele percebeu 
que os frutos que estavam no recipiente fechado 
amadureceram mais rapidamente.
A aceleração desse processo é causada por",A: acúmulo de gás etileno.; B: redução da umidade do ar.; C: aumento da concentração de CO2.; D: diminuição da intensidade luminosa.; E: isolamento do contato com O2 atmosférico.,1.27129,A,2023,abacates aberta aceleraria aceleração alguns amadureceram amadurecimento causada certa colocasse colocou comprou consumidos deixou demais descobriu desse dúvida experiência fechado feira fruteira frutos garoto maduros mãe percebeu pois processo rapidamente realizou recipiente recomendou serem suficiente surpreendendo vários,A: acúmulo etileno gás; B: ar redução umidade; C: aumento concentração; D: diminuição intensidade luminosa; E: atmosférico contato isolamento
98,"Há muito tempo são conhecidas espécies de 
lesmas-do-mar com uma capacidade ímpar: guardar 
parte da maquinaria das células das algas que 
consomem — os cloroplastos — e mantê-los funcionais 
dentro das suas próprias células, obtendo assim 
parte do seu alimento. Investigadores portugueses 
descobriram que essas lesmas-do-mar podem ser 
mais eficientes nesse processo do que as próprias 
algas que consomem.
Disponível em: www.cienciahoje.pt. Acesso em: 10 fev. 2015 (adaptado).
Essa adaptação confere a esse organismo a capacidade 
de obter primariamente",A: ácidos nucleicos.; B: carboidratos.; C: proteínas.; D: vitaminas.; E: lipídios.,1.19295,B,2023,acesso adaptado adaptação algas alimento assim capacidade cienciahoje cloroplastos confere conhecidas consomem células dentro descobriram disponível eficientes espécies fev funcionais guardar investigadores lesmas los mantê maquinaria mar nesse obtendo obter organismo parte podem portugueses primariamente processo próprias pt tempo www ímpar,A: nucleicos ácidos; B: carboidratos; C: proteínas; D: vitaminas; E: lipídios
99,"A leishmaniose visceral é uma zoonose causada por 
um protozoário do gênero Leishmania que é encontrado em 
diversos tecidos. Ela é transmitida ao homem de forma 
indireta, por vetores do ambiente doméstico. O cão é 
considerado um importante hospedeiro desse protozoário, 
podendo ou não apresentar os sintomas da doença, como 
perda de peso, anemia, ferimentos na pele, diarreia, 
conjuntivite e insuficiência renal. Em uma região que 
sofre com alta incidência dessa doença, uma campanha 
do centro de zoonoses buscou verificar a presença desse 
protozoário nos cães para tentar controlar a doença.
Em qual material biológico dos cães a presença desse 
protozoário representa risco de transmissão dessa zoonose?",A: Urina.; B: Saliva.; C: Fezes.; D: Sangue.; E: Secreção ocular.,2.35841,D,2023,alta ambiente anemia apresentar biológico buscou campanha causada centro conjuntivite considerado controlar cães cão dessa desse diarreia diversos doença doméstico encontrado ferimentos forma gênero homem hospedeiro importante incidência indireta insuficiência leishmania leishmaniose material pele perda peso podendo presença protozoário região renal representa risco sintomas sofre tecidos tentar transmissão transmitida verificar vetores visceral zoonose zoonoses,A: urina; B: saliva; C: fezes; D: sangue; E: ocular secreção
100,"Um professor lança uma esfera verticalmente para 
cima, a qual retorna, depois de alguns segundos, ao ponto 
de lançamento. Em seguida, lista em um quadro todas as 
possibilidades para as grandezas cinemáticas.
Grandeza cinemática
Módulo
Sentido
Velocidade
v ≠ 0
Para cima
Para baixo
v = 0
Indefi nido*
Aceleração
a ≠ 0
Para cima
Para baixo
a = 0
Indefi nido*
*Grandezas com módulo nulo não têm sentido definido.
Ele solicita aos alunos que analisem as grandezas 
cinemáticas no instante em que a esfera atinge a altura 
máxima, escolhendo uma combinação para os módulos 
e sentidos da velocidade e da aceleração.
A escolha que corresponde à combinação correta é",A: v = 0 e a ≠ 0 para cima.; B: v ≠ 0 para cima e a = 0.; C: v = 0 e a ≠ 0 para baixo.; D: v ≠ 0 para cima e a ≠ 0 para cima.; E: v ≠ 0 para baixo e a ≠ 0 para baixo.,1.04691,C,2023,aceleração alguns altura alunos analisem atinge baixo cima cinemática cinemáticas combinação corresponde correta definido escolha escolhendo esfera grandeza grandezas indefi instante lança lançamento lista máxima módulo módulos nido nulo ponto possibilidades professor quadro retorna seguida segundos sentido sentidos solicita todas têm v velocidade verticalmente,A: cima v; B: cima v; C: baixo v; D: cima v; E: baixo v
101,"Muitas mulheres sofrem com desconfortos nos dias 
que antecedem a menstruação, a chamada tensão 
pré-menstrual. Entre outros sintomas, podem ocorrer 
alterações de humor. Atualmente, acredita-se que os 
sintomas são resultado da queda na concentração do 
neurotransmissor serotonina, que, por sua vez, está 
relacionado com a diminuição na produção dos hormônios 
ovarianos estrógeno e progesterona, observada nessa 
fase do ciclo feminino.
DIMMOCK, P. W. et al. Efficacy of Selective Serotonin-Reuptake Inhibitors in Premenstrual 
Syndrome: a Systematic Review. The Lancet, n. 9 236, 2000 (adaptado).
A redução da produção desses hormônios nessa fase 
está relacionada com o(a)",A: regressão do corpo lúteo ovariano.; B: diminuição na produção de ocitocina.; C: liberação do gameta feminino na ovulação.; D: aumento nos níveis dos hormônios LH e FSH.; E: elevação nos níveis sorológicos de adrenalina.,2.20856,A,2023,acredita adaptado al alterações antecedem atualmente chamada ciclo concentração desconfortos desses dias diminuição dimmock efficacy estrógeno et fase feminino hormônios humor in inhibitors lancet menstrual menstruação muitas mulheres n nessa neurotransmissor observada ocorrer of outros ovarianos p podem premenstrual produção progesterona pré queda redução relacionada relacionado resultado reuptake review selective serotonin serotonina sintomas sofrem syndrome systematic tensão the vez w,A: corpo lúteo ovariano regressão; B: diminuição ocitocina produção; C: feminino gameta liberação ovulação; D: aumento fsh hormônios lh níveis; E: adrenalina elevação níveis sorológicos
102,"As cetonas fazem parte de famílias olfativas encontradas 
em muitos alimentos. A molécula de hexan-3-ona é um 
exemplo desses compostos voláteis responsáveis pelo 
aroma, podendo ser obtida por processos energéticos 
realizados em meio ácido, na presença de oxidantes como 
o permanganato de potássio.
Para se produzir esse composto volátil em laboratório, 
deve-se oxidar a molécula de",A: hexanal.; B: hexan-1-ol.; C: hexan-3-ol.; D: hex-1-en-1-ol.; E: ácido hexanoico.,1.55583,C,2023,alimentos aroma cetonas composto compostos desses deve encontradas energéticos exemplo famílias fazem hexan laboratório meio molécula muitos obtida olfativas ona oxidantes oxidar parte permanganato podendo potássio presença processos produzir realizados responsáveis voláteis volátil ácido,A: hexanal; B: hexan ol; C: hexan ol; D: en hex ol; E: hexanoico ácido
103,"Durante a evolução das plantas, ocorreu uma transição 
do ambiente aquático para o ambiente terrestre graças ao 
surgimento de algumas estruturas que as tornaram 
independentes da água. Esse fato permitiu maior dispersão 
desse grupo de seres vivos, sendo possível observá-los 
em diferentes ambientes na atualidade.
Qual estrutura possibilitou a independência da água para 
a fecundação dos seres vivos citados acima?",A: Fruto.; B: Esporo.; C: Semente.; D: Tubo polínico.; E: Vaso condutor.,1.97126,D,2023,acima algumas ambiente ambientes aquático atualidade citados desse diferentes dispersão durante estrutura estruturas evolução fato fecundação graças grupo independentes independência los maior observá ocorreu permitiu plantas possibilitou possível sendo seres surgimento terrestre tornaram transição vivos água,A: fruto; B: esporo; C: semente; D: polínico tubo; E: condutor vaso
104,"O vidro contendo alumínio em sua composição é 
um excelente material para acondicionar medicamentos 
e suplementos, porque pode ser esterilizado por 
aquecimento. No entanto, quando o medicamento 
ou suplemento contém substâncias que se ligam 
fortemente ao íon desse metal, a dissolução do 
alumínio é promovida em função do deslocamento 
do equilíbrio químico estabelecido entre a espécie 
imobilizada no vidro e a espécie em solução. Por essa 
razão, recomenda-se que suplementos de nutrição de 
recém-nascidos contendo gluconato de cálcio sejam 
acondicionados em embalagens plásticas, e não nesse 
tipo de vidro.
Atualização da recomendação da Sociedade Portuguesa de Neonatologia. 
Disponível em: www.spneonatologia.pt. Acesso em: 22 out. 2021 (adaptado).
Caso esse suplemento seja acondicionado em embalagem 
desse tipo de vidro, o risco de contaminação por alumínio 
será maior se o(a)","A: vidro do frasco for translúcido.; B: concentração de gluconato de cálcio for alta.; C: frasco de vidro apresentar uma maior espessura.; D: vidro for previamente esterilizado em altas 
temperaturas.; E: reação do alumínio com gluconato de cálcio for 
endotérmica.",1.5224,B,2023,acesso acondicionado acondicionados acondicionar adaptado alumínio aquecimento atualização caso composição contaminação contendo contém cálcio deslocamento desse disponível dissolução embalagem embalagens entanto equilíbrio espécie estabelecido esterilizado excelente fortemente função gluconato imobilizada ligam maior material medicamento medicamentos metal nascidos neonatologia nesse nutrição out plásticas pode porque portuguesa promovida pt químico razão recomenda recomendação recém risco sociedade solução spneonatologia substâncias suplemento suplementos tipo vidro www íon,A: frasco translúcido vidro; B: alta concentração cálcio gluconato; C: apresentar espessura frasco maior vidro; D: altas esterilizado previamente temperaturas vidro; E: alumínio cálcio endotérmica gluconato reação
105,"Barbatimão é o nome popular de uma árvore cuja 
casca é utilizada para fins medicinais. Essa casca é 
constituída principalmente de dois tecidos vegetais: 
periderme e floema. A extração da casca tem levado à 
morte muitos indivíduos dessa espécie, quando o corte 
retira um anel completo ao longo da circunferência do 
tronco. Aqueles que têm parte da casca retirada sem 
completar essa circunferência podem sobreviver.
A morte desses indivíduos, decorrente da retirada do anel 
completo da casca, é provocada pela interrupção da",A: fotossíntese.; B: transpiração.; C: troca de gases.; D: formação de brotos.; E: nutrição das raízes.,1.01182,E,2023,anel barbatimão casca circunferência completar completo constituída corte cuja decorrente dessa desses dois espécie extração fins floema indivíduos interrupção levado longo medicinais morte muitos nome parte periderme podem popular principalmente provocada retira retirada sobreviver tecidos tronco têm utilizada vegetais árvore,A: fotossíntese; B: transpiração; C: gases troca; D: brotos formação; E: nutrição raízes
106,"A tecnologia de vacinas de RNA mensageiro (RNAm) 
é investigada há anos. Avanços científicos em genética 
molecular permitiram desenvolver uma vacina para 
controle da pandemia da covid-19 causada pelo vírus de 
RNA SARS-CoV-2. A vacina de RNAm tem sequências 
de genes do vírus. Entretanto, por ser muito instável, o 
RNAm deve ser recoberto por uma capa de lipídios que 
evita sua degradação e favorece sua ação. Dessa forma, 
o RNAm desempenhará sua função específica atuando 
no mesmo compartimento celular de sempre.
Disponível em: https://sbim.org.br. Acesso em: 29 nov. 2021 (adaptado).
A imunização produzida por esse tipo de vacina é 
alcançada por meio da","A: estimulação de leucócitos induzida pela capa lipídica 
contendo RNAm.; B: atuação do RNAm como sequestrador do vírus para 
o meio extracelular.; C: tradução do RNAm em proteína viral, desencadeando 
a resposta antigênica.; D: competição entre o RNAm vacinal e o RNA viral pelos 
sítios dos ribossomos.; E: incorporação do RNAm viral ao genoma do hospedeiro, 
gerando novo fenótipo.",0.69491,C,2023,acesso adaptado alcançada anos atuando avanços ação br capa causada celular científicos compartimento controle cov covid degradação desempenhará desenvolver dessa deve disponível entretanto específica evita favorece forma função genes genética https imunização instável investigada lipídios meio mensageiro molecular nov org pandemia permitiram produzida recoberto rna rnam sars sbim sempre sequências tecnologia tipo vacina vacinas vírus,A: capa contendo estimulação induzida leucócitos lipídica rnam; B: atuação extracelular meio rnam sequestrador vírus; C: antigênica desencadeando proteína resposta rnam tradução viral; D: competição ribossomos rna rnam sítios vacinal viral; E: fenótipo genoma gerando hospedeiro incorporação novo rnam viral
107,"Na fertilização in vitro, espermatozoides são adicionados 
aos gametas femininos retirados de uma mulher. Após o 
período de incubação, a fecundação é favorecida pela ação 
de enzimas. Em um procedimento realizado, observou-se 
que nenhum dos gametas femininos foi fertilizado e, 
posteriormente, verificou-se que havia sido adicionado, 
equivocadamente, um coquetel de inibidores das enzimas do 
acrossomo, no lugar de um dos nutrientes constituintes do 
meio de cultura.
O coquetel de inibidores impediu o(a)","A: formação do pronúcleo masculino.; B: início da divisão mitótica do zigoto.; C: término da segunda divisão meiótica do ovócito.; D: passagem do espermatozoide pela corona radiata e 
zona pelúcida.; E: fusão das membranas plasmáticas do ovócito e do 
espermatozoide.",1.82071,D,2023,acrossomo adicionado adicionados após ação constituintes coquetel cultura enzimas equivocadamente espermatozoides favorecida fecundação femininos fertilizado fertilização gametas havia impediu in incubação inibidores lugar meio mulher nenhum nutrientes observou período posteriormente procedimento realizado retirados sido verificou vitro,A: formação masculino pronúcleo; B: divisão início mitótica zigoto; C: divisão meiótica ovócito segunda término; D: corona espermatozoide passagem pelúcida radiata zona; E: espermatozoide fusão membranas ovócito plasmáticas
108,"O fogão por indução funciona a partir do surgimento 
de uma corrente elétrica induzida no fundo da panela, 
com consequente transformação de energia elétrica 
em calor por efeito Joule. A principal vantagem desses 
fogões é a eficiência energética, que é substancialmente 
maior que a dos fogões convencionais.
A corrente elétrica mencionada é induzida por",A: radiação.; B: condução.; C: campo elétrico variável.; D: campo magnético variável.; E: ressonância eletromagnética.,1.77929,D,2023,calor consequente convencionais corrente desses efeito eficiência elétrica energia energética fogão fogões funciona fundo induzida indução joule maior mencionada panela partir principal substancialmente surgimento transformação vantagem,A: radiação; B: condução; C: campo elétrico variável; D: campo magnético variável; E: eletromagnética ressonância
109,"Uma academia decide trocar gradualmente seus 
aparelhos de musculação. Agora, os frequentadores 
que utilizam os aparelhos do tipo 1 podem também 
utilizar os aparelhos do tipo 2, representados na figura, 
para elevar cargas correspondentes às massas M1 e M2, 
com velocidade constante. A fim de que o exercício seja 
realizado com a mesma força F, os usuários devem ser 
orientados a respeito da relação entre as cargas nos dois 
tipos de aparelhos, já que as polias fixas apenas mudam a 
direção das forças, enquanto a polia móvel divide as forças.
Em ambos os aparelhos, considere as cordas 
inextensíveis, as massas das polias e das cordas desprezíveis 
e que não há dissipação de energia.
F
F
M1
M2
Aparelho do tipo 2
Aparelho do tipo 1
Para essa academia, qual deve ser a razão M
M
1
 informada 
aos usuários?",A: 1; B: 1; C: 1; D: 2; E: 4,1.62185,D,2023,academia agora ambos aparelho aparelhos apenas cargas considere constante cordas correspondentes decide desprezíveis deve devem direção dissipação divide dois elevar energia enquanto exercício f figura fim fixas força forças frequentadores gradualmente inextensíveis informada m massas mesma mudam musculação móvel orientados podem polia polias razão realizado relação representados respeito tipo tipos trocar usuários utilizam utilizar velocidade,A: ; B: ; C: ; D: ; E: 
110,"Um assistente de laboratório precisou descartar sete frascos contendo solução de nitrato de mercúrio(I) que não 
foram utilizados em uma aula prática. Cada frasco continha 5,25 g de Hg2(NO3)2 dissolvidos em água. Temendo a 
toxidez do mercúrio e sabendo que o Hg2Cl2 tem solubilidade muito baixa, o assistente optou por retirar o mercúrio da 
solução por precipitação com cloreto de sódio (NaCl), conforme a equação química:
Hg2(NO3)2 (aq) + 2 NaCl (aq) 
 Hg2Cl2 (s) + 2 NaNO3 (aq)
Na dúvida sobre a massa de NaCl a ser utilizada, o assistente aumentou gradativamente a quantidade adicionada 
em cada frasco, como apresentado no quadro.
Frasco
I
II
III
IV
V
VI
VII
Massa de NaCl 
em grama (g)
0,2
0,4
0,6
0,8
1,0
1,2
1,4
O produto obtido em cada experimento foi filtrado, secado e teve sua massa aferida. O assistente organizou os 
resultados na forma de um gráfico que correlaciona a massa de NaCl adicionada com a massa de Hg2Cl2 obtida em 
cada frasco. A massa molar do Hg2(NO3)2 é 525 g mol–1, a do NaCl é 58 g mol–1 e a do Hg2Cl2 é 472 g mol–1.
Qual foi o gráfico obtido pelo assistente de laboratório?","D: 6
4
2
0
0,0
0,2
0,4
0,6
0,8
1,0
1,2
1,4
Massa de Hg2Cl2 (g)
Massa de NaCI (g)
E
6
4
2
0
0,0
0,2
0,4
0,6
0,8
1,0
1,2
1,4
Massa de Hg2Cl2 (g)
Massa de NaCI (g)",1.99265,B,2023,adicionada aferida apresentado aq assistente aula aumentou baixa cada cloreto conforme contendo continha correlaciona descartar dissolvidos dúvida equação experimento filtrado forma frasco frascos g gradativamente grama gráfico i ii iii iv laboratório massa mercúrio mol molar nacl nitrato obtida obtido optou organizou precipitação precisou produto prática quadro quantidade química resultados retirar s sabendo secado sete sobre solubilidade solução sódio temendo toxidez utilizada utilizados v vi vii água,D: g massa naci
111,"Na tirinha de Mauricio de Sousa, os personagens Cebolinha e Cascão fazem uma brincadeira utilizando duas latas 
e um barbante. Ao perceberem que o som pode ser transmitido através do barbante, resolvem alterar o comprimento do  
barbante para ficar cada vez mais extenso. As demais condições permaneceram inalteradas durante a brincadeira.
SOUSA, M. Disponível em: www.monica.com.br. Acesso em: 2 out. 2012 (adaptado).
Na prática, à medida que se aumenta o comprimento do barbante, ocorre a redução de qual característica da onda sonora?",A: Altura.; B: Período.; C: Amplitude.; D: Velocidade.; E: Comprimento de onda.,2.06704,C,2023,acesso adaptado alterar através aumenta barbante br brincadeira cada característica cascão cebolinha comprimento condições demais disponível duas durante extenso fazem ficar inalteradas latas m mauricio medida monica ocorre onda out perceberem permaneceram personagens pode prática redução resolvem som sonora sousa tirinha transmitido utilizando vez www,A: altura; B: período; C: amplitude; D: velocidade; E: comprimento onda
112,"Informações digitais — dados — são gravadas em discos ópticos, como CD e DVD, na forma de cavidades 
microscópicas. A gravação e a leitura óptica dessas informações são realizadas por um laser (fonte de luz monocromática). 
Quanto menores as dimensões dessas cavidades, mais dados são armazenados na mesma área do disco. O fator limitante 
para a leitura de dados é o espalhamento da luz pelo efeito de difração, fenômeno que ocorre quando a luz atravessa um 
obstáculo com dimensões da ordem de seu comprimento de onda. Essa limitação motivou o desenvolvimento de lasers 
com emissão em menores comprimentos de onda, possibilitando armazenar e ler dados em cavidades cada vez menores.
Em qual região espectral se situa o comprimento de onda do laser que otimiza o armazenamento e a leitura de dados 
em discos de uma mesma área?",A: Violeta.; B: Azul.; C: Verde.; D: Vermelho.; E: Infravermelho.,2.02004,A,2023,armazenados armazenamento armazenar atravessa cada cavidades cd comprimento comprimentos dados desenvolvimento dessas difração digitais dimensões disco discos dvd efeito emissão espalhamento espectral fator fenômeno fonte forma gravadas gravação informações laser lasers leitura ler limitante limitação luz menores mesma microscópicas monocromática motivou obstáculo ocorre onda ordem otimiza possibilitando quanto realizadas região situa vez área óptica ópticos,A: violeta; B: azul; C: verde; D: vermelho; E: infravermelho
113,"O bluetooth é uma tecnologia de comunicação sem fio, de curto alcance, presente em diferentes dispositivos 
eletrônicos de consumo. Ela permite que aparelhos eletrônicos diferentes se conectem e troquem dados entre 
si. No padrão bluetooth, denominado de Classe 2, as antenas transmitem sinais de potência igual a 2,4 mW e 
possibilitam conectar dois dispositivos distanciados até 10 m. Considere que essas antenas se comportam como 
fontes puntiformes que emitem ondas eletromagnéticas esféricas e que a intensidade do sinal é calculada pela 
potência por unidade de área. Considere 3 como valor aproximado para π.
Para que o sinal de bluetooth seja detectado pelas antenas, o valor mínimo de sua intensidade, em W
m2 , é mais 
próximo de","A: 2,0 × 10–6.; B: 2,0 × 10–5.; C: 2,4 × 10–5.; D: 2,4 × 10–3.; E: 2,4 × 10–1.",2.35839,A,2023,alcance antenas aparelhos aproximado bluetooth calculada classe comportam comunicação conectar conectem considere consumo curto dados denominado detectado diferentes dispositivos distanciados dois eletromagnéticas eletrônicos emitem esféricas fio fontes igual intensidade m mw mínimo ondas padrão permite possibilitam potência presente próximo puntiformes si sinais sinal tecnologia transmitem troquem unidade valor w área,A: ; B: ; C: ; D: ; E: 
114,"Uma equipe de segurança do transporte de uma empresa 
avalia o comportamento das tensões que aparecem em duas 
cordas, 1 e 2, usadas para prender uma carga de massa  
M = 200 kg na carroceria, conforme a ilustração. Quando o 
caminhão parte do repouso, sua aceleração é constante 
e igual a 3 m/s2 e, quando ele é freado bruscamente, sua 
frenagem é constante e igual a 5 m/s2. Em ambas as 
situações, a carga encontra-se na iminência de movimento, 
e o sentido do movimento do caminhão está indicado na 
figura. O coeficiente de atrito estático entre a caixa e o 
assoalho da carroceria é igual a 0,2. Considere a aceleração 
da gravidade igual a 10 m/s2, as tensões iniciais nas cordas 
iguais a zero e as duas cordas ideais.
2
M
V
Nas situações de aceleração e frenagem do caminhão, 
as tensões nas cordas 1 e 2, em newton, serão","A: aceleração: T1 = 0 e T2 = 200; frenagem: T1 = 600 e 
T2 = 0.; B: aceleração: T1 = 0 e T2 = 200; frenagem: T1 = 1 400 e 
T2 = 0.; C: aceleração: T1 = 0 e T2 = 600; frenagem: T1 = 600 e 
T2 = 0.; D: aceleração: T1 = 560 e T2 = 0; frenagem: T1 = 0 e 
T2 = 960.; E: aceleração: T1 = 640 e T2 = 0; frenagem: T1 = 0 e 
T2 = 1 040.",1.55817,A,2023,aceleração ambas aparecem assoalho atrito avalia bruscamente caixa caminhão carga carroceria coeficiente comportamento conforme considere constante cordas duas empresa encontra equipe estático figura freado frenagem gravidade ideais iguais igual ilustração iminência indicado iniciais kg m massa movimento newton parte prender repouso segurança sentido situações tensões transporte usadas v zero,A: aceleração frenagem; B: aceleração frenagem; C: aceleração frenagem; D: aceleração frenagem; E: aceleração frenagem
115,"A biorremediação designa tratamentos que usam 
organismos para reduzir a quantidade de substâncias 
tóxicas no ambiente ou degradá-las em substâncias 
não tóxicas ou de menor toxicidade. Uma planta aquática, 
o aguapé, tem sido utilizada para a biorremediação de 
ambientes contaminados por metais tóxicos. Sabe-se 
que esses poluentes serão captados para dentro do 
corpo do vegetal.
Dentro do corpo do vegetal, esses contaminantes serão",A: digeridos por enzimas.; B: acumulados nos tecidos.; C: eliminados pelos estômatos.; D: metabolizados por glândulas.; E: utilizados como fonte energética.,1.77344,B,2023,aguapé ambiente ambientes aquática biorremediação captados contaminados contaminantes corpo degradá dentro designa las menor metais organismos planta poluentes quantidade reduzir sabe sido substâncias toxicidade tratamentos tóxicas tóxicos usam utilizada vegetal,A: digeridos enzimas; B: acumulados tecidos; C: eliminados estômatos; D: glândulas metabolizados; E: energética fonte utilizados
116,"O ciclo do nitrogênio é composto por várias etapas, 
conforme a figura, sendo cada uma desempenhada por 
um grupo específico de microrganismos.
Gás nitrogênio
Amônia
Detritos
Nitrito
Nitrato
2
4
Se o grupo dos microrganismos decompositores fosse 
exterminado, qual etapa não ocorreria?",A: 1; B: 2; C: 3; D: 4; E: 5,1.81691,B,2023,amônia cada ciclo composto conforme decompositores desempenhada detritos específico etapa etapas exterminado figura grupo gás microrganismos nitrato nitrito nitrogênio ocorreria sendo várias,A: ; B: ; C: ; D: ; E: 
117,"Os raios cósmicos são fontes de radiação ionizante 
potencialmente perigosas para o organismo humano. 
Para quantificar a dose de radiação recebida, utiliza-se 
o sievert (Sv), definido como a unidade de energia 
recebida por unidade de massa. A exposição à radiação 
proveniente de raios cósmicos aumenta com a altitude,  
o que pode representar um problema para as tripulações 
de aeronaves. Recentemente, foram realizadas medições 
acuradas das doses de radiação ionizante para voos entre 
Rio de Janeiro e Roma. Os resultados têm indicado que a 
dose média de radiação recebida na fase de cruzeiro (que 
geralmente representa 80% do tempo total de voo) desse 
trecho intercontinental é 2 μSv/h. As normas internacionais 
da aviação civil limitam em 1 000 horas por ano o tempo 
de trabalho para as tripulações que atuem em voos 
intercontinentais. Considere que a dose de radiação ionizante 
para uma radiografia torácica é estimada em 0,2 mSv.
RUAS, A. C. O tripulante de aeronaves e a radiação ionizante. 
São Paulo: Edição do Autor, 2019 (adaptado).
A quantas radiografias torácicas corresponde a dose de 
radiação ionizante à qual um tripulante que atue no trecho 
Rio de Janeiro−Roma é exposto ao longo de um ano?",A: 8; B: 10; C: 80; D: 100; E: 1 000,1.9822,A,2023,acuradas adaptado aeronaves altitude ano atue atuem aumenta autor aviação c civil considere corresponde cruzeiro cósmicos definido desse dose doses edição energia estimada exposição exposto fase fontes geralmente h horas humano indicado intercontinentais intercontinental internacionais ionizante janeiro limitam longo massa medições msv média normas organismo paulo perigosas pode potencialmente problema proveniente quantas quantificar radiação radiografia radiografias raios realizadas recebida recentemente representa representar resultados rio roma ruas sievert sv tempo torácica torácicas total trabalho trecho tripulante tripulações têm unidade utiliza voo voos,A: ; B: ; C: ; D: ; E: 
118,"A gasolina é uma mistura de hidrocarbonetos de 
cadeias saturadas contendo de 8 a 12 átomos de carbono.  
Além disso, a gasolina de alto desempenho deve conter 
elevados teores de hidrocarbonetos de cadeias ramificadas, 
de forma a resistir à compressão e entrar em ignição apenas 
quando a vela aciona uma centelha elétrica no motor.  
No quadro, estão apresentados compostos que podem 
ser utilizados como combustíveis.
Composto
Nomenclatura
I
n-decano
II
n-heptano
III
2,2,4-trimetilpentano
IV
3-etil-4-metilex-1-eno
V
3-etil-2-metilpentan-1-ol
Entre esses compostos, aquele que conferirá maior 
desempenho como combustível é o",A: I.; B: II.; C: III.; D: IV.; E: V.,1.46881,C,2023,aciona alto além apenas apresentados cadeias carbono centelha combustíveis combustível composto compostos compressão conferirá contendo conter decano desempenho deve disso elevados elétrica eno entrar etil forma gasolina heptano hidrocarbonetos i ignição ii iii iv maior metilex metilpentan mistura motor n nomenclatura ol podem quadro ramificadas resistir saturadas teores trimetilpentano utilizados v vela átomos,A: i; B: ii; C: iii; D: iv; E: v
119,"De acordo com a Constituição Federal, é competência 
dos municípios o gerenciamento dos serviços de limpeza e 
coleta dos resíduos urbanos (lixo). No entanto, há relatos 
de que parte desse lixo acaba sendo incinerado, liberando 
substâncias tóxicas para o ambiente e causando acidentes 
por explosões, principalmente quando ocorre a incineração 
de frascos de aerossóis (por exemplo: desodorantes, 
inseticidas e repelentes). A temperatura elevada provoca 
a vaporização de todo o conteúdo dentro desse tipo de 
frasco, aumentando a pressão em seu interior até culminar 
na explosão da embalagem.
ZVEIBIL, V. Z. et al. Cartilha de limpeza urbana. Disponível em: 
www.ibam.org.br. Acesso em: 6 jul. 2015 (adaptado).
Suponha um frasco metálico de um aerossol de 
capacidade igual a 100 mL, contendo 0,1 mol de produtos 
gasosos à temperatura de 650 °C, no momento da explosão.
Considere: R = 0,082 L atm
mol K
⋅
⋅
A pressão, em atm, dentro do frasco, no momento da 
explosão, é mais próxima de",A: 756.; B: 533.; C: 76.; D: 53.; E: 13.,1.59379,C,2023,acaba acesso acidentes acordo adaptado aerossol aerossóis al ambiente atm aumentando br c capacidade cartilha causando coleta competência considere constituição contendo conteúdo culminar dentro desodorantes desse disponível elevada embalagem entanto et exemplo explosão explosões federal frasco frascos gasosos gerenciamento ibam igual incinerado incineração inseticidas interior jul k l liberando limpeza lixo metálico ml mol momento municípios ocorre org parte pressão principalmente produtos provoca próxima r relatos repelentes resíduos sendo serviços substâncias suponha temperatura tipo todo tóxicas urbana urbanos v vaporização www z zveibil,A: ; B: ; C: ; D: ; E: 
120,"O circuito com três lâmpadas incandescentes idênticas, 
representado na figura, consiste em uma associação mista 
de resistores. Cada lâmpada (L 1, L2 e L3) é associada, 
em paralelo, a um resistor de resistência R, formando um 
conjunto. Esses conjuntos são associados em série, tendo 
todas as lâmpadas o mesmo brilho quando ligadas à fonte 
de energia. Após vários dias em uso, apenas a lâmpada L2 
queima, enquanto as demais permanecem acesas.
Fonte de
energia
R
L³
R
R
L²
L¹
Em relação à situação em que todas as lâmpadas 
funcionam, após a queima de L2, os brilhos das 
lâmpadas serão",A: os mesmos.; B: mais intensos.; C: menos intensos.; D: menos intenso para L 1 e o mesmo para L3.; E: mais intenso para L 1 e menos intenso para L3.,2.33396,C,2023,acesas apenas após associada associados associação brilho brilhos cada circuito conjunto conjuntos consiste demais dias energia enquanto figura fonte formando funcionam idênticas incandescentes l ligadas lâmpada lâmpadas mista paralelo permanecem queima r relação representado resistor resistores resistência situação série tendo todas três uso vários,A: mesmos; B: intensos; C: intensos menos; D: intenso l menos; E: intenso l menos
121,"Os solos amazônicos, ricos em silicato, não são apropriados para o cultivo por serem incapazes de reter nutrientes. 
Contudo, descobertas arqueológicas têm demonstrado que os antigos habitantes da Amazônia dominavam a técnica 
de preparo de um insumo agrícola natural, denominado terra preta. Esse insumo era constituído principalmente  
de uma espécie de biocarvão (biochar) obtido da queima de matéria orgânica, como troncos de árvores, pedaços de 
ossos e esterco, capaz de manter um solo fértil por anos.
Admite-se que o efeito do biocarvão na fertilização do solo estava, em parte, relacionado à presença de grupos 
orgânicos do tipo carboxilato em sua superfície, carregados negativamente (—COO−). Esses grupos atraem íons 
positivos necessários como nutrientes, tais quais os provenientes do potássio (K), do cálcio (Ca) e do magnésio (Mg), 
além de micronutrientes, como zinco (Zn) e ferro (Fe). Essa ligação no solo fertilizado é predominantemente iônica, 
conforme ilustra a figura, em que Mn+ representa os cátions metálicos. De acordo com a escala de Pauling, a 
eletronegatividade do elemento oxigênio é igual a 3,44.
Mn+
O
O–
O
O– Mn+
Solo com biocarvão
Solo fertilizado
O quadro apresenta os valores de eletronegatividade desses cinco elementos metálicos.
Elemento metálico
Eletronegatividade
K
0,82
Ca
1,00
Mg
1,31
Zn
1,65
Fe
1,83
MICHALOVIC, M. Ancient Soil Chemists of the Amazon. ChemMatters, fev. 2009 (adaptado).
O cátion que resultará em uma interação de maior caráter iônico com o ânion carboxilato será aquele proveniente  
do elemento",A: potássio.; B: cálcio.; C: magnésio.; D: zinco.; E: ferro.,1.21479,A,2023,acordo adaptado admite agrícola além amazon amazônia amazônicos ancient anos antigos apresenta apropriados arqueológicas atraem biocarvão biochar ca capaz carboxilato carregados caráter chemists chemmatters cinco conforme constituído contudo coo cultivo cálcio cátion cátions demonstrado denominado descobertas desses dominavam efeito elemento elementos eletronegatividade escala espécie esterco fe ferro fertilizado fertilização fev figura fértil grupos habitantes igual ilustra incapazes insumo interação iônica iônico k ligação m magnésio maior manter matéria metálico metálicos mg michalovic micronutrientes mn natural necessários negativamente nutrientes obtido of orgânica orgânicos ossos oxigênio parte pauling pedaços positivos potássio predominantemente preparo presença preta principalmente proveniente provenientes quadro quais queima relacionado representa resultará reter ricos serem silicato soil solo solos superfície tais terra the tipo troncos técnica têm valores zinco zn árvores ânion íons,A: potássio; B: cálcio; C: magnésio; D: zinco; E: ferro
122,"Em uma indústria alimentícia, para produção de doce de leite, utiliza-se um tacho de parede oca com uma entrada 
para vapor de água a 120 °C  e uma saída para água líquida em equilíbrio com o vapor a 100 °C. Ao passar pela parte 
oca do tacho, o vapor de água transforma-se em líquido, liberando energia. A parede transfere essa energia para o 
interior do tacho, resultando na evaporação de água e consequente concentração do produto.
No processo de concentração do produto, é utilizada energia proveniente",A: somente do calor latente de vaporização.; B: somente do calor latente de condensação.; C: do calor sensível e do calor latente de vaporização.; D: do calor sensível e do calor latente de condensação.; E: do calor latente de condensação e do calor latente de vaporização.,1.98863,D,2023,alimentícia c concentração consequente doce energia entrada equilíbrio evaporação indústria interior leite liberando líquida líquido oca parede parte passar processo produto produção proveniente resultando saída tacho transfere transforma utiliza utilizada vapor água,A: calor latente somente vaporização; B: calor condensação latente somente; C: calor latente sensível vaporização; D: calor condensação latente sensível; E: calor condensação latente vaporização
123,"Entre os medicamentos mais comuns consumidos para o alívio da dor está o ibuprofeno, um composto quiral 
com ação anti-inflamatória e efeito analgésico, que é comercializado como fármaco opticamente puro, ou seja, sem 
a mistura com outro isômero óptico. A fórmula estrutural plana do ibuprofeno é:
O
OH
Ibuprofeno
Além do ibuprofeno, destacam-se também os princípios ativos a seguir, presentes em outros medicamentos para 
o alívio da dor:
N
H
O
Fenacetina 
O
O−
Diclofenaco sódico
NH
Cl
Cl
Na+
Dipirona sódica
O−Na+
O
O
S
N
O
N
N
Paracetamol
HO
O
O
O
H
OH
N+ Br −
Butilbrometo de escopolamina
N
H
O
O
O princípio ativo que apresenta o mesmo tipo de isomeria espacial que o ibuprofeno é o(a)",A: fenacetina.; B: paracetamol.; C: dipirona sódica.; D: diclofenaco sódico.; E: butilbrometo de escopolamina.,1.61245,E,2023,além alívio analgésico anti apresenta ativo ativos ação br butilbrometo cl comercializado composto comuns consumidos destacam diclofenaco dipirona dor efeito escopolamina espacial estrutural fenacetina fármaco fórmula h ho ibuprofeno inflamatória isomeria isômero medicamentos mistura n nh oh opticamente outro outros paracetamol plana presentes princípio princípios puro quiral s seguir sódica sódico tipo óptico,A: fenacetina; B: paracetamol; C: dipirona sódica; D: diclofenaco sódico; E: butilbrometo escopolamina
124,"Uma concessionária é responsável por um trecho de 480 quilômetros de uma rodovia. Nesse trecho, foram 
construídas 10 praças de pedágio, onde funcionários recebem os pagamentos nas cabines de cobrança. Também 
existe o serviço automático, em que os veículos providos de um dispositivo passam por uma cancela, que se abre 
automaticamente, evitando filas e diminuindo o tempo de viagem. Segundo a concessionária, o tempo médio para 
efetuar a passagem em uma cabine é de 3 minutos, e as velocidades máximas permitidas na rodovia são 100 km/h, 
para veículos leves, e 80 km/h, para veículos de grande porte.
Considere um carro e um caminhão viajando, ambos com velocidades constantes e iguais às máximas permitidas, 
e que somente o caminhão tenha o serviço automático de cobrança.
Comparado ao caminhão, quantos minutos a menos o carro leva para percorrer toda a rodovia?",A: 30; B: 42; C: 72; D: 288; E: 360,1.00185,B,2023,abre ambos automaticamente automático cabine cabines caminhão cancela carro cobrança comparado concessionária considere constantes construídas diminuindo dispositivo efetuar evitando existe filas funcionários grande h iguais km leva leves menos minutos máximas médio nesse onde pagamentos passagem passam pedágio percorrer permitidas porte praças providos quantos quilômetros recebem responsável rodovia segundo serviço somente tempo toda trecho velocidades veículos viagem viajando,A: ; B: ; C: ; D: ; E: 
125,"Pais com síndrome de Down
A síndrome de Down é uma alteração genética associada à trissomia do cromossomo 21, ou seja, o indivíduo possui 
três cromossomos 21 e não um par, como é normal. Isso ocorre pela união de um gameta contendo um cromossomo 21 
com um gameta possuidor de dois cromossomos 21. Embora, normalmente, as mulheres com a síndrome sejam 
estéreis, em 2008, no interior de São Paulo, uma delas deu à luz uma menina sem a síndrome de Down.
MORENO, T. Três anos após dar à luz, mãe portadora de síndrome de Down revela detalhes de seu dia a dia. Disponível em: www.band.uol.com.br. Acesso em: 31 out. 2013 (adaptado).
Sabendo disso, um jovem casal, ambos com essa síndrome, procura um médico especialista para aconselhamento 
genético porque querem ter um bebê.
O médico informa ao casal que, com relação ao cromossomo 21, os zigotos formados serão","A: todos normais.; B: todos tetrassômicos.; C: apenas normais ou tetrassômicos.; D: apenas trissômicos ou tetrassômicos.; E: normais, trissômicos ou tetrassômicos.",1.4199,E,2023,acesso aconselhamento adaptado alteração ambos anos após associada band bebê br casal contendo cromossomo cromossomos dar detalhes deu dia disponível disso dois down embora especialista estéreis formados gameta genética genético indivíduo informa interior jovem luz menina moreno mulheres mãe médico normal normalmente ocorre out pais par paulo porque portadora possui possuidor procura querem relação revela sabendo síndrome t ter trissomia três união uol www zigotos,A: normais todos; B: tetrassômicos todos; C: apenas normais tetrassômicos; D: apenas tetrassômicos trissômicos; E: normais tetrassômicos trissômicos
126,"Para que uma molécula dê origem a um medicamento de administração oral, além de apresentar atividade 
farmacológica, deve ser capaz de atingir o local de ação. Para tanto, essa molécula não deve se degradar no estômago 
(onde o meio é fortemente ácido e há várias enzimas que reagem mediante catálise ácida), deve ser capaz de atravessar 
as membranas celulares e ser solúvel no plasma sanguíneo (sistema aquoso). Para os fármacos cujas estruturas são 
formadas por cadeias carbônicas longas contendo pelo menos um grupamento amino, um recurso tecnológico empregado 
é sua conversão no cloridrato correspondente. Essa conversão é representada, de forma genérica, pela equação química:
R3N + HCl 
 (R3NH)+Cl–
O aumento da eficiência de circulação do fármaco no sangue, promovido por essa conversão, deve-se ao incremento 
de seu(sua)",A: basicidade.; B: lipofilicidade.; C: caráter iônico.; D: cadeia carbônica.; E: estado de oxidação.,1.21005,C,2023,administração além amino apresentar aquoso atingir atividade atravessar aumento ação cadeias capaz carbônicas catálise celulares circulação cl cloridrato contendo conversão correspondente cujas degradar deve dê eficiência empregado enzimas equação estruturas estômago farmacológica forma formadas fortemente fármaco fármacos genérica grupamento hcl incremento local longas mediante medicamento meio membranas menos molécula onde oral origem plasma promovido química reagem recurso representada sangue sanguíneo sistema solúvel tanto tecnológico várias ácida ácido,A: basicidade; B: lipofilicidade; C: caráter iônico; D: cadeia carbônica; E: estado oxidação
127,"Toxicidade do cianeto
A produção de ATP depende do gradiente de prótons gerado pela cadeia respiratória. Nessas reações, os elétrons 
provenientes da oxidação do NADH em NAD+ percorrem a cadeia até chegarem à citocromo c oxidase reduzindo o 
Fe3+ a Fe2+. O oxigênio atua como aceptor final desses elétrons formando água. O cianeto é uma espécie química 
altamente tóxica que tem grande afinidade pelo Fe3+. Quando células são expostas ao cianeto, ele se liga ao sítio de 
Fe3+ da citocromo c oxidase, impedindo a sua conversão em Fe2+ e bloqueando a cadeia respiratória.
Substrato
proveniente
do nutriente
Forma
oxidada
Forma
oxidada
Forma
oxidada
Forma
reduzida
Forma
reduzida
Transportador
Transportador
Transportador
Citocromo c
oxidase
Forma
reduzida
Fe2+
Fe3+
H2O
2 O2
CO2
NADH
NAD+
ALBERTS, B. et al. Biologia molecular da célula. Porto Alegre: Artmed, 2010 (adaptado).
Esse bloqueio aumenta a concentração celular de",A: ATP.; B: água.; C: NADH.; D: dióxido de carbono.; E: citocromo c oxidase.,2.24438,C,2023,aceptor adaptado afinidade al alberts alegre altamente artmed atp atua aumenta b biologia bloqueando bloqueio c cadeia celular chegarem cianeto citocromo concentração conversão célula células depende desses elétrons espécie et expostas final forma formando gerado gradiente grande impedindo liga molecular nad nadh nessas nutriente oxidada oxidase oxidação oxigênio percorrem porto produção proveniente provenientes prótons química reações reduzida reduzindo respiratória substrato sítio toxicidade transportador tóxica água,A: atp; B: água; C: nadh; D: carbono dióxido; E: c citocromo oxidase
128,"É comum em viagens de avião sermos solicitados a 
desligar aparelhos cujo funcionamento envolva a emissão 
ou a recepção de ondas eletromagnéticas, como celulares. 
A justificativa dada para esse procedimento é, entre 
outras coisas, a necessidade de eliminar fontes de sinais 
eletromagnéticos que possam interferir nas comunicações, 
via rádio, dos pilotos com a torre de controle.
Essa interferência poderá ocorrer somente se as ondas 
emitidas pelo celular e as recebidas pelo rádio do avião",A: forem ambas audíveis.; B: tiverem a mesma potência.; C: tiverem a mesma frequência.; D: tiverem a mesma intensidade.; E: propagarem-se com velocidades diferentes.,-0.45616,C,2023,aparelhos avião celular celulares coisas comum comunicações controle cujo dada desligar eletromagnéticas eletromagnéticos eliminar emissão emitidas envolva fontes funcionamento interferir interferência justificativa necessidade ocorrer ondas outras pilotos poderá possam procedimento recebidas recepção rádio sermos sinais solicitados somente torre via viagens,A: ambas audíveis; B: mesma potência; C: frequência mesma; D: intensidade mesma; E: diferentes propagarem velocidades
129,"O Aldrin é um inseticida agrícola organoclorado 
sintético de baixa polaridade, cuja estrutura molecular 
simétrica, de fórmula C12H8Cl6, está representada na 
figura. Introduzido na agricultura a partir da década de 
1950, esse composto apresenta alta persistência no meio 
ambiente e acumulação nos organismos, sendo danoso 
para a saúde. 
Aldrin
Cl
Cl
Cl
Cl
Cl
Cl
C
H
H
C
VIEGAS JÚNIOR, C. Terpenos com atividade inseticida: uma alternativa para 
o controle químico de insetos. Química Nova, v. 26, n. 3, 2003 (adaptado).
Um pesquisador coletou fluidos biológicos de indivíduos 
de uma população contaminada por esse inseticida agrícola. 
Ele analisou amostras de saliva, sangue, lágrima, urina e 
leite quanto à presença dessa substância.
Em qual dos fluidos o pesquisador provavelmente encontrou 
a maior concentração dessa substância?","A: Saliva, por consequência da atividade de enzimas.; B: Sangue, em função das hemácias e leucócitos.; C: Lágrima, em razão da concentração de sais.; D: Urina, pela presença de moléculas de ureia.; E: Leite, por causa do alto teor de gorduras.",1.60649,E,2023,acumulação adaptado agricultura agrícola aldrin alta alternativa ambiente amostras analisou apresenta atividade baixa biológicos c cl coletou composto concentração contaminada controle cuja danoso dessa década encontrou estrutura figura fluidos fórmula h indivíduos inseticida insetos introduzido júnior leite lágrima maior meio molecular n nova organismos organoclorado partir persistência pesquisador polaridade população presença provavelmente quanto química químico representada saliva sangue saúde sendo simétrica sintético substância terpenos urina v viegas,A: atividade consequência enzimas saliva; B: função hemácias leucócitos sangue; C: concentração lágrima razão sais; D: moléculas presença ureia urina; E: alto causa gorduras leite teor
130,"Uma cafeteria adotou copos fabricados a partir 
de uma composição de 50% de plástico reciclado não 
biodegradável e 50% de casca de café. O copo é reutilizável 
e retornável, pois o material, semelhante a uma cerâmica, 
suporta a lavagem. Embora ele seja comercializado por 
um preço considerado alto quando comparado ao de um 
copo de plástico descartável, essa cafeteria possibilita aos 
clientes retornarem o copo sujo e levarem o café quente 
servido em outro copo já limpo e higienizado. O material 
desse copo oferece também o conforto de não esquentar 
na parte externa.
Cafeteria adota copo reutilizável feito com casca de café. Disponível em:  
www.gazetadopovo.com.br. Acesso em: 5 dez. 2019 (adaptado).
Quais duas vantagens esse copo apresenta em 
comparação ao copo descartável?","A: Ter a durabilidade de uma cerâmica e ser totalmente 
biodegradável.; B: Ser tão durável quanto uma cerâmica e ter alta 
condutividade térmica.; C: Ser um mau condutor térmico e aumentar o resíduo 
biodegradável na natureza.; D: Ter baixa condutividade térmica e reduzir o resíduo 
não biodegradável na natureza.; E: Ter alta condutividade térmica e possibilitar a 
degradação do material no meio ambiente.",0.32873,D,2023,acesso adaptado adota adotou alto apresenta biodegradável br cafeteria café casca cerâmica clientes comercializado comparado comparação composição conforto considerado copo copos descartável desse dez disponível duas embora esquentar externa fabricados feito gazetadopovo higienizado lavagem levarem limpo material oferece outro parte partir plástico pois possibilita preço quais quente reciclado retornarem retornável reutilizável semelhante servido sujo suporta vantagens www,A: biodegradável cerâmica durabilidade ter totalmente; B: alta cerâmica condutividade durável quanto ter tão térmica; C: aumentar biodegradável condutor mau natureza resíduo térmico; D: baixa biodegradável condutividade natureza reduzir resíduo ter térmica; E: alta ambiente condutividade degradação material meio possibilitar ter térmica
131,"O consumo exagerado de refrigerantes é preocupante, 
pois contribui para o aumento de casos de obesidade e 
diabetes. Considere dois refrigerantes enlatados, um 
comum e um diet, e que ambos possuam a mesma 
quantidade de aditivos, exceto pela presença de 
açúcar. O refrigerante comum contém basicamente 
água carbonatada e grande quantidade de açúcar;  
já o refrigerante diet tem água carbonatada e adoçantes, 
cujas massas são muito pequenas.
CAVAGIS, A. D. M.; PEREIRA, E. A.; OLIVEIRA, L. C. Um método simples para avaliar o teor 
de sacarose e CO2 em refrigerantes. Química Nova na Escola, n. 3, ago. 2014 (adaptado).
Entre as duas versões apresentadas, o refrigerante 
comum possui",A: maior densidade.; B: menor viscosidade.; C: maior volume de gás dissolvido.; D: menor massa de solutos dissolvidos.; E: maior temperatura de congelamento.,0.49481,A,2023,adaptado aditivos adoçantes ago ambos apresentadas aumento avaliar açúcar basicamente c carbonatada casos cavagis comum considere consumo contribui contém cujas d diabetes diet dois duas enlatados escola exagerado exceto grande l m massas mesma método n nova obesidade oliveira pequenas pereira pois possuam possui preocupante presença quantidade química refrigerante refrigerantes sacarose simples teor versões água,A: densidade maior; B: menor viscosidade; C: dissolvido gás maior volume; D: dissolvidos massa menor solutos; E: congelamento maior temperatura
132,"O manual de um automóvel alerta sobre os cuidados em relação à pressão do ar no interior dos pneus. 
Recomenda-se que a pressão seja verificada com os pneus frios (à temperatura ambiente). Um motorista, 
desatento a essa informação, realizou uma viagem longa sobre o asfalto quente e, em seguida, verificou que a 
pressão P0 no interior dos pneus não era a recomendada pelo fabricante. Na ocasião, a temperatura dos pneus 
era T0. Após um longo período em repouso, os pneus do carro atingiram a temperatura ambiente T. Durante o 
resfriamento, não há alteração no volume dos pneus e na quantidade de ar no seu interior. Considere o ar dos 
pneus um gás perfeito (também denominado gás ideal).
Durante o processo de resfriamento, os valores de pressão em relação à temperatura (P × T) são representados 
pelo gráfico:",,0.95966,E,2023,alerta alteração ambiente após ar asfalto atingiram automóvel carro considere cuidados denominado desatento durante fabricante frios gráfico gás ideal informação interior longa longo manual motorista ocasião p perfeito período pneus pressão processo quantidade quente realizou recomenda recomendada relação repouso representados resfriamento seguida sobre t temperatura valores verificada verificou viagem volume,
133,"O descarte de detergentes comuns nos esgotos 
domésticos ocasiona a formação de uma camada 
de espuma que impede a entrada de oxigênio na 
água. Os microrganismos que vivem nessas águas 
não são capazes de quebrar moléculas ramificadas, 
ocorrendo assim um desequilíbrio ambiental nos rios.  
A fórmula a seguir representa a estrutura química de um 
tensoativo presente na composição de um detergente 
não biodegradável.
S
O
O
O– Na+
 Tensoativo não biodegradável
Qual modificação química na estrutura desse tensoativo 
o tornaria um detergente biodegradável?",A: Retirar a parte polar da molécula.; B: Eliminar as insaturações do anel aromático.; C: Trocar o grupo aniônico por um grupo neutro.; D: Alterar o grupo aniônico por um grupo catiônico.; E: Modificar a cadeia carbônica para cadeia normal.,1.43988,E,2023,ambiental assim biodegradável camada capazes composição comuns descarte desequilíbrio desse detergente detergentes domésticos entrada esgotos espuma estrutura formação fórmula impede microrganismos modificação moléculas nessas ocasiona ocorrendo oxigênio presente quebrar química ramificadas representa rios s seguir tensoativo tornaria vivem água águas,A: molécula parte polar retirar; B: anel aromático eliminar insaturações; C: aniônico grupo neutro trocar; D: alterar aniônico catiônico grupo; E: cadeia carbônica modificar normal
134,"Avaliação de substâncias genotóxicas
O ensaio de micronúcleos é um teste de avaliação de 
genotoxicidade que associa a presença de micronúcleos 
(pequenos núcleos que aparecem próximo aos núcleos 
das células) com lesões genéticas. Os micronúcleos são 
fragmentos de DNA encapsulados, provenientes do fuso 
mitótico durante a divisão celular.
DIAS, V. M. Micronúcleos em células tumorais: biologia e implicações 
para a tumorigênese. Dissertação de Mestrado. USP, 2006 (adaptado).
Os micronúcleos se originam dos(as)",A: nucléolos.; B: lisossomos.; C: ribossomos.; D: mitocôndrias.; E: cromossomos.,1.75342,E,2023,adaptado aparecem associa avaliação biologia celular células dias dissertação divisão dna durante encapsulados ensaio fragmentos fuso genotoxicidade genotóxicas genéticas implicações lesões m mestrado micronúcleos mitótico núcleos originam pequenos presença provenientes próximo substâncias teste tumorais tumorigênese usp v,A: nucléolos; B: lisossomos; C: ribossomos; D: mitocôndrias; E: cromossomos
135,"O petróleo é uma matéria-prima muito valiosa 
e métodos geofísicos são úteis na sua prospecção. 
É possível identificar a composição de materiais 
estratificados medindo-se a velocidade de propagação 
do som (onda mecânica) através deles. Considere que 
uma camada de 450 m de um líquido se encontra presa 
no subsolo entre duas camadas rochosas, conforme o 
esquema. Um pulso acústico (que gera uma vibração 
mecânica) é emitido a partir da superfície do solo, onde 
são posteriormente recebidas duas vibrações refletidas 
(ecos). A primeira corresponde à reflexão do pulso na 
interface superior do líquido com a camada rochosa.  
A segunda vibração deve-se à reflexão do pulso na 
interface inferior. O tempo entre a emissão do pulso e 
a chegada do primeiro eco é de 0,5 s. O segundo eco 
chega 1,1 s após a emissão do pulso.
Emissor e detector de pulsos
Rocha
Rocha
450 m
Líquido
A velocidade do som na camada líquida, em metro por 
segundo, é",A: 270.; B: 540.; C: 818.; D: 1 500.; E: 1 800.,1.63479,D,2023,acústico após através camada camadas chega chegada composição conforme considere corresponde detector deve duas eco ecos emissor emissão emitido encontra esquema estratificados geofísicos gera identificar inferior interface líquida líquido m materiais matéria mecânica medindo metro métodos onda onde partir petróleo possível posteriormente presa prima primeira primeiro propagação prospecção pulso pulsos recebidas refletidas reflexão rocha rochosa rochosas s segunda segundo solo som subsolo superfície superior tempo valiosa velocidade vibração vibrações úteis,A: ; B: ; C: ; D: ; E: 
91,"A figura ilustra esquematicamente um processo de 
remediação de solos contaminados com tricloroeteno 
(TCE), um agente desengraxante. Em razão de 
vazamentos de tanques de estocagem ou de manejo 
inapropriado de resíduos industriais, ele se encontra 
presente em águas subterrâneas, nas quais forma 
uma fase líquida densa não aquosa (DNAPL) que se 
deposita no fundo do aquífero. Essa tecnologia de 
descontaminação emprega o íon persulfato (S2O8
2−), que 
é convertido no radical •SO4
− por minerais que contêm 
Fe(III). O esquema representa de forma simplificada o 
mecanismo de ação química sobre o TCE e a formação 
dos produtos de degradação.","A: A; A: SOLO
Cl
Cl
Cl
OH
Cl
Cl
O
OH
O
O
H
O
OH
C
H
O
MONITORAMENTO
TCE
DNAPL
SOLUBILIZAÇÃO
ÁGUA SUBTERRÂNEA
TCE
S O
SO
Fe III
8
4
⋅
S O
8
2−
(
)
BERTAGI, L. T.; BASÍLIO, A. O.; PERALTA-ZAMORA, P. Aplicações ambientais de persulfato: 
remediação de águas subterrâneas e solos contaminados. Química Nova, n. 9, 2021 (adaptado).
Esse procedimento de remediação de águas subterrâneas 
baseia-se em reações de; A: oxirredução.; B: substituição.; C: precipitação.; D: desidratação.; E: neutralização.",1.45358,A,2022,agente aquosa aquífero ação contaminados contêm convertido degradação densa deposita descontaminação desengraxante dnapl emprega encontra esquema esquematicamente estocagem fase fe figura forma formação fundo iii ilustra inapropriado industriais líquida manejo mecanismo minerais persulfato presente processo produtos quais química radical razão remediação representa resíduos simplificada sobre solos subterrâneas tanques tce tecnologia tricloroeteno vazamentos águas íon,A: ; A: adaptado ambientais aplicações baseia basílio bertagi c cl contaminados dnapl fe h iii l monitoramento n nova oh p peralta persulfato procedimento química reações remediação s so solo solos solubilização subterrânea subterrâneas t tce zamora água águas; A: oxirredução; B: substituição; C: precipitação; D: desidratação; E: neutralização
92,"De acordo com a Organização Mundial da Saúde, 
a filariose e a leishmaniose são consideradas doenças 
tropicais infecciosas e constituem uma preocupação para 
a saúde pública por ser alto o índice de mortalidade a 
elas associado.
Uma medida profilática comum a essas duas doenças é o(a)",A: incineração do lixo orgânico.; B: construção de rede de esgoto.; C: uso de vermífugo pela população.; D: controle das populações dos vetores.; E: consumo de carnes vermelhas bem cozidas.,1.46498,D,2022,acordo alto associado comum consideradas constituem doenças duas filariose infecciosas leishmaniose medida mortalidade mundial organização preocupação profilática pública saúde tropicais índice,A: incineração lixo orgânico; B: construção esgoto rede; C: população uso vermífugo; D: controle populações vetores; E: bem carnes consumo cozidas vermelhas
93,"Em 2017, foi inaugurado, no estado da Bahia, o 
Parque Solar Lapa, composto por duas usinas (Bom Jesus 
da Lapa e Lapa) e capaz de gerar cerca de 300 GWh de 
energia por ano. Considere que cada usina apresente 
potência igual a 75 MW, com o parque totalizando uma 
potência instalada de 150 MW. Considere ainda que a 
irradiância solar média é de 1 500 W
m2  e que a eficiência 
dos painéis é de 20%.
Parque Solar Lapa entra em operação. Disponível em: www.canalbioenergia.com.br. 
Acesso em: 9 jun. 2022 (adaptado).
Nessas condições, a área total dos painéis solares que 
compõem o Parque Solar Lapa é mais próxima de:",A: 1 000 000 m2; B: 500 000 m2; C: 250 000 m2; D: 100 000 m2; E: 20 000 m2,1.87763,B,2022,acesso adaptado ainda ano apresente bahia bom br cada canalbioenergia capaz cerca composto compõem condições considere disponível duas eficiência energia entra estado gerar gwh igual inaugurado instalada irradiância jesus jun lapa mw média nessas operação painéis parque potência próxima solar solares total totalizando usina usinas w www área,A: ; B: ; C: ; D: ; E: 
94,"Os riscos apresentados pelos produtos dependem de 
suas propriedades e da reatividade quando em contato 
com outras substâncias. Para prevenir os riscos devido 
à natureza química dos produtos, devemos conhecer 
a lista de substâncias incompatíveis e de uso cotidiano 
em fábricas, hospitais e laboratórios, a fim de observar 
cuidados na estocagem, manipulação e descarte.  
O quadro elenca algumas dessas incompatibilidades, que 
podem levar à ocorrência de acidentes.
Substância
Incompatibilidade
Riscos 
associados
Ácidos 
minerais 
fortes 
concentrados
Bases fortes
Cianetos
Hipoclorito de sódio
Reação enérgica, 
explosão, 
produção de 
oxidante forte e 
produto tóxico
Ácido nítrico 
concentrado
Matéria orgânica
Reação enérgica, 
explosão e 
produto tóxico
Considere que houve o descarte indevido de dois 
conjuntos de substâncias:
(1) ácido clorídrico concentrado com cianeto de potássio;
(2) ácido nítrico concentrado com sacarose.
Disponível em: www.fiocruz.br. Acesso em: 6 dez. 2017 (adaptado).
O 
descarte 
dos 
conjuntos 
(1) 
e 
(2) 
resultará, 
respectivamente, em","A: liberação de gás tóxico e reação oxidativa forte.; B: reação oxidativa forte e liberação de gás tóxico.; C: formação de sais tóxicos e reação oxidativa forte.; D: liberação de gás tóxico e liberação de gás oxidante.; E: formação de sais tóxicos e liberação de gás oxidante.
",2.23408,A,2022,acesso acidentes adaptado algumas apresentados associados bases br cianeto cianetos clorídrico concentrado concentrados conhecer conjuntos considere contato cotidiano cuidados dependem descarte dessas devemos devido dez disponível dois elenca enérgica estocagem explosão fim fiocruz forte fortes fábricas hipoclorito hospitais incompatibilidade incompatibilidades incompatíveis indevido laboratórios levar lista manipulação matéria minerais natureza nítrico observar ocorrência orgânica outras oxidante podem potássio prevenir produto produtos produção propriedades quadro química reatividade reação respectivamente resultará riscos sacarose substância substâncias sódio tóxico uso www ácido ácidos,A: forte gás liberação oxidativa reação tóxico; B: forte gás liberação oxidativa reação tóxico; C: formação forte oxidativa reação sais tóxicos; D: gás liberação oxidante tóxico; E: formação gás liberação oxidante sais tóxicos
95,"O físico Hans C. Oersted observou que um fio transportando corrente elétrica produz um campo magnético. A presença 
do campo magnético foi verificada ao aproximar uma bússola de um fio conduzindo corrente elétrica. 
A figura ilustra um fio percorrido por uma corrente elétrica i, constante e com sentido para cima. Os pontos A, B e C 
estão num plano transversal e equidistantes do fio. Em cada ponto foi colocada uma bússola.","A: C
i
S
N
Bússola
Considerando apenas o campo magnético por causa da corrente i, as respectivas configurações das bússolas nos 
pontos A, B e C serão
A
i
D
i
B
i
E
i
C
i
",1.65709,D,2022,aproximar b bússola c cada campo cima colocada conduzindo constante corrente elétrica equidistantes figura fio físico hans i ilustra magnético observou oersted percorrido plano ponto pontos presença produz sentido transportando transversal verificada,A: apenas b bússola bússolas c campo causa configurações considerando corrente d i magnético n pontos respectivas s
96,"O quadro mostra valores de corrente elétrica e seus 
efeitos sobre o corpo humano.
Corrente elétrica
Dano físico
Até 10 mA
Dor e contração muscular
De 10 mA até 20 mA
Aumento das contrações 
musculares
De 20 mA até 100 mA
Parada respiratória
De 100 mA até 3 A
Fibrilação ventricular
Acima de 3 A
Parada cardíaca e queimaduras
A corrente elétrica que percorrerá o corpo de um 
indivíduo depende da tensão aplicada e da resistência 
elétrica média do corpo humano. Esse último fator está 
intimamente relacionado com a umidade da pele, que 
seca apresenta resistência elétrica da ordem de 500 kΩ, 
mas, se molhada, pode chegar a apenas 1 kΩ.
Apesar de incomum, é possível sofrer um acidente 
utilizando baterias de 12 V. Considere que um indivíduo 
com a pele molhada sofreu uma parada respiratória 
ao tocar simultaneamente nos pontos A e B de uma 
associação de duas dessas baterias.
DURAN, J. E. R. Biofísica: fundamentos e aplicações.
São Paulo: Pearson Prentice Hall, 2003 (adaptado).
Qual associação de baterias foi responsável pelo acidente?","A: -
+
B
-
+; A: -
+; C: B
-
+
-
+
D
+; A: -
-
+; E: B
-
+
-
+",1.35453,A,2022,acidente acima adaptado apenas apesar aplicada aplicações apresenta associação aumento b baterias biofísica cardíaca chegar considere contração contrações corpo corrente dano depende dessas dor duas duran efeitos elétrica fator fibrilação fundamentos físico hall humano incomum indivíduo intimamente j ma molhada mostra muscular musculares média ordem parada paulo pearson pele percorrerá pode pontos possível prentice quadro queimaduras r relacionado resistência respiratória responsável seca simultaneamente sobre sofrer sofreu tensão tocar umidade utilizando v valores ventricular último,A: b; A: ; C: b d; A: ; E: b
97,"O urânio é empregado como fonte de energia em 
reatores nucleares. Para tanto, o seu mineral deve 
ser refinado, convertido a hexafluoreto de urânio e 
posteriormente enriquecido, para aumentar de 0,7% a 3% 
a abundância de um isótopo específico — o urânio-235. 
Uma das formas de enriquecimento utiliza a pequena 
diferença de massa entre os hexafluoretos de urânio-235 e 
de urânio-238 para separá-los por efusão, precedida pela 
vaporização. Esses vapores devem efundir repetidamente 
milhares de vezes através de barreiras porosas formadas por 
telas com grande número de pequenos orifícios. No entanto, 
devido à complexidade e à grande quantidade de energia 
envolvida, cientistas e engenheiros continuam a pesquisar 
procedimentos alternativos de enriquecimento.
ATKINS, P.; JONES, L. Princípios de química: questionando a vida moderna e 
o meio ambiente. Porto Alegre: Bookman, 2006 (adaptado).
Considerando a diferença de massa mencionada entre os 
dois isótopos, que tipo de procedimento alternativo ao da 
efusão pode ser empregado para tal finalidade?",A: Peneiração.; B: Centrifugação.; C: Extração por solvente.; D: Destilação fracionada.; E: Separação magnética.,1.60964,B,2022,abundância adaptado alegre alternativo alternativos ambiente atkins através aumentar barreiras bookman cientistas complexidade considerando continuam convertido deve devem devido diferença dois efundir efusão empregado energia engenheiros enriquecido enriquecimento entanto envolvida específico finalidade fonte formadas formas grande hexafluoreto hexafluoretos isótopo isótopos jones l los massa meio mencionada milhares mineral moderna nucleares número orifícios p pequena pequenos pesquisar pode porosas porto posteriormente precedida princípios procedimento procedimentos quantidade questionando química reatores refinado repetidamente separá tal tanto telas tipo urânio utiliza vapores vaporização vezes vida,A: peneiração; B: centrifugação; C: extração solvente; D: destilação fracionada; E: magnética separação
98,"A Agência Nacional de Vigilância Sanitária (Anvisa) 
aprovou um produto de terapia gênica no país, indicado 
para o tratamento da distrofia hereditária da retina. O 
procedimento é recomendado para crianças acima de 
12 meses e adultos com perda de visão causada pela 
mutação do gene humano RPE65. O produto, elaborado 
por engenharia genética, é composto por um vírus, no qual 
foi inserida uma cópia do gene normal humano RPE65 
para corrigir o funcionamento das células da retina.
ANVISA. Disponível em: www.gov.br/anvisa. Acesso em: 4 dez. 2021 (adaptado).
O sucesso dessa terapia advém do fato de que o produto 
favorecerá a","A: correção do código genético para a tradução da 
proteína.; B: alteração do RNA ribossômico ligado à síntese da 
proteína.; C: produção de mutações benéficas para a correção do 
problema.; D: liberação imediata da proteína normal na região 
ocular humana.; E: expressão do gene responsável pela produção da 
enzima normal.


 ",1.93167,E,2022,acesso acima adaptado adultos advém agência anvisa aprovou br causada composto corrigir crianças células cópia dessa dez disponível distrofia elaborado engenharia fato favorecerá funcionamento gene genética gov gênica hereditária humano indicado inserida meses mutação nacional normal país perda procedimento produto recomendado retina sanitária sucesso terapia tratamento vigilância visão vírus www,A: correção código genético proteína tradução; B: alteração ligado proteína ribossômico rna síntese; C: benéficas correção mutações problema produção; D: humana imediata liberação normal ocular proteína região; E: enzima expressão gene normal produção responsável
99,"A extinção de espécies é uma ameaça real que 
afeta diversas regiões do país. A introdução de espécies 
exóticas pode ser considerada um fator maximizador 
desse processo. A jaqueira (Artocarpus heterophyllus), 
por exemplo, é uma árvore originária da Índia e de 
regiões do Sudeste Asiático que foi introduzida ainda na 
era colonial e se aclimatou muito bem em praticamente 
todo o território nacional.
Casos como o dessa árvore podem provocar a redução 
da biodiversidade, pois elas","A: ocupam áreas de vegetação nativa e substituem 
parcialmente a flora original.; B: estimulam a competição por seus frutos entre animais 
típicos da região e eliminam as espécies perdedoras.; C: alteram os nichos e aumentam o número de 
possibilidades de relações entre os seres vivos 
daquele ambiente.; D: apresentam alta taxa de reprodução e se mantêm 
com um número de indivíduos superior à capacidade 
suporte do ambiente.; E: diminuem a relação de competição entre os 
polinizadores e facilitam a ação de dispersores de 
sementes de espécies nativas.",0.97602,A,2022,aclimatou afeta ainda ameaça artocarpus asiático bem biodiversidade casos colonial considerada dessa desse diversas espécies exemplo extinção exóticas fator heterophyllus introduzida introdução jaqueira maximizador nacional originária país pode podem pois praticamente processo provocar real redução regiões sudeste território todo árvore índia,A: flora nativa ocupam original parcialmente substituem vegetação áreas; B: animais competição eliminam espécies estimulam frutos perdedoras região típicos; C: alteram ambiente aumentam daquele nichos número possibilidades relações seres vivos; D: alta ambiente apresentam capacidade indivíduos mantêm número reprodução superior suporte taxa; E: ação competição diminuem dispersores espécies facilitam nativas polinizadores relação sementes
100,"Em um dia de calor intenso, dois colegas estão 
a brincar com a água da mangueira. Um deles quer 
saber até que altura o jato de água alcança, a partir da 
saída de água, quando a mangueira está posicionada 
totalmente na direção vertical. O outro colega propõe 
então o seguinte experimento: eles posicionarem a saída 
de água da mangueira na direção horizontal, a 1 m de 
altura em relação ao chão, e então medirem a distância 
horizontal entre a mangueira e o local onde a água 
atinge o chão. A medida dessa distância foi de 3 m, 
e a partir disso eles calcularam o alcance vertical do 
jato de água. Considere a aceleração da gravidade de 
10 m s-2.
O resultado que eles obtiveram foi de","A: 1,50 m.; B: 2,25 m.; C: 4,00 m.; D: 4,50 m.; E: 5,00 m.",2.08841,B,2022,aceleração alcance alcança altura atinge brincar calcularam calor chão colega colegas considere dessa dia direção disso distância dois então experimento gravidade horizontal intenso jato local m mangueira medida medirem obtiveram onde outro partir posicionada posicionarem propõe quer relação resultado s saber saída seguinte totalmente vertical água,A: m; B: m; C: m; D: m; E: m
101,"O etanol é um combustível produzido a partir da 
fermentação da sacarose presente no caldo de cana-
-de-açúcar. Um dos fatores que afeta a produção desse 
álcool é o grau de deterioração da sacarose, que se inicia 
após o corte, por causa da ação de microrganismos. Foram 
analisadas cinco amostras de diferentes tipos de cana-de-
-açúcar e cada uma recebeu um código de identificação. 
No quadro são apresentados os dados de concentração de 
sacarose e de microrganismos presentes nessas amostras.
Amostra de cana-de-açúcar
RB72 RB84 RB92 SP79 SP80
Concentração inicial 
de sacarose (g L-1)
13,0
18,0
16,0
14,0
17,0
Concentração de 
microrganismos 
(mg L-1)
0,7
0,8
0,6
0,5
0,9
Pretende-se escolher o tipo de cana-de-açúcar que 
conterá o maior teor de sacarose 10 horas após o corte 
e que, consequentemente, produzirá a maior quantidade 
de etanol por fermentação. Considere que existe uma 
redução de aproximadamente 50% da concentração 
de sacarose nesse tempo, para cada 1,0 mg L−1 de 
microrganismos presentes na cana-de-açúcar.
Disponível em: www.inovacao.unicamp.br. Acesso em: 11 ago. 2012 (adaptado).
Qual tipo de cana-de-açúcar deve ser escolhido?",A: RB72; B: RB84; C: RB92; D: SP79; E: SP80,1.52509,C,2022,acesso adaptado afeta ago amostra amostras analisadas apresentados aproximadamente após ação açúcar br cada caldo cana causa cinco combustível concentração consequentemente considere conterá corte código dados desse deterioração deve diferentes disponível escolher escolhido etanol existe fatores fermentação g grau horas identificação inicia inicial inovacao l maior mg microrganismos nessas nesse partir presente presentes pretende produzido produzirá produção quadro quantidade recebeu redução sacarose tempo teor tipo tipos unicamp www álcool,A: ; B: ; C: ; D: ; E: 
102,"Entre as diversas técnicas para diagnóstico da 
covid-19, destaca-se o teste genético. Considerando as 
diferentes variantes e cargas virais, um exemplo é a PCR, 
reação efetuada por uma enzima do tipo polimerase. 
Essa técnica permite identificar, com confiabilidade, o 
material genético do SARS-CoV-2, um vírus de RNA. 
Para comprovação da infecção por esse coronavírus, são 
coletadas amostras de secreções do indivíduo. Uma etapa 
que antecede a reação de PCR precisa ser realizada para 
permitir a amplificação do material genético do vírus.
Essa etapa deve ser realizada para","A: concentrar o RNA viral para otimizar a técnica.; B: identificar nas amostras anticorpos anti-SARS-CoV-2.; C: proliferar o vírus em culturas, aumentando a carga viral.; D: purificar ácidos nucleicos virais, facilitando a ação da 
enzima.; E: obter moléculas de cDNA viral por meio da transcrição 
reversa.
 ",3.19204,E,2022,amostras amplificação antecede cargas coletadas comprovação confiabilidade considerando coronavírus cov covid destaca deve diagnóstico diferentes diversas efetuada enzima etapa exemplo genético identificar indivíduo infecção material pcr permite permitir polimerase precisa realizada reação rna sars secreções teste tipo técnica técnicas variantes virais vírus,A: concentrar otimizar rna técnica viral; B: amostras anti anticorpos cov identificar sars; C: aumentando carga culturas proliferar viral vírus; D: ação enzima facilitando nucleicos purificar virais ácidos; E: cdna meio moléculas obter reversa transcrição viral
103,"Tribologia é o estudo da interação entre duas 
superfícies em contato, como desgaste e atrito, sendo 
de extrema importância na avaliação de diferentes 
produtos e de bens de consumo em geral. Para testar 
a conformidade de uma muleta, realiza-se um ensaio 
tribológico, pressionando-a verticalmente contra o piso 
com uma força 

F, conforme ilustra a imagem, em que CM 
representa o centro de massa da muleta.
CM

F
Mantendo-se a força 

F paralela à muleta, varia-se 
lentamente o ângulo entre a muleta e a vertical, até o máximo 
ângulo imediatamente anterior ao de escorregamento, 
denominado ângulo crítico. Esse ângulo também pode ser 
calculado a partir da identificação dos pontos de aplicação, 
da direção e do sentido das forças peso 

P , normal 
N
  e 
de atrito estático 
e

.
O esquema que representa corretamente todas as forças 
que atuam sobre a muleta quando ela atinge o ângulo 
crítico é:",,1.4048,E,2022,anterior aplicação atinge atrito atuam avaliação bens calculado centro cm conforme conformidade consumo contato contra corretamente crítico denominado desgaste diferentes direção duas ensaio escorregamento esquema estudo estático extrema f força forças geral identificação ilustra imagem imediatamente importância interação lentamente mantendo massa muleta máximo n normal p paralela partir peso piso pode pontos pressionando produtos realiza representa sendo sentido sobre superfícies testar todas tribologia tribológico varia vertical verticalmente ângulo,
104,"Diversas substâncias são empregadas com a intenção 
de incrementar o desempenho esportivo de atletas de 
alto nível. O chamado doping sanguíneo, por exemplo, 
pela utilização da eritropoietina, é proibido pelas principais 
federações de esportes no mundo. A eritropoietina é um 
hormônio produzido pelos rins e fígado e sua principal ação 
é regular o processo de eritropoiese. Seu uso administrado 
intravenosamente em quantidades superiores àquelas 
presentes naturalmente no organismo permite que o 
indivíduo aumente a sua capacidade de realização de 
exercícios físicos.
Esse tipo de doping está diretamente relacionado ao 
aumento da",A: frequência cardíaca.; B: capacidade pulmonar.; C: massa muscular do indivíduo.; D: atividade anaeróbica da musculatura.; E: taxa de transporte de oxigênio pelo sangue.,1.00991,E,2022,administrado alto atletas aumente aumento ação capacidade chamado desempenho diretamente diversas doping empregadas eritropoiese eritropoietina esportes esportivo exemplo exercícios federações fígado físicos hormônio incrementar indivíduo intenção intravenosamente mundo naturalmente nível organismo permite presentes principais principal processo produzido proibido quantidades realização regular relacionado rins sanguíneo substâncias superiores tipo uso utilização àquelas,A: cardíaca frequência; B: capacidade pulmonar; C: indivíduo massa muscular; D: anaeróbica atividade musculatura; E: oxigênio sangue taxa transporte
105,"Em um autódromo, os carros podem derrapar em 
uma curva e bater na parede de proteção. Para diminuir 
o impacto de uma batida, pode-se colocar na parede 
uma barreira de pneus, isso faz com que a colisão 
seja mais demorada e o carro retorne com velocidade 
reduzida. Outra opção é colocar uma barreira de blocos 
de um material que se deforma, tornando-a tão demorada 
quanto a colisão com os pneus, mas que não permite a 
volta do carro após a colisão.
Comparando as duas situações, como ficam a força média 
exercida sobre o carro e a energia mecânica dissipada?","A: A força é maior na colisão com a barreira de pneus, e 
a energia dissipada é maior na colisão com a barreira 
de blocos.; B: A força é maior na colisão com a barreira de blocos, e 
a energia dissipada é maior na colisão com a barreira 
de pneus.; C: A força é maior na colisão com a barreira de blocos, e 
a energia dissipada é a mesma nas duas situações.; D: A força é maior na colisão com a barreira de pneus, e 
a energia dissipada é maior na colisão com a barreira 
de pneus.; E: A força é maior na colisão com a barreira de blocos, e 
a energia dissipada é maior na colisão com a barreira 
de blocos.",1.41874,A,2022,após autódromo barreira bater batida blocos carro carros colisão colocar comparando curva deforma demorada derrapar diminuir dissipada duas energia exercida faz ficam força impacto material mecânica média opção outra parede permite pneus pode podem proteção quanto reduzida retorne situações sobre tornando tão velocidade volta,A: barreira blocos colisão dissipada energia força maior pneus; B: barreira blocos colisão dissipada energia força maior pneus; C: barreira blocos colisão dissipada duas energia força maior mesma situações; D: barreira colisão dissipada energia força maior pneus; E: barreira blocos colisão dissipada energia força maior
106,"A penicilamina é um medicamento de uso oral 
utilizado no tratamento de várias doenças. Esse 
composto é excretado na urina, cujo pH se situa entre 
5 e 7. A penicilamina, cuja fórmula estrutural plana está 
apresentada, possui três grupos funcionais que podem 
ser ionizados:
•	 carboxila: —COOH, cujo pKa é igual a 1,8;
•	 amino: —NH2, que pode ser convertido em  
amínio (—NH3
+, cujo pKa é igual a 7,9);
•	 tiol: —SH, cujo pKa é igual a 10,5.
Sabe-se que pKa = −log Ka.
S
H
C
C
CH3
CH3
NH2
H
COOH
Penicilamina
Qual 
estrutura 
derivada 
da 
penicilamina 
é 
predominantemente encontrada na urina?","A: C
CH3
CH3
NH2
H
−S
COO
−; B: C
CH3
CH3
NH2
H
−S
COOH
C
S
H; C: CH3
CH3 H
NH3
+
COO
−; D: C
CH3
CH3 H
−S
COOH
NH3
+
E
S
H; C: CH3
CH3 H
NH3
+
COOH
",2.76588,C,2022,amino amínio apresentada c carboxila composto convertido cooh cuja cujo derivada doenças encontrada estrutura estrutural excretado funcionais fórmula grupos h igual ionizados ka log medicamento oral penicilamina ph pka plana pode podem possui predominantemente s sabe sh situa tiol tratamento três urina uso utilizado várias,A: c coo h s; B: c cooh h s; C: coo h; D: c cooh h s; C: cooh h
107,"A biomassa celulósica pode ser utilizada para a produção de etanol de segunda geração. Entretanto, é necessário 
que os polissacarídeos sejam convertidos em mono e dissacarídeos, processo que pode ser conduzido em meio 
ácido, conforme mostra o esquema:
O
OH
O
H
O
O
OH
O
OH
OH
O
H
O
OH
O
H
O
+
O
OH
O
OH
OH
O
H
H
O
H
O
OH
OH
O
H
O
OH
O
H
O
OH
H
O
H
O
OH
O
H
O+
O
OH
H
H
O
OH
O
H
OH
O
OH
H
+
+
H
+
+
OGEDA, T. L.; PETRI, D. F. S. [...] Química Nova, n. 7, 2010 (adaptado).
Nessa conversão de polissacarídeos, a função do íon H+ é",A: dissolver os reagentes.; B: deslocar o equilíbrio químico.; C: aumentar a velocidade da reação.; D: mudar a constante de equilíbrio da reação.; E: formar ligações de hidrogênio com o polissacarídeo.,2.04288,C,2022,adaptado biomassa celulósica conduzido conforme conversão convertidos d dissacarídeos entretanto esquema etanol f função geração h l meio mono mostra n necessário nessa nova ogeda oh petri pode polissacarídeos processo produção química s segunda t utilizada ácido íon,A: dissolver reagentes; B: deslocar equilíbrio químico; C: aumentar reação velocidade; D: constante equilíbrio mudar reação; E: formar hidrogênio ligações polissacarídeo
108,"O ácido tartárico é o principal ácido do vinho e está diretamente relacionado com sua qualidade. Na avaliação de 
um vinho branco em produção, uma analista neutralizou uma alíquota de 25,0 mL do vinho com NaOH a 0,10 mol L−1, 
consumindo um volume igual a 8,0 mL dessa base. A reação para esse processo de titulação é representada pela 
equação química:
O
H
O
OH
O
OH
OH
O
OH
O
OH
ONa
NaO
  2 NaOH 
  2 H2O
Ácido tartárico
(massa molar: 150 g mol
1)
A concentração de ácido tartárico no vinho analisado é mais próxima de:","A: 1,8 g L−1; B: 2,4 g L−1; C: 3,6 g L−1; D: 4,8 g L−1; E: 9,6 g L−1


 ",1.89127,B,2022,alíquota analisado analista avaliação base branco concentração consumindo dessa diretamente equação g h igual l massa ml mol molar nao naoh neutralizou oh ona principal processo produção próxima qualidade química reação relacionado representada tartárico titulação vinho volume ácido,A: g l; B: g l; C: g l; D: g l; E: g l
109,"O elemento iodo (I) tem função biológica e é acumulado 
na tireoide. Nos acidentes nucleares de Chernobyl e 
Fukushima, ocorreu a liberação para a atmosfera do 
radioisótopo 
131I, responsável por enfermidades nas 
pessoas que foram expostas a ele. O decaimento de uma 
massa de 12 microgramas do isótopo 131I foi monitorado 
por 14 dias, conforme o quadro.
Tempo (dia)
Massa residual de 131I (µg)
12,0
10,1
8,5
7,8
7,2
6,0
3,6
Após o período de 40 dias, a massa residual desse 
isótopo é mais próxima de","A: 2,4 µg.; B: 1,5 µg.; C: 0,8 µg.; D: 0,4 µg.; E: 0,2 µg.",1.20769,D,2022,acidentes acumulado após atmosfera biológica chernobyl conforme decaimento desse dia dias elemento enfermidades expostas fukushima função i iodo isótopo liberação massa microgramas monitorado nucleares ocorreu período pessoas próxima quadro radioisótopo residual responsável tempo tireoide,A: ; B: ; C: ; D: ; E: 
110,"Desde a proposição da teoria de seleção natural 
por Darwin, os seres vivos nunca mais foram olhados 
da mesma forma. No que diz respeito à reprodução de 
anfíbios anuros, os cientistas já descreveram diferentes 
padrões reprodutivos, como os exemplificados a seguir:
Espécie 1 – As fêmeas produzem cerca de 
5 000 gametas, que são fecundados na água, em 
lagoas temporárias de estação chuvosa. Todo o 
desenvolvimento embrionário, do ovo à metamorfose, 
ocorre, nesse ambiente, independente dos pais.
Espécie 2 – As fêmeas produzem aproximadamente 
200 gametas, que são depositados em poças próximas a 
corpos-d’água. Os embriões são vigiados pelos machos 
durante boa parte do seu desenvolvimento.
Espécie 3 – As fêmeas produzem por volta de 
20 gametas, que são fecundados sobre a superfície das 
folhas de plantas cujos galhos estão dispostos acima da 
superfície de corpos-d’água e aí se desenvolvem até 
a eclosão.
Espécie 4 – As fêmeas produzem poucos gametas 
que, quando fecundados, são “abocanhados” pelos 
machos. Os embriões se desenvolvem no interior do 
saco vocal do macho até a metamorfose, quando saem 
através da boca do pai.
Os padrões descritos evidenciam que","A: as fêmeas influenciam o comportamento dos machos.; B: o cuidado parental é necessário para o desenvolvimento.; C: o grau de evolução determina o comportamento 
reprodutivo.; D: o sucesso reprodutivo pode ser garantido por 
estratégias diferentes.; E: o ambiente induz modificação na produção do número 
de gametas femininos.",0.91052,D,2022,abocanhados acima ambiente anfíbios anuros aproximadamente através aí boa boca cerca chuvosa cientistas corpos cujos d darwin depositados descreveram descritos desde desenvolvem desenvolvimento diferentes dispostos diz durante eclosão embrionário embriões espécie estação evidenciam exemplificados fecundados folhas forma fêmeas galhos gametas independente interior lagoas macho machos mesma metamorfose natural nesse nunca ocorre olhados ovo padrões pai pais parte plantas poucos poças produzem proposição próximas reprodutivos reprodução respeito saco saem seguir seleção seres sobre superfície temporárias teoria todo vigiados vivos vocal volta água,A: comportamento fêmeas influenciam machos; B: cuidado desenvolvimento necessário parental; C: comportamento determina evolução grau reprodutivo; D: diferentes estratégias garantido pode reprodutivo sucesso; E: ambiente femininos gametas induz modificação número produção
111,"O eixo de rotação da Terra apresenta uma inclinação 
em relação ao plano de sua órbita em torno do Sol, 
interferindo na duração do dia e da noite ao longo do ano. 
Incidência direta
ao meio-dia
Polo Norte
Trópico de
Câncer
Equador
Trópico de
Capricórnio
Círculo Polar
Antártico
Polo Sul
Círculo Polar
Ártico
Terra em 21 de dezembro
DIA
NOITE
Uma pessoa instala em sua residência uma placa 
fotovoltaica, que transforma energia solar em elétrica. 
Ela monitora a energia total produzida por essa placa 
em 4 dias do ano, ensolarados e sem nuvens, e lança os 
resultados no gráfico.
Energia
Dia
10/01
10/04
10/07
10/10
Disponível em: www.fisica.ufpr.br. Acesso em: 27 maio 2022 (adaptado).
Próximo a que região se situa a residência onde as placas 
foram instaladas?","A: Trópico de Capricórnio.; B: Trópico de Câncer.; C: Polo Norte.; D: Polo Sul.; E: Equador.
 ",0.96735,A,2022,acesso adaptado ano antártico apresenta br capricórnio câncer círculo dezembro dia dias direta disponível duração eixo elétrica energia ensolarados equador fisica fotovoltaica gráfico incidência inclinação instala instaladas interferindo lança longo maio meio monitora noite norte nuvens onde pessoa placa placas plano polar polo produzida próximo região relação residência resultados rotação situa sol solar sul terra torno total transforma trópico ufpr www ártico órbita,A: capricórnio trópico; B: câncer trópico; C: norte polo; D: polo sul; E: equador
112,"Um pai faz um balanço utilizando dois segmentos 
paralelos e iguais da mesma corda para fixar uma tábua a 
uma barra horizontal. Por segurança, opta por um tipo de 
corda cuja tensão de ruptura seja 25% superior à tensão 
máxima calculada nas seguintes condições:
•	 O ângulo máximo atingido pelo balanço em relação 
à vertical é igual a 90°;
•	 Os filhos utilizarão o balanço até que tenham uma 
massa de 24 kg.
Além disso, ele aproxima o movimento do balanço 
para o movimento circular uniforme, considera que a 
aceleração da gravidade é igual a 10
m
s
 e despreza 
forças dissipativas.
Qual é a tensão de ruptura da corda escolhida?",A: 120 N; B: 300 N; C: 360 N; D: 450 N; E: 900 N,,D,2022,aceleração além aproxima atingido balanço barra calculada circular condições considera corda cuja despreza dissipativas disso dois escolhida faz filhos fixar forças gravidade horizontal iguais igual kg m massa mesma movimento máxima máximo opta pai paralelos relação ruptura s segmentos seguintes segurança superior tensão tipo tábua uniforme utilizando utilizarão vertical ângulo,A: n; B: n; C: n; D: n; E: n
113,"A nanotecnologia é responsável pelo aprimoramento 
de diversos materiais, incluindo os que são impactados 
com a presença de poluentes e da umidade na atmosfera, 
causadores de corrosão. O processo de corrosão é 
espontâneo e provoca a deterioração de metais como 
o ferro, que, em presença de oxigênio e água, sofre 
oxidação, conforme ilustra a equação química:
4 Fe (s) + 2 H2O (l) + 3 O2 (g)  →  2 Fe2O3⋅H2O (s)
Uma forma de garantir a durabilidade da estrutura 
metálica e a sua resistência à umidade consiste na 
deposição de filmes finos nanocerâmicos à base de 
zircônia (ZrO2) e alumina (Al2O3) sobre a superfície do 
objeto que se deseja proteger.
CLEMENTE, G. A. B. F. et al. O uso de materiais híbridos ou nanocompósitos como
revestimentos anticorrosivos do aço. Química Nova, n. 9, 2021 (adaptado).
Essa nanotecnologia aplicada na proteção contra a 
corrosão se baseia no(a)","A: proteção catódica, que utiliza um metal fortemente 
redutor.; B: uso de metais de sacrifício, que se oxidam no lugar 
do ferro.; C: passivação do ferro, que fica revestido pelo seu 
próprio óxido.; D: efeito de barreira, que impede o contato com o agente 
oxidante.; E: galvanização, que usa outros metais de menor 
potencial de redução.",,D,2022,adaptado al alumina anticorrosivos aplicada aprimoramento atmosfera aço b base baseia causadores clemente conforme consiste contra corrosão deposição deseja deterioração diversos durabilidade equação espontâneo estrutura et f fe ferro filmes finos forma g garantir híbridos ilustra impactados incluindo l materiais metais metálica n nanocerâmicos nanocompósitos nanotecnologia nova objeto oxidação oxigênio poluentes presença processo proteger proteção provoca química resistência responsável revestimentos s sobre sofre superfície umidade uso zircônia água,A: catódica fortemente metal proteção redutor utiliza; B: ferro lugar metais oxidam sacrifício uso; C: ferro fica passivação próprio revestido óxido; D: agente barreira contato efeito impede oxidante; E: galvanização menor metais outros potencial redução usa
114,"As células da epiderme da folha da Tradescantia 
pallida purpurea, uma herbácea popularmente conhecida 
como trapoeraba-roxa, contém um vacúolo onde se 
encontra um pigmento que dá a coloração arroxeada a 
esse tecido. Em um experimento, um corte da epiderme 
de uma folha da trapoeraba-roxa foi imerso em ambiente 
hipotônico e, logo em seguida, foi colocado em uma 
lâmina e observado em microscópio óptico.
Durante a observação desse corte, foi possível identificar o(a)","A: acúmulo do solvente com fragmentação da organela.; B: rompimento da membrana celular com liberação do 
citosol.; C: aumento do vacúolo com diluição do pigmento no seu 
interior.; D: quebra da parede celular com extravasamento do 
pigmento.; E: murchamento da célula com expulsão do pigmento 
do vacúolo.",1.49398,C,2022,ambiente arroxeada colocado coloração conhecida contém corte células desse durante dá encontra epiderme experimento folha herbácea hipotônico identificar imerso logo lâmina microscópio observado observação onde pallida pigmento popularmente possível purpurea roxa seguida tecido tradescantia trapoeraba vacúolo óptico,A: acúmulo fragmentação organela solvente; B: celular citosol liberação membrana rompimento; C: aumento diluição interior pigmento vacúolo; D: celular extravasamento parede pigmento quebra; E: célula expulsão murchamento pigmento vacúolo
115,"A variação da incidência de radiação solar sobre 
a superfície da Terra resulta em uma variação de 
temperatura ao longo de um dia denominada amplitude 
térmica. Edificações e pavimentações realizadas nas 
áreas urbanas contribuem para alterar as amplitudes 
térmicas dessas regiões, em comparação com regiões que 
mantêm suas características naturais, com presença de 
vegetação e água, já que o calor específico do concreto é 
inferior ao da água. Assim, parte da avaliação do impacto 
ambiental que a presença de concreto proporciona às 
áreas urbanas consiste em considerar a substituição 
da área concretada por um mesmo volume de água e 
comparar as variações de temperatura devido à absorção 
da radiação solar nas duas situações (concretada e 
alagada). Desprezando os efeitos da evaporação e 
considerando que toda a radiação é absorvida, essa 
avaliação pode ser realizada com os seguintes dados:
Densidade kg
m3




Calor específi co
J
g C





Água
1 000
4,2
Concreto
2 500
0,8
ROMERO, M. A. B. et al. Mudanças climáticas e ilhas de calor urbanas. 
Brasília: UnB; ETB, 2019 (adaptado).
A razão entre as variações de temperatura nas áreas 
concretada e alagada é mais próxima de","A: 1,0.; B: 2,1.; C: 2,5.; D: 5,3.; E: 13,1.


 ",1.44802,B,2022,absorvida absorção adaptado al alagada alterar ambiental amplitude amplitudes assim avaliação b brasília c calor características climáticas co comparar comparação concretada concreto considerando considerar consiste contribuem dados denominada densidade desprezando dessas devido dia duas edificações efeitos específi específico et etb evaporação g ilhas impacto incidência inferior j kg longo m mantêm mudanças naturais parte pavimentações pode presença proporciona próxima radiação razão realizada realizadas regiões resulta romero seguintes situações sobre solar substituição superfície temperatura terra toda térmica térmicas unb urbanas variação variações vegetação volume água área áreas,A: ; B: ; C: ; D: ; E: 
116,"O manual de uma ducha elétrica informa que seus três 
níveis de aquecimento (morno, quente e superquente) 
apresentam as seguintes variações de temperatura da 
água em função de sua vazão:
Vazão
L
min




 
T
C
(
)

Morno
Quente
Superquente
10
30
5
15
Utiliza-se um disjuntor para proteger o circuito dessa 
ducha contra sobrecargas elétricas em qualquer nível de 
aquecimento. Por padrão, o disjuntor é especificado pela 
corrente nominal igual ao múltiplo de 5 A imediatamente 
superior à corrente máxima do circuito. Considere que a 
ducha deve ser ligada em 220 V e que toda a energia é 
dissipada através da resistência do chuveiro e convertida 
em energia térmica transferida para a água, que apresenta 
calor específico de 4,2 
J
g C

 e densidade de 1 000 g
L .
O disjuntor adequado para a proteção dessa ducha é 
especificado por:",A: 60 A; B: 30 A; C: 20 A; D: 10 A; E: 5 A,2.40137,B,2022,adequado apresenta apresentam aquecimento através c calor chuveiro circuito considere contra convertida corrente densidade dessa deve disjuntor dissipada ducha elétrica elétricas energia especificado específico função g igual imediatamente informa j l ligada manual min morno máxima múltiplo nominal níveis nível padrão proteger proteção qualquer quente resistência seguintes sobrecargas superior superquente t temperatura toda transferida três térmica utiliza v variações vazão água,A: ; B: ; C: ; D: ; E: 
117,"Um grupo de alunos realizou um experimento para 
observar algumas propriedades dos ácidos, adicionando 
um pedaço de mármore (CaCO3) a uma solução aquosa 
de ácido clorídrico (HCl), observando a liberação de um 
gás e o aumento da temperatura.
Gás
Ácido
Mármore
O gás obtido no experimento é o:",A: H2; B: O2; C: CO2; D: CO; E: Cl2,1.01697,C,2022,adicionando algumas alunos aquosa aumento clorídrico experimento grupo gás hcl liberação mármore observando observar obtido pedaço propriedades realizou solução temperatura ácido ácidos,A: ; B: ; C: ; D: co; E: 
118,"Em 2002, foi publicado um artigo científico que 
relacionava alterações na produção de hormônios sexuais 
de sapos machos expostos à atrazina, um herbicida, com 
o desenvolvimento anômalo de seus caracteres sexuais 
primários e secundários. Entre os animais sujeitos à 
contaminação, observaram-se casos de hermafroditismo 
e desmasculinização da laringe. O estudo em questão 
comparou a concentração de um hormônio específico 
no sangue de machos expostos ao agrotóxico com a de 
outros machos e fêmeas que não o foram (controles). 
Os resultados podem ser vistos na figura.
Machos
controle
Concentração do hormônio (ng mL−1)
Machos
expostos
à atrazina
Fêmeas
controle
5
3
1
HAYES, T. B. et al. Hermaphroditic, Demasculinized Frogs After Exposure to 
the Herbicide Atrazine at Low Ecologically Relevant Doses. Proceedings of 
the National Academy of Sciences, n. 8, 2002 (adaptado). 
Com base nas informações do texto, qual é o hormônio 
cujas concentrações estão representadas na figura?","A: Estrogênio.; B: Feromônio.; C: Testosterona.; D: Somatotrofina.; E: Hormônio folículo estimulante.
",0.56741,C,2022,academy adaptado after agrotóxico al alterações animais anômalo artigo at atrazina atrazine b base caracteres casos científico comparou concentração concentrações contaminação controle controles cujas demasculinized desenvolvimento desmasculinização doses ecologically específico estudo et expostos exposure figura frogs fêmeas hayes herbicida herbicide hermafroditismo hermaphroditic hormônio hormônios informações laringe low machos ml n national ng observaram of outros podem primários proceedings produção publicado questão relacionava relevant representadas resultados sangue sapos sciences secundários sexuais sujeitos t texto the to vistos,A: estrogênio; B: feromônio; C: testosterona; D: somatotrofina; E: estimulante folículo hormônio
119,"Uma lanterna funciona com três pilhas de resistência interna igual a 0,5 Ω cada, ligadas em série. Quando 
posicionadas corretamente, devem acender a lâmpada incandescente de especificações 4,5 W e 4,5 V. Cada pilha na 
posição correta gera uma f.e.m. (força eletromotriz) de 1,5 V. Uma pessoa, ao trocar as pilhas da lanterna, comete o 
equívoco de inverter a posição de uma das pilhas. Considere que as pilhas mantêm contato independentemente da 
posição.
Com esse equívoco, qual é a intensidade de corrente que passa pela lâmpada ao se ligar a lanterna?","A: 0,25 A; B: 0,33 A; C: 0,75 A; D: 1,00 A; E: 1,33 A",,A,2022,acender cada comete considere contato corrente correta corretamente devem eletromotriz equívoco especificações f força funciona gera igual incandescente independentemente intensidade interna inverter lanterna ligadas ligar lâmpada m mantêm passa pessoa pilha pilhas posicionadas posição resistência série trocar três v w,A: ; B: ; C: ; D: ; E: 
120,"Em uma aula prática de bioquímica, para medir a atividade catalítica da enzima catalase, foram realizados seis 
ensaios independentes, nas mesmas condições, variando-se apenas a temperatura. A catalase decompõe o peróxido 
de hidrogênio (H2O2), produzindo água e oxigênio. Os resultados dos ensaios estão apresentados no quadro.
Ensaio
Temperatura (°C)
Resultado
Decomposição de H2O2 
10 12







mol
min
10
  8,0
15
10,5
20
  9,5
25
  5,0
30
  3,6
35
  3,1
Os diferentes resultados dos ensaios justificam-se pelo(a)",A: variação do pH do meio.; B: aumento da energia de ativação.; C: consumo da enzima durante o ensaio.; D: diminuição da concentração do substrato.; E: modificação da estrutura tridimensional da enzima.,1.52791,E,2022,apenas apresentados atividade aula bioquímica c catalase catalítica condições decomposição decompõe diferentes ensaio ensaios enzima hidrogênio independentes justificam medir mesmas min mol oxigênio peróxido produzindo prática quadro realizados resultado resultados seis temperatura variando água,A: meio ph variação; B: ativação aumento energia; C: consumo durante ensaio enzima; D: concentração diminuição substrato; E: enzima estrutura modificação tridimensional
121,"Antimicrobianos são substâncias naturais ou sintéticas que têm capacidade de matar ou inibir o crescimento de 
microrganismos. A tabela apresenta uma lista de antimicrobianos hipotéticos, bem como suas ações e efeitos sobre 
o metabolismo microbiano.
Antimicrobiano
Ação
Efeito
Une-se aos ribossomos
Impede a síntese proteica
Une-se aos microtúbulos
Impede a segregação das cromátides
Une-se aos fosfolipídeos da membrana plasmática Reduz a permeabilidade da membrana plasmática
Interfere na síntese de timina
Inibe a síntese de DNA
Interfere na síntese de uracila
Impede a síntese de RNA
Qual dos antimicrobianos deve ser utilizado para curar uma infecção causada por um fungo sem afetar as bactérias 
da microbiota normal do organismo?","A: 1; B: 2; C: 3; D: 4; E: 5


 ",2.50062,B,2022,afetar antimicrobiano antimicrobianos apresenta ação ações bactérias bem capacidade causada crescimento cromátides curar deve dna efeito efeitos fosfolipídeos fungo hipotéticos impede infecção inibe inibir interfere lista matar membrana metabolismo microbiano microbiota microrganismos microtúbulos naturais normal organismo permeabilidade plasmática proteica reduz ribossomos rna segregação sintéticas sobre substâncias síntese tabela timina têm une uracila utilizado,A: ; B: ; C: ; D: ; E: 
122,"O veneno da cascavel pode causar hemorragia com 
risco de morte a quem é picado pela serpente. No entanto, 
pesquisadores do Brasil e da Bélgica desenvolveram uma 
molécula de interesse farmacêutico, a PEG-collineína-1, 
a partir de uma proteína encontrada no veneno dessa 
cobra, capaz de modular a coagulação sanguínea. 
Embora a técnica não seja nova, foi a primeira vez que 
o método foi usado a partir de uma toxina animal na sua 
forma recombinante, ou seja, produzida em laboratório 
por um fungo geneticamente modificado.
JULIÃO, A. Técnica modifica proteína do veneno de cascavel e permite
 criar fármaco que modula a coagulação sanguínea. Disponível em:
 https://agencia.fapesp.br. Acesso em: 22 nov. 2021 (adaptado).
Esse novo medicamento apresenta potencial aplicação para","A: impedir a formação de trombos, típicos em alguns 
casos de acidente vascular cerebral.; B: tratar consequências da anemia profunda, em razão da 
perda de grande volume de sangue.; C: evitar a manifestação de urticárias, comumente 
relacionadas a processos alérgicos.; D: reduzir o inchaço dos linfonodos, parte da resposta 
imunitária de diferentes infecções.; E: regular a oscilação da pressão arterial, característica 
dos quadros de hipertensão.",1.10708,A,2022,acesso adaptado agencia animal aplicação apresenta br brasil bélgica capaz cascavel causar coagulação cobra collineína criar desenvolveram dessa disponível embora encontrada entanto fapesp farmacêutico forma fungo fármaco geneticamente hemorragia https interesse julião laboratório medicamento modifica modificado modula modular molécula morte método nov nova novo partir peg permite pesquisadores picado pode potencial primeira produzida proteína recombinante risco sanguínea serpente toxina técnica usado veneno vez,A: acidente alguns casos cerebral formação impedir trombos típicos vascular; B: anemia consequências grande perda profunda razão sangue tratar volume; C: alérgicos comumente evitar manifestação processos relacionadas urticárias; D: diferentes imunitária inchaço infecções linfonodos parte reduzir resposta; E: arterial característica hipertensão oscilação pressão quadros regular
123,"Um Buraco Negro é um corpo celeste que possui uma 
grande quantidade de matéria concentrada em uma pequena 
região do espaço, de modo que sua força gravitacional é 
tão grande que qualquer partícula fica aprisionada em sua 
superfície, inclusive a luz. O raio dessa região caracteriza 
uma superfície-limite, chamada de horizonte de eventos, 
da qual nada consegue escapar. Considere que o Sol foi 
instantaneamente substituído por um Buraco Negro com 
a mesma massa solar, de modo que o seu horizonte de 
eventos seja de aproximadamente 3,0 km.
SCHWARZSCHILD, K. On the Gravitational Field of a Mass Point According to 
Einstein’s Theory. Disponível em: arxiv.org. Acesso em: 26 maio 2022 (adaptado).
Após a substituição descrita, o que aconteceria aos 
planetas do Sistema Solar?","A: Eles se moveriam em órbitas espirais, aproximando-se 
sucessivamente do Buraco Negro.; B: Eles oscilariam aleatoriamente em torno de suas 
órbitas elípticas originais.; C: Eles se moveriam em direção ao centro do Buraco 
Negro.; D: Eles passariam a precessionar mais rapidamente.; E: Eles manteriam suas órbitas inalteradas.",1.77912,E,2022,according acesso aconteceria adaptado aprisionada aproximadamente após arxiv buraco caracteriza celeste chamada concentrada consegue considere corpo descrita dessa disponível einstein escapar espaço eventos fica field força grande gravitacional gravitational horizonte inclusive instantaneamente k km limite luz maio mass massa matéria mesma modo nada negro of on org partícula pequena planetas point possui qualquer quantidade raio região s schwarzschild sistema sol solar substituição substituído superfície the theory to tão,A: aproximando buraco espirais moveriam negro sucessivamente órbitas; B: aleatoriamente elípticas originais oscilariam torno órbitas; C: buraco centro direção moveriam negro; D: passariam precessionar rapidamente; E: inalteradas manteriam órbitas
124,"Durante o ano de 2020, impulsionado pela necessidade 
de respostas rápidas e eficientes para desinfectar ambientes 
de possíveis contaminações com o SARS-CoV-2, causador 
da covid-19, diversas alternativas foram buscadas para 
os procedimentos de descontaminação de materiais e 
ambientes. Entre elas, o uso de ozônio em meio aquoso 
como agente sanitizante para pulverização em humanos 
e equipamentos de proteção em câmaras ou túneis, 
higienização de automóveis e de ambientes fechados e 
descontaminação de trajes. No entanto, pouca atenção foi 
dada à toxicidade do ozônio, à formação de subprodutos, ao 
nível de concentração segura e às precauções necessárias.
LIMA, M. J. A.; FELIX, E. P.; CARDOSO, A. A. Aplicações e implicações do ozônio na 
indústria, ambiente e saúde. Química Nova, n. 9, 2021 (adaptado).
O grande risco envolvido no emprego indiscriminado 
dessa substância deve-se à sua ação química como",A: catalisador.; B: oxidante.; C: redutor.; D: ácido.; E: base.,1.4644,B,2022,adaptado agente alternativas ambiente ambientes ano aplicações aquoso atenção automóveis ação buscadas cardoso causador concentração contaminações cov covid câmaras dada descontaminação desinfectar dessa deve diversas durante eficientes emprego entanto envolvido equipamentos fechados felix formação grande higienização humanos implicações impulsionado indiscriminado indústria j lima m materiais meio n necessidade necessárias nova nível ozônio p possíveis pouca precauções procedimentos proteção pulverização química respostas risco rápidas sanitizante sars saúde segura subprodutos substância toxicidade trajes túneis uso,A: catalisador; B: oxidante; C: redutor; D: ácido; E: base
125,"Na figura está representado o mosaicismo em função 
da inativação aleatória de um dos cromossomos X, que 
ocorre em todas as mulheres sem alterações patológicas.
Gameta
masculino
(22+X)
Gameta
feminino
(22+X)
Zigoto (44+XX)
Blástula (44+XX)
Células com cromossomo X paterno inativado
Células com cromossomo X materno inativado
Amostras de células corporais
Entre mulheres heterozigotas para doenças determinadas 
por genes recessivos ligados ao sexo, essa inativação 
tem como consequência a ocorrência de","A: pleiotropia.; B: mutação gênica.; C: interação gênica.; D: penetrância incompleta.; E: expressividade variável.
 ",1.46748,E,2022,aleatória alterações amostras blástula consequência corporais cromossomo cromossomos células determinadas doenças feminino figura função gameta genes heterozigotas inativado inativação ligados masculino materno mosaicismo mulheres ocorre ocorrência paterno patológicas recessivos representado sexo todas x xx zigoto,A: pleiotropia; B: gênica mutação; C: gênica interação; D: incompleta penetrância; E: expressividade variável
126,"A água bruta coletada de mananciais apresenta 
alto índice de sólidos suspensos, o que a deixa com 
um aspecto turvo. Para se obter uma água límpida e 
potável, ela deve passar por um processo de purificação 
numa estação de tratamento de água. Nesse processo, 
as principais etapas são, nesta ordem: coagulação, 
decantação, filtração, desinfecção e fluoretação.
Qual é a etapa de retirada de grande parte desses 
sólidos?",A: Coagulação.; B: Decantação.; C: Filtração.; D: Desinfecção.; E: Fluoretação.,2.51676,B,2022,alto apresenta aspecto bruta coagulação coletada decantação deixa desinfecção desses deve estação etapa etapas filtração fluoretação grande límpida mananciais nesse nesta obter ordem parte passar potável principais processo purificação retirada suspensos sólidos tratamento turvo água índice,A: coagulação; B: decantação; C: filtração; D: desinfecção; E: fluoretação
127,"Os ursos, por não apresentarem uma hibernação 
verdadeira, acordam por causa da presença de 
termogenina, uma proteína mitocondrial que impede a 
chegada dos prótons até a ATP sintetase, gerando calor. 
Esse calor é importante para aquecer o organismo, 
permitindo seu despertar.
SADAVA, D. et al. Vida: a ciência da biologia. Porto Alegre: Artmed, 2009 (adaptado).
Em qual etapa do metabolismo energético celular a 
termogenina interfere?",A: Glicólise.; B: Fermentação lática.; C: Ciclo do ácido cítrico.; D: Oxidação do piruvato.; E: Fosforilação oxidativa.,1.70426,E,2022,acordam adaptado al alegre apresentarem aquecer artmed atp biologia calor causa celular chegada ciência d despertar energético et etapa gerando hibernação impede importante interfere metabolismo mitocondrial organismo permitindo porto presença proteína prótons sadava sintetase termogenina ursos verdadeira vida,A: glicólise; B: fermentação lática; C: ciclo cítrico ácido; D: oxidação piruvato; E: fosforilação oxidativa
128,"A fim de classificar as melhores rotas em um aplicativo 
de trânsito, um pesquisador propõe um modelo com 
base em circuitos elétricos. Nesse modelo, a corrente 
representa o número de carros que passam por um ponto 
da pista no intervalo de 1 s. A diferença de potencial (d.d.p.) 
corresponde à quantidade de energia por carro necessária 
para o deslocamento de 1 m. De forma análoga à lei de 
Ohm, cada via é classificada pela sua resistência, sendo 
a de maior resistência a mais congestionada. O aplicativo 
mostra as rotas em ordem crescente, ou seja, da rota de 
menor para a de maior resistência.
Como teste para o sistema, são utilizadas três 
possíveis vias para uma viagem de A até B, com os 
valores de d.d.p. e corrente conforme a tabela.
Rota
d.d.p.
J
carro m





Corrente
carro
s




510
2
4
575
Nesse teste, a ordenação das rotas indicadas pelo 
aplicativo será:","A: 1, 2, 3.; B: 1, 3, 2.; C: 2, 1, 3.; D: 3, 1, 2.; E: 3, 2, 1.",1.20513,A,2022,análoga aplicativo b base cada carro carros circuitos classificada classificar conforme congestionada corrente corresponde crescente d deslocamento diferença elétricos energia fim forma indicadas intervalo j lei m maior melhores menor modelo mostra necessária nesse número ohm ordem ordenação p passam pesquisador pista ponto possíveis potencial propõe quantidade representa resistência rota rotas s sendo sistema tabela teste trânsito três utilizadas valores via viagem vias,A: ; B: ; C: ; D: ; E: 
129,"O esquema representa o ciclo do nitrogênio:
Plantas
Assimilação
Bactérias
nitrificantes
Nitrificação
Amonificação
Bactérias fixadoras
de N2 no solo
Bactérias nitrificantes
Bactérias fixa-
doras de N2 nos 
nódulos de raízes 
de leguminosas
Bactérias
desnitri-
ficantes
(fungos e bactérias
aeróbicas e anaeróbicas)
Decompositores
Amônia e Amônio
(NH3)
(NH4
+)
Nitritos (NO2
−)
Nitratos (NO3
−)
A chuva ácida interfere no ciclo do nitrogênio, 
principalmente, por proporcionar uma diminuição do pH 
do solo e da atmosfera, alterando a concentração dos 
compostos presentes nesse ciclo.
Disponível em: http://scienceprojectideasforkids.com. Acesso em: 6 ago. 2012 (adaptado).
Em um solo de menor pH, será favorecida a formação de:","A: N2; B: NH3; C: NH4
+; D: NO2
−; E: NO3
−",1.78678,C,2022,acesso adaptado aeróbicas ago alterando amonificação amônia amônio anaeróbicas assimilação atmosfera bactérias chuva ciclo compostos concentração decompositores desnitri diminuição disponível doras esquema favorecida ficantes fixa fixadoras formação fungos http interfere leguminosas menor nesse nitratos nitrificantes nitrificação nitritos nitrogênio nódulos ph plantas presentes principalmente proporcionar raízes representa scienceprojectideasforkids solo ácida,A: ; B: ; C: ; D: ; E: 
130,"No processo de captação da luz pelo olho para a 
formação de imagens estão envolvidas duas estruturas 
celulares: os cones e os bastonetes. Os cones são sensíveis 
à energia dos fótons, e os bastonetes, à quantidade de 
fótons incidentes. A energia dos fótons que compõem 
os raios luminosos está associada à sua frequência, e a 
intensidade, ao número de fótons incidentes.
Um animal que tem bastonetes mais sensíveis irá","A: apresentar daltonismo.; B: perceber cores fora do espectro do visível.; C: enxergar bem em ambientes mal iluminados.; D: necessitar de mais luminosidade para enxergar.; E: fazer uma pequena distinção de cores em ambientes 
iluminados.
",0.78824,C,2022,animal associada bastonetes captação celulares compõem cones duas energia envolvidas estruturas formação frequência fótons imagens incidentes intensidade irá luminosos luz número olho processo quantidade raios sensíveis,A: apresentar daltonismo; B: cores espectro perceber visível; C: ambientes bem enxergar iluminados mal; D: enxergar luminosidade necessitar; E: ambientes cores distinção fazer iluminados pequena
131,"De modo geral, a palavra “aromático” invoca associações agradáveis, como cheiro de café fresco ou de um pão doce de 
canela. Associações similares ocorriam no passado da história da química orgânica, quando os compostos ditos “aromáticos” 
apresentavam um odor agradável e foram isolados de óleos naturais. À medida que as estruturas desses compostos eram 
elucidadas, foi se descobrindo que vários deles continham uma unidade estrutural específica. Os compostos aromáticos 
que continham essa unidade estrutural tornaram-se parte de uma grande família, muito mais com base em suas estruturas 
eletrônicas do que nos seus cheiros, como as substâncias a seguir, encontradas em óleos vegetais.
H
O
O
CH3
O
OH
CH3
O
C
H3
H
O
OH
O
CH3
CH2
O
H
O
C
H3
H
O
Benzaldeído
(no óleo de amêndoas)
Salicilato de metila
(no óleo de gaultéria)
Anetol
(no óleo de anis)
Vanilina
(no óleo de baunilha)
Eugenol
(no óleo de cravos)
Cinamaldeído
(no óleo de canela)
SOLOMONS, T. W. G.; FRYHLE, C. B. Química orgânica. Rio de Janeiro: LTC, 2009 (adaptado).
A característica estrutural dessa família de compostos é a presença de",A: ramificações.; B: insaturações.; C: anel benzênico.; D: átomos de oxigênio.; E: carbonos assimétricos.,0.4948,C,2022,adaptado agradáveis agradável amêndoas anetol anis apresentavam aromático aromáticos associações b base baunilha benzaldeído c café canela característica cheiro cheiros cinamaldeído compostos continham cravos descobrindo dessa desses ditos doce eletrônicas elucidadas encontradas específica estrutural estruturas eugenol família fresco fryhle g gaultéria geral grande h história invoca isolados janeiro ltc medida metila modo naturais ocorriam odor oh orgânica palavra parte passado presença pão química rio salicilato seguir similares solomons substâncias t tornaram unidade vanilina vegetais vários w óleo óleos,A: ramificações; B: insaturações; C: anel benzênico; D: oxigênio átomos; E: assimétricos carbonos
132,"Os resultados de um ensaio clínico randomizado na Indonésia apontaram uma redução de 77% dos casos de 
dengue nas áreas que receberam o mosquito Aedes aegypti infectado com a bactéria Wolbachia. Trata-se da mesma 
técnica utilizada no Brasil pelo Método Wolbachia, iniciativa conduzida pela Fundação Oswaldo Cruz — Fiocruz. Essa 
bactéria induz a redução da carga viral no mosquito e, consequentemente, o número de casos de dengue na área, 
sendo repassada por meio do cruzamento entre os insetos. Como essa bactéria é um organismo intracelular e o vírus 
também precisa entrar nas células para se reproduzir, ambos necessitarão de recursos comuns.  
COSTA, G. Agência Fiocruz de Notícias. Estudo confirma eficácia do Método Wolbachia para dengue. Disponível em: https://portal.fiocruz.br. Acesso em: 3 jun. 2022 (adaptado).
Essa tecnologia utilizada no combate à dengue consiste na",A: predação do vírus pela bactéria.; B: esterilização de mosquitos infectados.; C: alteração no genótipo do mosquito pela bactéria.; D: competição do vírus e da bactéria no hospedeiro.; E: inserção de material genético do vírus na bactéria.,0.85524,D,2022,acesso adaptado aedes aegypti agência ambos apontaram bactéria br brasil carga casos clínico combate comuns conduzida confirma consequentemente consiste costa cruz cruzamento células dengue disponível eficácia ensaio entrar estudo fiocruz fundação g https indonésia induz infectado iniciativa insetos intracelular jun meio mesma mosquito método necessitarão notícias número organismo oswaldo portal precisa randomizado receberam recursos redução repassada reproduzir resultados sendo tecnologia trata técnica utilizada viral vírus wolbachia área áreas,A: bactéria predação vírus; B: esterilização infectados mosquitos; C: alteração bactéria genótipo mosquito; D: bactéria competição hospedeiro vírus; E: bactéria genético inserção material vírus
91,"DAVIS, J. Disponível em: http://garfield.com. Acesso em: 10 fev. 2015.
Por qual motivo ocorre a eletrização ilustrada na tirinha?",A: Troca de átomos entre a calça e os pelos do gato.; B: Diminuição do número de prótons nos pelos do gato.; C: Criação de novas partículas eletrizadas nos pelos do gato.; D: Movimentação de elétrons entre a calça e os pelos do gato.; E: Repulsão entre partículas elétricas da calça e dos pelos do gato.,0.63073,D,2020,acesso davis disponível eletrização fev garfield http ilustrada j motivo ocorre tirinha,A: calça gato troca átomos; B: diminuição gato número prótons; C: criação eletrizadas gato novas partículas; D: calça elétrons gato movimentação; E: calça elétricas gato partículas repulsão
92,"A enorme quantidade de resíduos gerados pelo consumo crescente da sociedade traz para a humanidade 
uma preocupação socioambiental, em especial pela quantidade de lixo produzido. Além da reciclagem e do 
reúso, pode-se melhorar ainda mais a qualidade de vida, substituindo polímeros convencionais por polímeros 
biodegradáveis.
Esses polímeros têm grandes vantagens socioambientais em relação aos convencionais porque",A: não são tóxicos.; B: não precisam ser reciclados.; C: não causam poluição ambiental quando descartados.; D: são degradados em um tempo bastante menor que os convencionais.; E: apresentam propriedades mecânicas semelhantes aos convencionais.,-0.07547,D,2020,ainda além biodegradáveis consumo convencionais crescente enorme especial gerados grandes humanidade lixo melhorar pode polímeros porque preocupação produzido qualidade quantidade reciclagem relação resíduos reúso sociedade socioambientais socioambiental substituindo traz têm vantagens vida,A: tóxicos; B: precisam reciclados; C: ambiental causam descartados poluição; D: bastante convencionais degradados menor tempo; E: apresentam convencionais mecânicas propriedades semelhantes
93,"Uma pessoa percebe que a bateria de seu veículo fica descarregada após cinco dias sem uso. No início 
desse período, a bateria funcionava normalmente e estava com o total de sua carga nominal, de 60 Ah. Pensando 
na possibilidade de haver uma corrente de fuga, que se estabelece mesmo com os dispositivos elétricos do 
veículo desligados, ele associa um amperímetro digital ao circuito do veículo.
Qual dos esquemas indica a maneira com que o amperímetro deve ser ligado e a leitura por ele realizada?",A: Amperímetro; D: Bateria; B: Bateria; E: 12 A; C: Bateria,1.55431,B,2020,ah amperímetro após associa bateria carga cinco circuito corrente descarregada desligados desse deve dias digital dispositivos elétricos esquemas estabelece fica fuga funcionava indica início leitura ligado maneira nominal normalmente pensando percebe período pessoa possibilidade realizada total uso veículo,A: amperímetro; D: bateria; B: bateria; E: ; C: bateria
94,"Um microempresário do ramo de cosméticos utiliza óleos essenciais e quer produzir um creme com fragrância 
de rosas. O principal componente do óleo de rosas tem cadeia poli-insaturada e hidroxila em carbono terminal. O 
catálogo dos óleos essenciais apresenta, para escolha da essência, estas estruturas químicas:
OH
CHO
CHO
OH
OH
(1)
(2)
(3)
(4)
(5)
Qual substância o empresário deverá utilizar?",A: 1; B: 2; C: 3; D: 4; E: 5,1.09202,A,2020,apresenta cadeia carbono catálogo cho componente cosméticos creme deverá empresário escolha essenciais essência estruturas fragrância hidroxila insaturada microempresário oh poli principal produzir quer químicas ramo rosas substância terminal utiliza utilizar óleo óleos,A: ; B: ; C: ; D: ; E: 
95,"A fragmentação dos hábitats é caracterizada pela 
formação de ilhas da paisagem original, circundadas 
por áreas transformadas. Esse tipo de interferência no 
ambiente ameaça a biodiversidade. Imagine que uma 
população de onças foi isolada em uma mata pequena. 
Elas se extinguiriam mesmo sem terem sido abatidas. 
Diversos componentes da ilha de hábitat, como o 
tamanho, a heterogeneidade, o seu entorno, a sua 
conectividade e o efeito de borda são determinantes para 
a persistência ou não das espécies originais.
Uma medida que auxilia na conservação da biodiversidade 
nas ilhas mencionadas no texto compreende a",A: formação de micro-hábitats.; B: ampliação do efeito de borda.; C: construção de corredores ecológicos.; D: promoção da sucessão ecológica.; E: introdução de novas espécies de animais e vegetais.,1.12362,C,2020,abatidas ambiente ameaça auxilia biodiversidade borda caracterizada circundadas componentes compreende conectividade conservação determinantes diversos efeito entorno espécies extinguiriam formação fragmentação heterogeneidade hábitat hábitats ilha ilhas imagine interferência isolada mata medida mencionadas onças originais original paisagem pequena persistência população sido tamanho terem texto tipo transformadas áreas,A: formação hábitats micro; B: ampliação borda efeito; C: construção corredores ecológicos; D: ecológica promoção sucessão; E: animais espécies introdução novas vegetais
96,"A sacarase (ou invertase) é uma enzima que atua no 
intestino humano hidrolisando o dissacarídeo sacarose 
nos monossacarídeos glicose e frutose. Em um estudo 
cinético da reação de hidrólise da sacarose (C12H22O11), 
foram dissolvidos 171 g de sacarose em 500 mL de 
água. Observou-se que, a cada 100 minutos de reação, 
a concentração de sacarose foi reduzida à metade, 
qualquer que fosse o momento escolhido como tempo 
inicial. As massas molares dos elementos H, C e O são 
iguais a 1, 12 e 16 g mol−1, respectivamente.
Qual é a concentração de sacarose depois de 400 minutos 
do início da reação de hidrólise?","A: 2,50 × 10−3 mol L−1; B: 6,25 × 10−2 mol L−1; C: 1,25 × 10−1 mol L−1; D: 2,50 × 10−1 mol L−1; E: 4,27 × 10−1 mol L−1",1.50249,B,2020,atua c cada cinético concentração dissacarídeo dissolvidos elementos enzima escolhido estudo frutose g glicose h hidrolisando hidrólise humano iguais inicial intestino invertase início massas metade minutos ml mol molares momento monossacarídeos observou qualquer reação reduzida respectivamente sacarase sacarose tempo água,A: l mol; B: l mol; C: l mol; D: l mol; E: l mol
97,"Grandes reservatórios de óleo leve de melhor 
qualidade e que produz petróleo mais fino foram 
descobertos 
no 
litoral 
brasileiro 
numa 
camada 
denominada pré-sal, formada há 150 milhões de anos.","A: utilização desse recurso energético acarreta para o; A: nitrogênio,; B: nitrogênio, devido ao aumento dos compostos; C: carbono, devido ao aumento dos carbonatos; D: carbono, devido à liberação das cadeias carbônicas; E: fósforo, devido à liberação dos fosfatos acumulados",0.67442,D,2020,anos brasileiro camada denominada descobertos fino formada grandes leve litoral melhor milhões petróleo produz pré qualidade reservatórios sal óleo,A: acarreta desse energético recurso utilização; A: nitrogênio; B: aumento compostos devido nitrogênio; C: aumento carbonatos carbono devido; D: cadeias carbono carbônicas devido liberação; E: acumulados devido fosfatos fósforo liberação
98,"Em uma usina geradora de energia elétrica, seja 
através de uma queda-d’água ou através de vapor 
sob pressão, as pás do gerador são postas a girar. 
O movimento relativo de um ímã em relação a um 
conjunto de bobinas produz um fluxo magnético variável 
através delas, gerando uma diferença de potencial em 
seus terminais. Durante o funcionamento de um dos 
geradores, o operador da usina percebeu que houve um 
aumento inesperado da diferença de potencial elétrico 
nos terminais das bobinas. 
Nessa situação, o aumento do módulo da diferença de 
potencial obtida nos terminais das bobinas resulta do 
aumento do(a)","A: intervalo de tempo em que as bobinas ficam imersas no; B: fluxo magnético através das bobinas, por meio de; C: intensidade do campo magnético no qual as bobinas; D: rapidez com que o fluxo magnético varia através das; E: resistência interna do condutor que constitui as bobinas,",1.5026,D,2020,através aumento bobinas conjunto d diferença durante elétrica elétrico energia fluxo funcionamento gerador geradora geradores gerando girar inesperado magnético movimento módulo nessa obtida operador percebeu postas potencial pressão produz pás queda relativo relação resulta situação sob terminais usina vapor variável água ímã,A: bobinas ficam imersas intervalo tempo; B: através bobinas fluxo magnético meio; C: bobinas campo intensidade magnético; D: através fluxo magnético rapidez varia; E: bobinas condutor constitui interna resistência
99,"Você foi contratado para sincronizar os quatro 
semáforos de uma avenida, indicados pelas letras O, A, 
B e C, conforme a figura. 
C
B","A: O; A: 20 s, 45 s e 70 s.; B: 25 s, 50 s e 75 s.; C: 28 s, 42 s e 53 s.; D: 30 s, 55 s e 80 s.; E: 35 s, 60 s e 85 s.",1.90806,D,2020,avenida b c conforme contratado figura indicados letras quatro semáforos sincronizar,A: ; A: s; B: s; C: s; D: s; E: s
100,"Nos dias atuais, o amplo uso de objetos de plástico 
gera bastante lixo, que muitas vezes é eliminado pela 
população por meio da queima. Esse procedimento é 
prejudicial ao meio ambiente por lançar substâncias 
poluentes. Para constatar esse problema, um estudante 
analisou a decomposição térmica do policloreto de 
vinila (PVC), um tipo de plástico, cuja estrutura é 
representada na figura.
Policloreto de vinila (PVC)
Para realizar esse experimento, o estudante colocou 
uma amostra de filme de PVC em um tubo de ensaio e o 
aqueceu, promovendo a decomposição térmica. Houve a 
liberação majoritária de um gás diatômico heteronuclear 
que foi recolhido em um recipiente acoplado ao tubo 
de ensaio. Esse gás, quando borbulhado em solução 
alcalina diluída contendo indicador ácido-base, alterou a 
cor da solução. Além disso, em contato com uma solução 
aquosa de carbonato de sódio (Na2CO3), liberou gás 
carbônico.
Qual foi o gás liberado majoritariamente na decomposição 
térmica desse tipo de plástico?",A: H2; B: Cl2; C: CO; D: CO2; E: HCl,1.69946,E,2020,acoplado alcalina alterou além ambiente amostra amplo analisou aqueceu aquosa atuais base bastante borbulhado carbonato carbônico colocou constatar contato contendo cor cuja decomposição desse dias diatômico diluída disso eliminado ensaio estrutura estudante experimento figura filme gera gás heteronuclear indicador lançar liberado liberação liberou lixo majoritariamente majoritária meio muitas objetos plástico policloreto poluentes população prejudicial problema procedimento promovendo pvc queima realizar recipiente recolhido representada solução substâncias sódio tipo tubo térmica uso vezes vinila ácido,A: ; B: ; C: co; D: ; E: hcl
101,"Uma população (momento A) sofre isolamento 
em duas subpopulações (momento B) por um fator de 
isolamento (I). Passado um tempo, essas subpopulações 
apresentam características fenotípicas e genotípicas que 
as distinguem (momento C), representadas na figura 
pelas tonalidades de cor. O posterior desaparecimento 
do fator de isolamento I pode levar, no momento D, às 
situações D1 e D2.","A: B; C: D; A: representação indica que, no momento D, na situação; A: D1 ocorre um novo fator de isolamento geográfico.; B: D1 existe uma única população distribuída em; C: D1 ocorrem duas populações separadas por; D: D2 coexistem duas populações com características; E: D2 foram preservadas as mesmas características",0.72028,C,2020,apresentam b c características cor d desaparecimento distinguem duas fator fenotípicas figura genotípicas i isolamento levar momento passado pode população posterior representadas situações sofre subpopulações tempo tonalidades,A: b; C: d; A: d indica momento representação situação; A: fator geográfico isolamento novo ocorre; B: distribuída existe população única; C: duas ocorrem populações separadas; D: características coexistem duas populações; E: características mesmas preservadas
102,"A obtenção de óleos vegetais, de maneira geral, passa pelas etapas descritas no quadro.
Etapa
Subetapa
O que ocorre
Preparação da 
matéria-prima
Seleção dos grãos
Separação das sujidades mais grossas
Descascamento
Separação de polpa e casca
Trituração
Rompimento dos tecidos e das paredes das células
Cozimento
Aumento da permeabilidade das membranas celulares
Extração do 
óleo bruto
Prensagem
Remoção parcial do óleo
Extração
Obtenção do óleo bruto com hexano
Destilação
Separação do óleo e do solvente
 
Qual das subetapas do processo é realizada em função apenas da polaridade das substâncias?",A: Trituração.; B: Cozimento.; C: Prensagem.; D: Extração.; E: Destilação.,1.88363,D,2020,apenas aumento bruto casca celulares cozimento células descascamento descritas destilação etapa etapas extração função geral grossas grãos hexano maneira matéria membranas obtenção ocorre parcial paredes passa permeabilidade polaridade polpa prensagem preparação prima processo quadro realizada remoção rompimento seleção separação solvente subetapa subetapas substâncias sujidades tecidos trituração vegetais óleo óleos,A: trituração; B: cozimento; C: prensagem; D: extração; E: destilação
103,"O dióxido de carbono passa para o estado sólido (gelo seco) a −78 °C e retorna ao estado gasoso à temperatura 
ambiente. O gás é facilmente solubilizado em água, capaz de absorver radiação infravermelha da superfície da terra 
e não conduz eletricidade. Ele é utilizado como matéria-prima para a fotossíntese até o limite de saturação. Após a fixação 
pelos organismos autotróficos, o gás retorna ao meio ambiente pela respiração aeróbica, fermentação, decomposição 
ou por resíduos industriais, queima de combustíveis fósseis e queimadas. Apesar da sua importância ecológica, seu 
excesso causa perturbações no equilíbrio ambiental.
Considerando as propriedades descritas, o aumento atmosférico da substância afetará os organismos aquáticos em 
razão da",A: redução do potencial hidrogeniônico da água.; B: restrição da aerobiose pelo excesso de poluentes.; C: diminuição da emissão de oxigênio pelos autótrofos.; D: limitação de transferência de energia entre os seres vivos.; E: retração dos oceanos pelo congelamento do gás nos polos.,1.8581,A,2020,absorver aeróbica afetará ambiental ambiente apesar após aquáticos atmosférico aumento autotróficos c capaz carbono causa combustíveis conduz considerando decomposição descritas dióxido ecológica eletricidade equilíbrio estado excesso facilmente fermentação fixação fotossíntese fósseis gasoso gelo gás importância industriais infravermelha limite matéria meio organismos passa perturbações prima propriedades queima queimadas radiação razão respiração resíduos retorna saturação seco solubilizado substância superfície sólido temperatura terra utilizado água,A: hidrogeniônico potencial redução água; B: aerobiose excesso poluentes restrição; C: autótrofos diminuição emissão oxigênio; D: energia limitação seres transferência vivos; E: congelamento gás oceanos polos retração
104,"Grupos de proteção ao meio ambiente conseguem resgatar muitas aves aquáticas vítimas de vazamentos de 
petróleo. Essas aves são lavadas com água e detergente neutro para a retirada completa do óleo de seu corpo e, 
posteriormente, são aquecidas, medicadas, desintoxicadas e alimentadas. Mesmo após esses cuidados, o retorno ao 
ambiente não pode ser imediato, pois elas precisam recuperar a capacidade de flutuação.
Para flutuar, essas aves precisam",A: recuperar o tônus muscular.; B: restaurar a massa corporal.; C: substituir as penas danificadas.; D: restabelecer a capacidade de homeotermia.; E: refazer a camada de cera impermeabilizante das penas.,0.62392,E,2020,alimentadas ambiente após aquecidas aquáticas aves capacidade completa conseguem corpo cuidados desintoxicadas detergente flutuar flutuação grupos imediato lavadas medicadas meio muitas neutro petróleo pode pois posteriormente precisam proteção recuperar resgatar retirada retorno vazamentos vítimas água óleo,A: muscular recuperar tônus; B: corporal massa restaurar; C: danificadas penas substituir; D: capacidade homeotermia restabelecer; E: camada cera impermeabilizante penas refazer
105,"Os 
manuais 
de 
refrigerador 
apresentam 
a 
recomendação de que o equipamento não deve ser 
instalado próximo a fontes de calor, como fogão e 
aquecedores, ou em local onde incida diretamente a 
luz do sol. A instalação em local inadequado prejudica 
o funcionamento do refrigerador e aumenta o consumo 
de energia.
O não atendimento dessa recomendação resulta em 
aumento do consumo de energia porque",A: o fl uxo de calor por condução no condensador sofre; B: a; C: o fl uxo de calor promove signifi cativa elevação da; D: a; E: as correntes de convecção nas proximidades do,3.80025,D,2020,apresentam aquecedores atendimento aumenta aumento calor consumo dessa deve diretamente energia equipamento fogão fontes funcionamento inadequado incida instalado instalação local luz manuais onde porque prejudica próximo recomendação refrigerador resulta sol,A: calor condensador condução fl sofre uxo; B: ; C: calor cativa elevação fl promove signifi uxo; D: ; E: convecção correntes proximidades
106,"Um mergulhador fi ca preso ao explorar uma caverna 
no oceano. Dentro da caverna formou-se um bolsão de 
ar, como mostrado na fi gura, onde o mergulhador se 
abrigou.
Durante o resgate, para evitar danos a seu 
organismo, foi necessário que o mergulhador passasse 
por um processo de descompressão antes de retornar 
à superfície para que seu corpo fi casse novamente sob 
pressão atmosférica. O gráfi co mostra a relação entre 
os tempos de descompressão recomendados para 
indivíduos nessa situação e a variação de pressão.
Tempo de 
descompressão  (min)
Variação de pressão (kPa)
80
40
100
300
500
700
Considere que a aceleração da gravidade seja 
igual a 10 m s−2 e que a densidade da água seja de 
ρ = 1 000 kg m−3.
Em minutos, qual é o tempo de descompressão a que o 
mergulhador deverá ser submetido?",A: 100; B: 80; C: 60; D: 40; E: 20,1.35723,C,2020,abrigou aceleração antes ar atmosférica bolsão ca casse caverna co considere corpo danos densidade dentro descompressão deverá durante evitar explorar fi formou gravidade gráfi gura igual indivíduos kg kpa m mergulhador min minutos mostra mostrado necessário nessa novamente oceano onde organismo passasse preso pressão processo recomendados relação resgate retornar s situação sob submetido superfície tempo tempos variação água,A: ; B: ; C: ; D: ; E: 
107,"A Torre Eiﬀ el, com seus 324 metros de altura, feita 
com treliças de ferro, pesava 7 300 toneladas quando 
terminou de ser construída em 1889. Um arquiteto 
resolve construir um protótipo dessa torre em escala 
1:100, usando os mesmos materiais (cada dimensão 
linear em escala de 1:100 do monumento real). 
Considere que a torre real tenha uma massa Mtorre
e exerça na fundação sobre a qual foi erguida uma 
pressão Ptorre. O modelo construído pelo arquiteto terá 
uma massa Mmodelo e exercerá uma pressão Pmodelo.
Como a pressão exercida pela torre se compara  com a 
pressão exercida pelo protótipo? Ou seja, qual é a razão 
entre as pressões (Ptorre)/(Pmodelo) ?",A: 100; B: 101; C: 102; D: 104; E: 106,0.95758,C,2020,altura arquiteto cada compara considere construir construída construído dessa dimensão el erguida escala exercerá exercida exerça feita ferro fundação linear massa materiais mesmos metros mmodelo modelo monumento mtorre pesava pmodelo pressão pressões protótipo ptorre razão real resolve sobre terminou toneladas torre treliças usando,A: ; B: ; C: ; D: ; E: 
108,"Na indústria farmacêutica, é muito comum o emprego 
de substâncias de revestimento em medicamentos de uso 
oral, pois trazem uma série de benefícios como alteração de 
sabor em medicamentos que tenham gosto ruim, melhoria 
da assimilação do composto, entre outras ações. Alguns 
compostos poliméricos à base do polissacarídeo celulose 
são utilizados para garantir que o fármaco somente seja 
liberado quando em contato com soluções aquosas cujo pH 
se encontre próximo da faixa da neutralidade.
BORTOLINI, K. et al. Análise de perfil de dissolução de cápsulas gastrorresistentes 
utilizando polímeros industriais com aplicação em farmácias magistrais. 
Revista da Unifebe, n. 12, 2013 (adaptado). 
Qual é a finalidade do uso desse revestimento à base de 
celulose?",A: Diminuir a absorção do princípio ativo no intestino.; B: Impedir que o fármaco seja solubilizado no intestino.; C: Garantir que o fármaco não seja afetado pelas; D: Permitir a liberação do princípio ativo pela ação das; E: Facilitar a liberação do fármaco pela ação dos sais,1.17942,C,2020,adaptado al alguns alteração análise aplicação aquosas assimilação ações base benefícios bortolini celulose composto compostos comum contato cujo cápsulas desse dissolução emprego encontre et faixa farmacêutica farmácias finalidade fármaco garantir gastrorresistentes gosto industriais indústria k liberado magistrais medicamentos melhoria n neutralidade oral outras perfil ph pois poliméricos polissacarídeo polímeros próximo revestimento revista ruim sabor soluções somente substâncias série trazem unifebe uso utilizados utilizando,A: absorção ativo diminuir intestino princípio; B: fármaco impedir intestino solubilizado; C: afetado fármaco garantir; D: ativo ação liberação permitir princípio; E: ação facilitar fármaco liberação sais
109,"As panelas de pressão reduzem o tempo de 
cozimento dos alimentos por elevar a temperatura de 
ebulição da água. Os usuários conhecedores do utensílio 
normalmente abaixam a intensidade do fogo em panelas 
de pressão após estas iniciarem a saída dos vapores.
Ao abaixar o fogo, reduz-se a chama, pois assim evita-se o(a)",A: aumento da pressão interna e os riscos de explosão.; B: dilatação da panela e a desconexão com sua tampa.; C: perda da qualidade nutritiva do alimento.; D: deformação da borracha de vedação.; E: consumo de gás desnecessário.,1.67689,E,2020,abaixam abaixar alimentos após assim chama conhecedores cozimento ebulição elevar evita fogo iniciarem intensidade normalmente panelas pois pressão reduz reduzem saída temperatura tempo usuários utensílio vapores água,A: aumento explosão interna pressão riscos; B: desconexão dilatação panela tampa; C: alimento nutritiva perda qualidade; D: borracha deformação vedação; E: consumo desnecessário gás
110,"A nanotecnologia pode ser caracterizada quando os 
compostos estão na ordem de milionésimos de milímetros, 
como na utilização de nanomateriais catalíticos nos 
processos industriais. O uso desses materiais aumenta 
a eficiência da produção, consome menos energia e gera 
menores quantidades de resíduos. O sucesso dessa 
aplicação tecnológica muitas vezes está relacionado ao 
aumento da velocidade da reação química envolvida.
O êxito da aplicação dessa tecnologia é por causa 
da realização de reações químicas que ocorrem em 
condições de",A: alta pressão.; B: alta temperatura.; C: excesso de reagentes.; D: maior superfície de contato.; E: elevada energia de ativação.,1.59379,D,2020,aplicação aumenta aumento caracterizada catalíticos causa compostos condições consome dessa desses eficiência energia envolvida gera industriais materiais menores menos milionésimos milímetros muitas nanomateriais nanotecnologia ocorrem ordem pode processos produção quantidades química químicas realização reação reações relacionado resíduos sucesso tecnologia tecnológica uso utilização velocidade vezes êxito,A: alta pressão; B: alta temperatura; C: excesso reagentes; D: contato maior superfície; E: ativação elevada energia
111,"Os fones de ouvido  tradicionais transmitem a música 
diretamente para os nossos ouvidos. Já os modelos 
dotados de tecnologia redutora de ruído — Cancelamento 
de Ruído (CR) —  além de transmitirem música, também 
reduzem todo ruído inconsistente à nossa volta, como 
o barulho de turbinas de avião e aspiradores de pó. Os 
fones de ouvido CR não reduzem realmente barulhos 
irregulares como discursos e choros de bebês. Mesmo 
assim, a supressão do ronco das turbinas do avião 
contribui para reduzir a “fadiga de ruído”, um cansaço 
persistente provocado pela exposição a um barulho alto 
por horas a fio. Esses aparelhos também permitem que 
nós ouçamos músicas ou assistamos a vídeos no trem ou 
no avião a um volume muito menor (e mais seguro).
Disponível em: http://tecnologia.uol.com.br. Acesso em: 21 abr. 2015 (adaptado).",A: tecnologia redutora de ruído CR utilizada na produção; A: Absorção.; B: Interferência.; C: Polarização.; D: Reflexão.; E: Difração.,1.69468,B,2020,abr acesso adaptado alto além aparelhos aspiradores assim assistamos avião barulho barulhos bebês br cancelamento cansaço choros contribui cr diretamente discursos disponível dotados exposição fadiga fio fones horas http inconsistente irregulares menor modelos música músicas ouvido ouvidos ouçamos permitem persistente provocado pó realmente redutora reduzem reduzir ronco ruído seguro supressão tecnologia todo tradicionais transmitem transmitirem trem turbinas uol volta volume vídeos,A: cr produção redutora ruído tecnologia utilizada; A: absorção; B: interferência; C: polarização; D: reflexão; E: difração
112,"Para garantir que produtos eletrônicos estejam 
armazenados de forma adequada antes da venda, 
algumas empresas utilizam cartões indicadores de 
umidade nas embalagens desses produtos. Alguns 
desses cartões contêm um sal de cobalto que 
muda de cor em presença de água, de acordo com 
a equação química:
∆H < 0
(azul)
(rosa)
Como você procederia para reutilizar, num curto 
intervalo de tempo, um cartão que já estivesse com a 
coloração rosa?",A: Resfriaria no congelador.; B: Borrifaria com spray de água.; C: Envolveria com papel alumínio.; D: Aqueceria com secador de cabelos.; E: Embrulharia em guardanapo de papel.,0.84954,D,2020,acordo adequada algumas alguns antes armazenados azul cartão cartões cobalto coloração contêm cor curto desses eletrônicos embalagens empresas equação forma garantir h indicadores intervalo muda presença procederia produtos química reutilizar rosa sal tempo umidade utilizam venda água,A: congelador resfriaria; B: borrifaria spray água; C: alumínio envolveria papel; D: aqueceria cabelos secador; E: embrulharia guardanapo papel
113,"Nos desenhos animados, com frequência se vê um 
personagem correndo na direção de um abismo, mas, ao 
invés de cair, ele continua andando no vazio e só quando 
percebe que não há nada sob seus pés é que ele para 
de andar e cai verticalmente. No entanto, para observar 
uma trajetória de queda num experimento real, pode-se 
lançar uma bolinha, com velocidade constante (V0), sobre 
a superfície de uma mesa e verificar o seu movimento de 
queda até o chão. 
Qual figura melhor representa a trajetória de queda da bolinha?",A: Mesa; B: Mesa; C: Mesa; D: Mesa; E: Mesa,0.47507,D,2020,abismo andando andar animados bolinha cai cair chão constante continua correndo desenhos direção entanto experimento figura frequência invés lançar melhor mesa movimento nada observar percebe personagem pode pés queda real representa sob sobre superfície trajetória vazio velocidade verificar verticalmente vê,A: mesa; B: mesa; C: mesa; D: mesa; E: mesa
114,"Dois engenheiros estão verificando se uma cavidade 
perfurada no solo está de acordo com o planejamento 
de uma obra, cuja profundidade requerida é de 30 m. 
O teste é feito por um dispositivo denominado oscilador 
de áudio de frequência variável, que permite relacionar 
a profundidade com os valores da frequência de duas 
ressonâncias consecutivas, assim como em um tubo 
sonoro fechado. A menor frequência de ressonância que 
o aparelho mediu foi 135 Hz. Considere que a velocidade 
do som dentro da cavidade perfurada é de 360 m s-1.
Se a profundidade estiver de acordo com o projeto, qual 
será o valor da próxima frequência de ressonância que 
será medida?",A: 137 Hz.; B: 138 Hz.; C: 141 Hz.; D: 144 Hz.; E: 159 Hz.,2.62945,C,2020,acordo aparelho assim cavidade consecutivas considere cuja denominado dentro dispositivo dois duas engenheiros fechado feito frequência hz m medida mediu menor obra oscilador perfurada permite planejamento profundidade projeto próxima relacionar requerida ressonância ressonâncias s solo som sonoro teste tubo valor valores variável velocidade verificando áudio,A: hz; B: hz; C: hz; D: hz; E: hz
115,"Instituições acadêmicas e de pesquisa no mundo estão 
inserindo genes em genomas de plantas que possam 
codificar produtos de interesse farmacológico. No Brasil, 
está sendo desenvolvida uma variedade de soja com um 
viricida ou microbicida capaz de prevenir a contaminação 
pelo vírus causador da aids. Essa leguminosa está sendo 
induzida a produzir a enzima cianovirina-N, que tem 
eficiência comprovada contra o vírus.
OLIVEIRA, M. Remédio na planta. Pesquisa Fapesp, n. 206, abr. 2013.",A: técnica para gerar essa leguminosa é um exemplo de; A: hibridismo.; B: transgenia.; C: conjugação.; D: terapia gênica.; E: melhoramento genético.,0.79213,B,2020,abr acadêmicas aids brasil capaz causador cianovirina codificar comprovada contaminação contra desenvolvida eficiência enzima fapesp farmacológico genes genomas induzida inserindo instituições interesse leguminosa m microbicida mundo n oliveira pesquisa planta plantas possam prevenir produtos produzir remédio sendo soja variedade viricida vírus,A: exemplo gerar leguminosa técnica; A: hibridismo; B: transgenia; C: conjugação; D: gênica terapia; E: genético melhoramento
116,"Um estudante tem uma fonte de tensão com corrente 
contínua que opera em tensão fixa de 12 V. Como 
precisa alimentar equipamentos que operam em tensões 
menores, ele emprega quatro resistores de 100 Ω para 
construir um divisor de tensão. Obtém-se este divisor 
associando os resistores, como exibido na figura. Os 
aparelhos podem ser ligados entre os pontos A, B, C, D e 
E, dependendo da tensão especificada.
Fonte CC
12 V
+
−
100 Ω
100 Ω
100 Ω
100 Ω","A: B; C: D; E: Ele tem um equipamento que opera em 9,0 V com; A: Entre A e C; 30 mA.; B: Entre B e E; 30 mA.; C: Entre A e D; 1,2 mA.; D: Entre B e E; 0,9 mA.; E: Entre A e E; 0,9 mA.",2.08846,D,2020,alimentar aparelhos associando b c cc construir contínua corrente d dependendo divisor emprega equipamentos especificada estudante exibido figura fixa fonte ligados menores obtém opera operam podem pontos precisa quatro resistores tensão tensões v,A: b; C: d; E: equipamento opera v; A: c ma; B: b ma; C: d ma; D: b ma; E: ma
117,"Pesquisadores dos Estados Unidos desenvolveram 
uma nova técnica, que utiliza raios de luz infravermelha 
(invisíveis a olho nu) para destruir tumores. Primeiramente, 
o paciente recebe uma injeção com versões modificadas 
de anticorpos que têm a capacidade de “grudar” apenas 
nas células cancerosas. Sozinhos, eles não fazem nada 
contra o tumor. Entretanto, esses anticorpos estão ligados 
a uma molécula, denominada IR700, que funcionará como 
uma “microbomba”, que irá destruir o câncer. Em seguida, o 
paciente recebe raios infravermelhos. Esses raios penetram 
no corpo e chegam até a molécula IR700, que é ativada e 
libera uma substância que ataca a célula cancerosa. 
Disponível em: http://super.abril.com.br. Acesso em: 13 dez. 2012 (adaptado).
Com base nas etapas de desenvolvimento, o nome 
apropriado para a técnica descrita é:",A: Radioterapia.; B: Cromoterapia.; C: Quimioterapia.; D: Fotoimunoterapia.; E: Terapia magnética.,1.57164,D,2020,abril acesso adaptado anticorpos apenas apropriado ataca ativada base br cancerosa cancerosas capacidade chegam contra corpo câncer célula células denominada descrita desenvolveram desenvolvimento destruir dez disponível entretanto estados etapas fazem funcionará grudar http infravermelha infravermelhos injeção invisíveis irá libera ligados luz microbomba modificadas molécula nada nome nova nu olho paciente penetram pesquisadores primeiramente raios recebe seguida sozinhos substância super tumor tumores técnica têm unidos utiliza versões,A: radioterapia; B: cromoterapia; C: quimioterapia; D: fotoimunoterapia; E: magnética terapia
118,"Aranhas, escorpiões, carrapatos e ácaros são 
representantes da classe dos Aracnídeos. Esses animais 
são terrestres em sua grande maioria e ocupam os mais 
variados hábitats, tais como montanhas altas, pântanos, 
desertos e solos arenosos. Podem ter sido os primeiros 
representantes do filo Arthropoda a habitar a terra seca.",A: característica que justifica o sucesso adaptativo desse; A: quelíceras e pedipalpos que coordenam o movimento; B: excreção de ácido úrico que confere estabilidade ao; C: exoesqueleto constituído de quitina que auxilia no; D: circulação sanguínea aberta que impede a desidratação; E: sistema nervoso ganglionar que promove a coordenação,1.19437,C,2020,altas animais aracnídeos aranhas arenosos arthropoda carrapatos classe desertos escorpiões filo grande habitar hábitats maioria montanhas ocupam podem primeiros pântanos representantes seca sido solos tais ter terra terrestres variados ácaros,A: adaptativo característica desse justifica sucesso; A: coordenam movimento pedipalpos quelíceras; B: confere estabilidade excreção ácido úrico; C: auxilia constituído exoesqueleto quitina; D: aberta circulação desidratação impede sanguínea; E: coordenação ganglionar nervoso promove sistema
119,"Pesquisadores coletaram amostras de água de um 
rio em pontos diferentes, distantes alguns quilômetros 
um do outro. Ao longo do rio, há locais de águas limpas, 
como também locais que recebem descarga de esgoto 
de área urbana, e locais onde há decomposição ativa 
com ausência de peixes. Os pesquisadores analisaram 
dois parâmetros: oxigênio dissolvido (OD) e demanda 
bioquímica de oxigênio (DBO) em cada ponto de coleta 
de água, obtendo o gráfico:
OD e DBO (mg L−1)
OD
DBO
OD ≥ 5 mg L−1  e  DBO ≤ 5 mg L−1.
Legenda:
∗
+
Valores limites permitidos para águas doces destinadas ao abastecimento
para o consumo humano após tratamento convencional, segundo Resolução 
Conama n. 357/2005:
12
4
6
1
3
5
∗
∗
∗
∗
∗
+
+
+
+
+
Pontos de amostragem
O OD é proveniente da atmosfera e da fotossíntese 
que ocorre no curso-d’água e sua concentração é 
função das variáveis físicas, químicas e bioquímicas 
locais. A DBO é a quantidade de oxigênio consumido 
por microrganismos em condições aeróbicas para 
degradar uma determinada quantidade de matéria 
orgânica, durante um período de tempo, numa 
temperatura de incubação específica.
Disponível em: www.programaaguaazul.rn.gov.br. Acesso em: 16 ago. 2014 (adaptado).
Qual ponto de amostragem da água do rio está mais 
próximo ao local em que o rio recebe despejo de esgoto?",A: 1; B: 2; C: 3; D: 4; E: 5,1.15068,A,2020,abastecimento acesso adaptado aeróbicas ago alguns amostragem amostras analisaram após ativa atmosfera ausência bioquímica bioquímicas br cada coleta coletaram conama concentração condições consumido consumo convencional curso d dbo decomposição degradar demanda descarga despejo destinadas determinada diferentes disponível dissolvido distantes doces dois durante esgoto específica fotossíntese função físicas gov gráfico humano incubação l legenda limites limpas locais local longo matéria mg microrganismos n obtendo ocorre od onde orgânica outro oxigênio parâmetros peixes permitidos período pesquisadores ponto pontos programaaguaazul proveniente próximo quantidade quilômetros químicas recebe recebem resolução rio rn segundo temperatura tempo tratamento urbana valores variáveis www água águas área,A: ; B: ; C: ; D: ; E: 
120,"O crescimento da frota de veículos em circulação 
no mundo tem levado à busca e desenvolvimento 
de tecnologias que permitam minimizar emissões de 
poluentes atmosféricos. O uso de veículos elétricos é 
uma das propostas mais propagandeadas por serem de 
emissão zero. Podemos comparar a emissão de carbono 
na forma de CO2 (massa molar igual a 44 g mol−1) para os 
dois tipos de carros (a combustão e elétrico). Considere 
que os veículos tradicionais a combustão, movidos a 
etanol (massa molar igual a 46 g mol−1), emitem uma 
média de 2,6 mol de CO2 por quilômetro rodado, e os 
elétricos emitem o equivalente a 0,45 mol de CO2 por 
quilômetro rodado (considerando as emissões na geração 
e transmissão da eletricidade). A reação de combustão 
do etanol pode ser representada pela equação química:
C2H5OH (l) + 3 O2 (g) → 2 CO2 (g) + 3 H2O (g)
Foram analisadas as emissões de CO2 envolvidas 
em dois veículos, um movido a etanol e outro elétrico, 
em um mesmo trajeto de 1 000 km.
CHIARADIA, C. A. Estudo da viabilidade da implantação de frotas de veículos elétricos 
e híbridos elétricos no atual cenário econômico, político, energético e ambiental brasileiro.
Guaratinguetá: Unesp, 2015 (adaptado).","A: quantidade equivalente de etanol economizada, em; A: 50.; B: 60.; C: 95.; D: 99.; E: 120.",2.00971,A,2020,adaptado ambiental analisadas atmosféricos atual brasileiro busca c carbono carros cenário chiaradia circulação combustão comparar considerando considere crescimento desenvolvimento dois econômico eletricidade elétrico elétricos emissão emissões emitem energético envolvidas equação equivalente estudo etanol forma frota frotas g geração guaratinguetá híbridos igual implantação km l levado massa minimizar mol molar movido movidos mundo média outro permitam pode podemos poluentes político propagandeadas propostas quilômetro química reação representada rodado serem tecnologias tipos tradicionais trajeto transmissão unesp uso veículos viabilidade zero,A: economizada equivalente etanol quantidade; A: ; B: ; C: ; D: ; E: 
121,"Em uma aula sobre metabolismo energético, 
foi apresentado um experimento clássico realizado 
por Engelmann. Um recipiente contendo bactérias 
aeróbias e uma alga verde filamentosa foi submetido 
à iluminação de uma fonte de luz, representada 
pelo microespectro. Após a explicação, um aluno 
esquematizou na lousa o resultado do referido 
experimento.
Bactérias aeróbias
Filamento de alga verde
Microespectro
Vermelho
Amarelo
Verde
Azul
Anil
Violeta
Considerando a figura, a faixa do microespectro em que a 
alga possui maior taxa de realização fotossintética é a do:",A: Anil.; B: Verde.; C: Violeta.; D: Amarelo.; E: Vermelho.,1.48748,E,2020,aeróbias alga aluno amarelo anil apresentado após aula azul bactérias clássico considerando contendo energético engelmann esquematizou experimento explicação faixa figura filamento filamentosa fonte fotossintética iluminação lousa luz maior metabolismo microespectro possui realizado realização recipiente referido representada resultado sobre submetido taxa verde vermelho violeta,A: anil; B: verde; C: violeta; D: amarelo; E: vermelho
122,"O exame parasitológico de fezes é utilizado para 
detectar ovos de parasitos. Um dos métodos utilizados, 
denominado 
de 
centrífugo-flutuação, 
considera 
a 
densidade dos ovos em relação a uma solução de 
densidade 1,15 g mL−1. Assim, ovos que flutuam na 
superfície dessa solução são detectados. Os dados 
de densidade dos ovos de alguns parasitos estão 
apresentados na tabela.
Parasito
Densidade (g mL-1)
Ancylostoma
1,06
Ascaris lumbricoides
1,11
Ascaris suum
1,13
Schistosoma mansoni
1,18
Taenia saginata
1,30
ZERBINI, A. M. Identificação e análise de viabilidade de ovos de helmintos em um 
sistema de tratamento de esgotos domésticos constituídos de reatores anaeróbios e 
rampas de escoamento superficial. Belo Horizonte: Prosab, 2001 (adaptado).
Considerando-se a densidade dos ovos e da solução, ovos 
de quais parasitos podem ser detectados por esse método?","A: A. lumbricoides, A. suum e S. mansoni.; B: S. mansoni, T. saginata e Ancylostoma.; C: Ancylostoma, A. lumbricoides e A. suum.; D: T. saginata, S. mansoni e A. lumbricoides.; E: A. lumbricoides, A. suum e T. saginata.",0.12756,C,2020,adaptado alguns anaeróbios ancylostoma análise apresentados ascaris assim belo centrífugo considera considerando constituídos dados denominado densidade dessa detectados detectar domésticos escoamento esgotos exame fezes flutuam flutuação g helmintos horizonte identificação lumbricoides m mansoni ml método métodos ovos parasito parasitológico parasitos podem prosab quais rampas reatores relação saginata schistosoma sistema solução superficial superfície suum tabela taenia tratamento utilizado utilizados viabilidade zerbini,A: lumbricoides mansoni s suum; B: ancylostoma mansoni s saginata t; C: ancylostoma lumbricoides suum; D: lumbricoides mansoni s saginata t; E: lumbricoides saginata suum t
123,"Em seu laboratório, um técnico em química foi 
incumbido de tratar um resíduo, evitando seu descarte 
direto no meio ambiente. Ao encontrar o frasco, observou 
a seguinte informação: “Resíduo: mistura de acetato de 
etila e água”.
Considere os dados do acetato de etila:
•	 	Baixa solubilidade em água;
•	 	Massa específica = 0,9 g cm−3;
•	 	Temperatura de fusão = −83 °C;
•	 	Pressão de vapor maior que a da água.","A: fim de tratar o resíduo, recuperando o acetato de etila,; A: evaporar o acetato de etila sem alterar o conteúdo de; B: filtrar a mistura utilizando um funil comum e um papel; C: realizar uma destilação simples para separar a água do; D: proceder a uma centrifugação da mistura para remover; E: decantar a mistura separando os dois componentes em",2.72331,E,2020,acetato ambiente baixa c cm considere dados descarte direto encontrar específica etila evitando frasco fusão g incumbido informação laboratório maior massa meio mistura observou pressão química resíduo seguinte solubilidade temperatura tratar técnico vapor água,A: acetato etila fim recuperando resíduo tratar; A: acetato alterar conteúdo etila evaporar; B: comum filtrar funil mistura papel utilizando; C: destilação realizar separar simples água; D: centrifugação mistura proceder remover; E: componentes decantar dois mistura separando
124,"Em 2011, uma falha no processo de perfuração 
realizado por uma empresa petrolífera ocasionou 
derramamento de petróleo na bacia hidrográfica de 
Campos, no Rio de Janeiro.
Os impactos decorrentes desse derramamento ocorrem 
porque os componentes do petróleo","A: reagem com a água do mar e sofrem degradação,; B: acidificam o meio, promovendo o desgaste das; C: dissolvem-se na água, causando a mortandade dos; D: têm caráter hidrofóbico e baixa densidade, impedindo; E: têm",0.32436,D,2020,bacia campos componentes decorrentes derramamento desse empresa falha hidrográfica impactos janeiro ocasionou ocorrem perfuração petrolífera petróleo porque processo realizado rio,A: degradação mar reagem sofrem água; B: acidificam desgaste meio promovendo; C: causando dissolvem mortandade água; D: baixa caráter densidade hidrofóbico impedindo têm; E: têm
125,"Uma população encontra-se em equilíbrio genético 
quanto ao sistema ABO, em que 25% dos indivíduos 
pertencem ao grupo O e 16%, ao grupo A homozigotos. 
Considerando que: p = frequência de IA; q = frequência 
de IB; e r = frequência de i, espera-se encontrar:
Grupo
Genótipos
Frequências",A: IAIA e IAi; B: IBIB e IBi; A: porcentagem de doadores compatíveis para alguém do; A: 11%.; B: 19%.; C: 26%.; D: 36%.; E: 60%.,1.65344,D,2020,abo considerando encontra encontrar equilíbrio espera frequência frequências genético genótipos grupo homozigotos i ia ib indivíduos p pertencem população q quanto r sistema,A: iai iaia; B: ibi ibib; A: alguém compatíveis doadores porcentagem; A: ; B: ; C: ; D: ; E: 
126,"Embora a energia nuclear possa ser utilizada 
para fins pacíficos, recentes conflitos geopolíticos 
têm trazido preocupações em várias partes do 
planeta e estimulado discussões visando o combate 
ao uso de armas de destruição em massa. Além do 
potencial destrutivo da bomba atômica, uma grande 
preocupação associada ao emprego desse artefato 
bélico é a poeira radioativa deixada após a bomba 
ser detonada.
Qual é o processo envolvido na detonação dessa bomba?","A: Fissão nuclear do urânio, provocada por nêutrons.; B: Fusão nuclear do hidrogênio, provocada por; C: Desintegração nuclear do plutônio, provocada por; D: Associação em cadeia de chumbo, provocada por; E: Decaimento radioativo do carbono, provocado por",0.67088,A,2020,além após armas artefato associada atômica bomba bélico combate conflitos deixada dessa desse destruição destrutivo detonada detonação discussões embora emprego energia envolvido estimulado fins geopolíticos grande massa nuclear pacíficos partes planeta poeira possa potencial preocupação preocupações processo radioativa recentes trazido têm uso utilizada visando várias,A: fissão nuclear nêutrons provocada urânio; B: fusão hidrogênio nuclear provocada; C: desintegração nuclear plutônio provocada; D: associação cadeia chumbo provocada; E: carbono decaimento provocado radioativo
127,"Plantas pioneiras são as que iniciam o processo 
natural de cicatrização de uma área desprovida de 
vegetação. Em geral, têm pequeno porte e crescem 
muito rápido, desenvolvem-se a pleno sol e são pouco 
exigentes quanto às condições do solo. Produzem 
grande quantidade de sementes e possuem ciclo de 
vida curto.
BLUM, C. T. Lista preliminar de espécies vegetais pioneiras nativas do Paraná – versão 
2008. Disponível em: www.chaua.org.br. Acesso em: 10 fev. 2015.
Essas plantas são importantes em um projeto de 
restauração ambiental, pois promovem, no solo,",A: aumento da incidência de luz solar.; B: diminuição da absorção de água.; C: estabilização da umidade.; D: elevação de temperatura.; E: liberação de oxigênio.,0.63222,C,2020,acesso ambiental blum br c chaua cicatrização ciclo condições crescem curto desenvolvem desprovida disponível espécies exigentes fev geral grande importantes iniciam lista nativas natural org paraná pequeno pioneiras plantas pleno pois porte possuem pouco preliminar processo produzem projeto promovem quantidade quanto restauração rápido sementes sol solo t têm vegetais vegetação versão vida www área,A: aumento incidência luz solar; B: absorção diminuição água; C: estabilização umidade; D: elevação temperatura; E: liberação oxigênio
128,"Mesmo para peixes de aquário, como o peixe 
arco-íris, a temperatura da água fora da faixa ideal 
(26 °C a 28 °C), bem como sua variação brusca, pode 
afetar a saúde do animal. Para manter a temperatura 
da água dentro do aquário na média desejada, utilizam-
se dispositivos de aquecimento com termostato. Por 
exemplo, para um aquário de 50 L, pode-se utilizar um 
sistema de aquecimento de 50 W otimizado para suprir 
sua taxa de resfriamento. Essa taxa pode ser considerada 
praticamente constante, já que a temperatura externa ao 
aquário é mantida pelas estufas. Utilize para a água o 
calor específico 4,0 kJ kg−1 K−1 e a densidade 1 kg L−1.
Se o sistema de aquecimento for desligado por 1 h, qual 
o valor mais próximo para a redução da temperatura da 
água do aquário?","A: 4,0 °C; B: 3,6 °C; C: 0,9 °C; D: 0,6 °C; E: 0,3 °C",1.73038,C,2020,afetar animal aquecimento aquário arco bem brusca c calor considerada constante densidade dentro desejada desligado dispositivos específico estufas exemplo externa faixa h ideal k kg kj l manter mantida média otimizado peixe peixes pode praticamente próximo redução resfriamento saúde sistema suprir taxa temperatura termostato utilizam utilizar utilize valor variação w água íris,A: c; B: c; C: c; D: c; E: c
129,"Em uma pesquisa estão sendo testados 
cinco quimioterápicos quanto à sua capacidade 
antitumoral. No entanto, para o tratamento de 
pacientes, sabe-se que é necessário verificar também 
o quanto cada composto agride células normais. Para o 
experimento, partiu-se de cultivos de células tumorais 
(colunas escuras na figura) e células normais (colunas 
claras) com o mesmo número de células iniciais. 
Dois grupos-controle não receberam quimioterápicos: 
controle de células tumorais (CT) e de células normais 
(CN). As colunas I, II, III, IV e V correspondem aos 
grupos tratados com os cinco compostos. O número de 
células viáveis após os tratamentos está representado 
pelas colunas.
Número de células (milhão)
50
30
10
CT
I
II
III
IV
V
CN
I
II
III
IV
V
Qual quimioterápico deve ser escolhido para tratamento 
desse tipo de tumor?",A: I; B: II; C: III; D: IV; E: V,0.81621,B,2020,agride antitumoral após cada capacidade cinco claras cn colunas composto compostos controle correspondem ct cultivos células desse deve dois entanto escolhido escuras experimento figura grupos i ii iii iniciais iv milhão necessário normais número pacientes partiu pesquisa quanto quimioterápico quimioterápicos receberam representado sabe sendo testados tipo tratados tratamento tratamentos tumor tumorais v verificar viáveis,A: i; B: ii; C: iii; D: iv; E: v
130,"Herschel, em 1880, começou a escrever sobre a condensação da luz solar no foco de uma lente e queria verificar 
de que maneira os raios coloridos contribuem para o aquecimento. Para isso, ele projetou sobre um anteparo o espectro 
solar obtido com um prisma, colocou termômetros nas diversas faixas de cores e verificou nos dados obtidos que um 
dos termômetros iluminados indicou um aumento de temperatura maior para uma determinada faixa de frequências.
SAYURI, M.; GASPAR, M. B. Infravermelho na sala de aula. Disponível em: www.cienciamao.usp.br. Acesso em: 15 ago. 2016 (adaptado).
Para verificar a hipótese de Herschel, um estudante montou o dispositivo apresentado na figura. Nesse aparato, 
cinco recipientes contendo água, à mesma temperatura inicial, e separados por um material isolante térmico e refletor são 
posicionados lado a lado (A, B, C, D e E) no interior de uma caixa de material isolante térmico e opaco. A luz solar, ao entrar 
na caixa, atravessa o prisma e incide sobre os recipientes. O estudante aguarda até que ocorra o aumento da temperatura 
e a afere em cada recipiente.
Caixa isolada e
    opaca
Incidência de luz
       solar
Luz
  solar
    decomposta
Vermelho",A: B; C: D; E: Violeta; A: A; B: B; C: C; D: D; E: E,2.26887,A,2020,acesso adaptado afere ago aguarda anteparo aparato apresentado aquecimento atravessa aula aumento b br c cada caixa cienciamao cinco colocou coloridos começou condensação contendo contribuem cores d dados decomposta determinada disponível dispositivo diversas entrar escrever espectro estudante faixa faixas figura foco frequências gaspar herschel hipótese iluminados incide incidência indicou infravermelho inicial interior isolada isolante lado lente luz m maior maneira material mesma montou nesse obtido obtidos ocorra opaca opaco posicionados prisma projetou queria raios recipiente recipientes refletor sala sayuri separados sobre solar temperatura termômetros térmico usp verificar verificou vermelho www água,A: b; C: d; E: violeta; A: ; B: b; C: c; D: d; E: 
131,"A  Química Verde é um ramo da química que prega o desenvolvimento de processos eficientes, que transformem a maior 
parte do reagente em produto, de forma mais rápida e seletiva, que utilizem poucos reagentes, que produzam somente o 
produto desejado, evitando a formação de coprodutos, e que utilizem solventes não agressivos ao meio ambiente. Assim, 
as indústrias contornariam problemas relacionados à poluição ambiental e ao desperdício de água e energia.
O perfil de um processo que segue todos os princípios desse ramo da química pode ser representado por:",A: A + B + C → D    (a reação ocorre a altas pressões).; B: A + B → C + D    (a reação é fortemente endotérmica).; C: A + 3B → C    (a reação ocorre com uso de solvente orgânico).; D: 3A + 2B → 2C → 3D + 2E    (a reação ocorrre sob pressão atmosférica).; E: A + 1−2B → C    (a reação ocorre com o uso de um catalisador contendo um metal não tóxico).,0.94637,E,2020,agressivos ambiental ambiente assim contornariam coprodutos desejado desenvolvimento desperdício desse eficientes energia evitando forma formação indústrias maior meio parte perfil pode poluição poucos prega princípios problemas processo processos produto produzam química ramo reagente reagentes relacionados representado rápida segue seletiva solventes somente todos transformem utilizem verde água,A: altas b c d ocorre pressões reação; B: b c d endotérmica fortemente reação; C: c ocorre orgânico reação solvente uso; D: atmosférica ocorrre pressão reação sob; E: c catalisador contendo metal ocorre reação tóxico uso
132,"Megaespetáculos com queima de grande quantidade 
de fogos de artifício em festas de final de ano são muito 
comuns no Brasil. Após a queima, grande quantidade 
de material particulado permanece suspensa no ar. 
Entre os resíduos, encontram-se compostos de sódio, 
potássio, bário, cálcio, chumbo, antimônio, cromo, além 
de percloratos e gases, como os dióxidos de nitrogênio 
e enxofre.
BRUNNING, A. The Chemistry of Firework Pollution. Disponível em:
www.compoundchem.com. Acesso em: 1 dez. 2017 (adaptado).
Esses espetáculos promovem riscos ambientais, porque",A: as substâncias resultantes da queima de fogos de; B: os resíduos produzidos na queima de fogos de; C: o sódio e o potássio são os principais responsáveis; D: os produtos da queima contêm metais pesados e; E: o material particulado gerado se deposita na superfície,-0.23526,D,2020,acesso adaptado além ambientais ano antimônio após ar artifício brasil brunning bário chemistry chumbo compostos compoundchem comuns cromo cálcio dez disponível dióxidos encontram enxofre espetáculos festas final firework fogos gases grande material megaespetáculos nitrogênio of particulado percloratos permanece pollution porque potássio promovem quantidade queima resíduos riscos suspensa sódio the www,A: fogos queima resultantes substâncias; B: fogos produzidos queima resíduos; C: potássio principais responsáveis sódio; D: contêm metais pesados produtos queima; E: deposita gerado material particulado superfície
133,"Há muitos mitos em relação a como se proteger de 
raios, cobrir espelhos e não pegar em facas, garfos e 
outros objetos metálicos, por exemplo. Mas, de fato, se 
houver uma tempestade com raios, alguns cuidados são 
importantes, como evitar ambientes abertos. Um bom 
abrigo para proteção é o interior de um automóvel, desde 
que este não seja conversível.
OLIVEIRA, A. Raios nas tempestades de verão. Disponível em:
http://cienciahoje.uol.com.br. Acesso em: 10 dez. 2014 (adaptado).
Qual o motivo físico da proteção fornecida pelos 
automóveis, conforme citado no texto?",A: Isolamento elétrico dos pneus.; B: Efeito de para-raios da antena.; C: Blindagem pela carcaça metálica.; D: Escoamento da água pela lataria.; E: Aterramento pelo fio terra da bateria.,1.28416,C,2020,abertos abrigo acesso adaptado alguns ambientes automóveis automóvel bom br cienciahoje citado cobrir conforme conversível cuidados desde dez disponível espelhos evitar exemplo facas fato fornecida físico garfos http importantes interior metálicos mitos motivo muitos objetos oliveira outros pegar proteger proteção raios relação tempestade tempestades texto uol verão,A: elétrico isolamento pneus; B: antena efeito raios; C: blindagem carcaça metálica; D: escoamento lataria água; E: aterramento bateria fio terra
134,"As moedas despertam o interesse de colecionadores, 
numismatas e investidores há bastante tempo. Uma 
moeda de 100% cobre, circulante no período do Brasil 
Colônia, pode ser bastante valiosa. O elevado valor gera 
a necessidade de realização de testes que validem a 
procedência da moeda, bem como a veracidade de sua 
composição. Sabendo que a densidade do cobre metálico 
é próxima de 9 g cm−³, um investidor negocia a aquisição 
de um lote de quatro moedas A, B, C e D fabricadas 
supostamente de 100% cobre e massas 26 g, 27 g, 10 g 
e 36 g, respectivamente. Com o objetivo de testar a 
densidade das moedas, foi realizado um procedimento 
em que elas foram sequencialmente inseridas em uma 
proveta contendo 5 mL de água, conforme esquematizado.
Proveta Proveta Proveta Proveta Proveta",A: A; A: A; B: D; B: B; C: C; A: A e B.; B: A e C.; C: B e C.; D: B e D.; E: C e D.,0.95056,D,2020,aquisição b bastante bem brasil c circulante cm cobre colecionadores colônia composição conforme contendo d densidade despertam elevado esquematizado fabricadas g gera inseridas interesse investidor investidores lote massas metálico ml moeda moedas necessidade negocia numismatas objetivo período pode procedimento procedência proveta próxima quatro realizado realização respectivamente sabendo sequencialmente supostamente tempo testar testes validem valiosa valor veracidade água,A: ; A: ; B: d; B: b; C: c; A: b; B: c; C: b c; D: b d; E: c d
135,"Os diferentes tipos de café que consumimos nem 
sempre vêm da mesma espécie de planta. As duas 
espécies de café mais utilizadas são Coffea canephora 
e Coffea arabica. A primeira é diploide (2n = 22) e a 
segunda é tetraploide (2n = 44). Acredita-se que a 
espécie tetraploide surgiu de um cruzamento natural 
entre C. canephora e C. eugenioides, ambas diploides, 
há milhões de anos. De fato, as análises genéticas atuais 
nos cromossomos de C. arabica detectam os alelos de 
ambas as origens.",A: alteração cromossômica que poderia explicar o; A: Duplicação em uma das plantas parentais antes do; B: Inversão durante a meiose gamética em ambas as; C: Separação desigual na meiose gamética de uma das; D: Falha na separação durante a meiose gamética em; E: Deleções durante as primeiras mitoses zigóticas na,,X,2020,acredita alelos ambas anos análises arabica atuais c café canephora coffea consumimos cromossomos cruzamento detectam diferentes diploide diploides duas espécie espécies eugenioides fato genéticas mesma milhões natural origens planta primeira segunda sempre surgiu tetraploide tipos utilizadas vêm,A: alteração cromossômica explicar poderia; A: antes duplicação parentais plantas; B: ambas durante gamética inversão meiose; C: desigual gamética meiose separação; D: durante falha gamética meiose separação; E: deleções durante mitoses primeiras zigóticas
1,"A atmosfera terrestre é composta pelos gases nitrogênio (N2) e oxigênio (O2), que somam cerca de 99%, e por gases traços, entre eles o gás carbônico (CO2), vapor de água (H2O), metano (CH4), ozônio (O3) e o óxido nitroso (N2O), que compõem o restante 1% do ar que respiramos. Os gases traços, por serem constituídos por pelo menos três átomos, conseguem absorver o calor irradiado pela Terra, aquecendo o planeta. Esse fenômeno, que acontece há bilhões de anos, é chamado de efeito estufa. A partir da Revolução Industrial (século XIX), a concentração de gases traços na atmosfera, em particular o CO2, tem aumentado significativamente, o que resultou no aumento da temperatura em escala global. Mais recentemente, outro fator tornou-se diretamente envolvido no aumento da concentração de CO2 na atmosfera: o desmatamento. Considerando o texto, uma alternativa viável para combater o efeito estufa é ","A: reduzir o calor irradiado pela Terra mediante a substituição da produção primária pela industrialização refrigerada.; B: promover a queima da biomassa vegetal, responsável pelo aumento do efeito estufa devido à produção de CH4.; C: reduzir o desmatamento, mantendo-se, assim, o potencial da vegetação em absorver o CO2 da atmosfera.; D: aumentar a concentração atmosférica de H2O, molécula capaz de absorver grande quantidade de calor.; E: remover moléculas orgânicas polares da atmosfera, diminuindo a capacidade delas de reter calor.",-1.70677,C,2009,absorver acontece alternativa anos aquecendo ar atmosfera aumentado aumento bilhões calor carbônico cerca chamado combater composta compõem concentração conseguem considerando constituídos desmatamento diretamente efeito envolvido escala estufa fator fenômeno gases global gás industrial irradiado menos metano nitrogênio nitroso outro oxigênio ozônio particular partir planeta recentemente respiramos restante resultou revolução serem significativamente somam século temperatura terra terrestre texto tornou traços três vapor viável xix água átomos óxido,A: calor industrialização irradiado mediante primária produção reduzir refrigerada substituição terra; B: aumento biomassa devido efeito estufa produção promover queima responsável vegetal; C: absorver assim atmosfera desmatamento mantendo potencial reduzir vegetação; D: absorver atmosférica aumentar calor capaz concentração grande molécula quantidade; E: atmosfera calor capacidade diminuindo moléculas orgânicas polares remover reter
2,"Analise a figura. Supondo que seja necessário dar um título para essa figura, a alternativa que melhor traduziria o processo representado seria: ",A: Concentração média de álcool no sangue ao longo do dia.; B: Variação da frequência da ingestão de álcool ao longo das horas.; C: Concentração mínima de álcool no sangue a partir de diferentes dosagens.; D: Estimativa de tempo necessário para metabolizar diferentes quantidades de álcool.; E: Representação gráfica da distribuição de frequência de álcool em determinada hora do dia.,0.62043,D,2009,alternativa analise dar figura melhor necessário processo representado supondo traduziria título,A: concentração dia longo média sangue álcool; B: frequência horas ingestão longo variação álcool; C: concentração diferentes dosagens mínima partir sangue álcool; D: diferentes estimativa metabolizar necessário quantidades tempo álcool; E: determinada dia distribuição frequência gráfica hora representação álcool
3,"Estima-se que haja atualmente no mundo 40 milhões de pessoas infectadas pelo HIV (o vírus que causa a AIDS), sendo que as taxas de novas infecções continuam crescendo, principalmente na África, Ásia e Rússia. Nesse cenário de pandemia, uma vacina contra o HIV teria imenso impacto, pois salvaria milhões de vidas. Certamente seria um marco na história planetária e também uma esperança para as populações carentes de tratamento antiviral e de acompanhamento médico. Uma vacina eficiente contra o HIV deveria","A: induzir a imunidade, para proteger o organismo da contaminação viral.; B: ser capaz de alterar o genoma do organismo portador, induzindo a síntese de enzimas protetoras.; C: produzir antígenos capazes de se ligarem ao vírus, impedindo que este entre nas células do organismo humano.; D: ser amplamente aplicada em animais, visto que esses são os principais transmissores do vírus para os seres humanos.; E: estimular a imunidade, minimizando a transmissão do vírus por gotículas de saliva.",2.07704,A,2009,acompanhamento aids antiviral atualmente carentes causa cenário certamente continuam contra crescendo deveria eficiente esperança estima história hiv imenso impacto infectadas infecções marco milhões mundo médico nesse novas pandemia pessoas planetária pois populações principalmente rússia salvaria sendo taxas tratamento vacina vidas vírus áfrica ásia,A: contaminação imunidade induzir organismo proteger viral; B: alterar capaz enzimas genoma induzindo organismo portador protetoras síntese; C: antígenos capazes células humano impedindo ligarem organismo produzir vírus; D: amplamente animais aplicada humanos principais seres transmissores visto vírus; E: estimular gotículas imunidade minimizando saliva transmissão vírus
4,"Em um experimento, preparou-se um conjunto de plantas por técnica de clonagem a partir de uma planta original que apresentava folhas verdes. Esse conjunto foi dividido em dois grupos, que foram tratados de maneira idêntica, com exceção das condições de iluminação, sendo um grupo exposto a ciclos de iluminação solar natural e outro mantido no escuro. Após alguns dias, observou-se que o grupo exposto à luz apresentava folhas verdes como a planta original e o grupo cultivado no escuro apresentava folhas amareladas. Ao final do experimento, os dois grupos de plantas apresentaram",A: os genótipos e os fenótipos idênticos.; B: os genótipos idênticos e os fenótipos diferentes.; C: diferenças nos genótipos e fenótipos.; D: o mesmo fenótipo e apenas dois genótipos diferentes.; E: o mesmo fenótipo e grande variedade de genótipos.,0.115,B,2009,alguns amareladas apresentaram apresentava após ciclos clonagem condições conjunto cultivado dias dividido dois escuro exceção experimento exposto final folhas grupo grupos idêntica iluminação luz maneira mantido natural observou original outro partir planta plantas preparou sendo solar tratados técnica verdes,A: fenótipos genótipos idênticos; B: diferentes fenótipos genótipos idênticos; C: diferenças fenótipos genótipos; D: apenas diferentes dois fenótipo genótipos; E: fenótipo genótipos grande variedade
5,"Na linha de uma tradição antiga, o astrônomo grego Ptolomeu (100-170 d.C.) afirmou a tese do geocentrismo, segundo a qual a Terra seria o centro do universo, sendo que o Sol, a Lua e os planetas girariam em seu redor em órbitas circulares. A teoria de Ptolomeu resolvia de modo razoável os problemas astronômicos da sua época. Vários séculos mais tarde, o clérigo e astrônomo polonês Nicolau Copérnico (1473-1543), ao encontrar inexatidões na teoria de Ptolomeu, formulou a teoria do heliocentrismo, segundo a qual o Sol deveria ser considerado o centro do universo, com a Terra, a Lua e os planetas girando circularmente em torno dele. Por fim, o astrônomo e matemático alemão Johannes Kepler (1571- 1630), depois de estudar o planeta Marte por cerca de trinta anos, verificou que a sua órbita é elíptica. Esse resultado generalizou-se para os demais planetas. A respeito dos estudiosos citados no texto, é correto afirmar que","A: Ptolomeu apresentou as ideias mais valiosas, por serem mais antigas e tradicionais.; B: Copérnico desenvolveu a teoria do heliocentrismo inspirado no contexto político do Rei Sol.; C: Copérnico viveu em uma época em que a pesquisa científica era livre e amplamente incentivada pelas autoridades.; D: Kepler estudou o planeta Marte para atender às necessidades de expansão econômica e científica da Alemanha.; E: Kepler apresentou uma teoria científica que, graças aos métodos aplicados, pôde ser testada e generalizada.",0.21694,E,2009,afirmar afirmou alemão anos antiga astronômicos astrônomo c centro cerca circulares circularmente citados clérigo considerado copérnico correto d demais deveria elíptica encontrar estudar estudiosos fim formulou generalizou geocentrismo girando girariam grego heliocentrismo inexatidões johannes kepler linha lua marte matemático modo nicolau planeta planetas polonês problemas ptolomeu razoável redor resolvia respeito resultado segundo sendo sol séculos tarde teoria terra tese texto torno tradição trinta universo verificou vários época órbita órbitas,A: antigas apresentou ideias ptolomeu serem tradicionais valiosas; B: contexto copérnico desenvolveu heliocentrismo inspirado político rei sol teoria; C: amplamente autoridades científica copérnico incentivada livre pesquisa viveu época; D: alemanha atender científica econômica estudou expansão kepler marte necessidades planeta; E: aplicados apresentou científica generalizada graças kepler métodos pôde teoria testada
6,"O ciclo biogeoquímico do carbono compreende diversos compartimentos, entre os quais a Terra, a atmosfera e os oceanos, e diversos processos que permitem a transferência de compostos entre esses reservatórios. Os estoques de carbono armazenados na forma de recursos não renováveis, por exemplo, o petróleo, são limitados, sendo de grande relevância que se perceba a importância da substituição de combustíveis fósseis por combustíveis de fontes renováveis. A utilização de combustíveis fósseis interfere no ciclo do carbono, pois provoca",A: aumento da porcentagem de carbono contido na Terra.; B: redução na taxa de fotossíntese dos vegetais superiores.; C: aumento da produção de carboidratos de origem vegetal.; D: aumento na quantidade de carbono presente na atmosfera.; E: redução da quantidade global de carbono armazenado nos oceanos.,0.48599,D,2009,armazenados atmosfera biogeoquímico carbono ciclo combustíveis compartimentos compostos compreende diversos estoques exemplo fontes forma fósseis grande importância interfere limitados oceanos perceba permitem petróleo pois processos provoca quais recursos relevância renováveis reservatórios sendo substituição terra transferência utilização,A: aumento carbono contido porcentagem terra; B: fotossíntese redução superiores taxa vegetais; C: aumento carboidratos origem produção vegetal; D: atmosfera aumento carbono presente quantidade; E: armazenado carbono global oceanos quantidade redução
7,"Um novo método para produzir insulina artificial que utiliza tecnologia de DNA recombinante foi desenvolvido por pesquisadores do Departamento de Biologia Celular da Universidade de Brasília (UnB) em parceria com a iniciativa privada. Os pesquisadores modificaram geneticamente a bactéria Escherichia coli para torná-la capaz de sintetizar o hormônio. O processo permitiu fabricar insulina em maior quantidade e em apenas 30 dias, um terço do tempo necessário para obtê-la pelo método tradicional, que consiste na extração do hormônio a partir do pâncreas de animais abatidos. A produção de insulina pela técnica do DNA recombinante tem, como consequência,",A: o aperfeiçoamento do processo de extração de insulina a partir do pâncreas suíno.; B: a seleção de microrganismos resistentes a antibióticos.; C: o progresso na técnica da síntese química de hormônios.; D: impacto favorável na saúde de indivíduos diabéticos.; E: a criação de animais transgênicos.,0.73577,D,2009,abatidos animais apenas artificial bactéria biologia brasília capaz celular coli consequência consiste departamento desenvolvido dias dna escherichia extração fabricar geneticamente hormônio iniciativa insulina la maior modificaram método necessário novo obtê parceria partir permitiu pesquisadores privada processo produzir produção pâncreas quantidade recombinante sintetizar tecnologia tempo terço torná tradicional técnica unb universidade utiliza,A: aperfeiçoamento extração insulina partir processo pâncreas suíno; B: antibióticos microrganismos resistentes seleção; C: hormônios progresso química síntese técnica; D: diabéticos favorável impacto indivíduos saúde; E: animais criação transgênicos
8,"A economia moderna depende da disponibilidade de muita energia em diferentes formas, para funcionar e crescer. No Brasil, o consumo total de energia pelas indústrias cresceu mais de quatro vezes no período entre 1970 e 2005. Enquanto os investimentos em energias limpas e renováveis, como solar e eólica, ainda são incipientes, ao se avaliar a possibilidade de instalação de usinas geradoras de energia elétrica, diversos fatores devem ser levados em consideração, tais como os impactos causados ao ambiente e às populações locais. Em uma situação hipotética, optou-se por construir uma usina hidrelétrica em região que abrange diversas quedas d’água em rios cercados por mata, alegando-se que causaria impacto ambiental muito menor que uma usina termelétrica. Entre os possíveis impactos da instalação de uma usina hidrelétrica nessa região, inclui-se","A: a poluição da água por metais da usina.; B: a destruição do habitat de animais terrestres.; C: o aumento expressivo na liberação de CO2 para a atmosfera.; D: o consumo não renovável de toda água que passa pelas turbinas.; E: o aprofundamento no leito do rio, com a menor deposição d",-0.04312,B,2009,abrange ainda alegando ambiental ambiente avaliar brasil causados causaria cercados consideração construir consumo crescer cresceu d depende devem diferentes disponibilidade diversas diversos economia elétrica energia energias enquanto eólica fatores formas funcionar geradoras hidrelétrica hipotética impacto impactos incipientes inclui indústrias instalação investimentos levados limpas locais mata menor moderna muita nessa optou período populações possibilidade possíveis quatro quedas região renováveis rios situação solar tais termelétrica total usina usinas vezes água,A: metais poluição usina água; B: animais destruição habitat terrestres; C: atmosfera aumento expressivo liberação; D: consumo passa renovável toda turbinas água; E: aprofundamento d deposição leito menor rio
9,"As mudanças climáticas e da vegetação ocorridas nos trópicos da América do Sul têm sido bem documentadas por diversos autores, existindo um grande acúmulo de evidências geológicas ou paleoclimatológicas que evidenciam essas mudanças ocorridas durante o Quaternário nessa região. Essas mudanças resultaram em restrição da distribuição das florestas pluviais, com expansões concomitantes de habitats não-florestais durante períodos áridos (glaciais), seguido da expansão das florestas pluviais e restrição das áreas não-florestais durante períodos úmidos (interglaciais). Durante os períodos glaciais, ","A: as áreas não-florestais ficam restritas a refúgios ecológicos devido à baixa adaptabilidade de espécies não-florestais a ambientes áridos.; B: grande parte da diversidade de espécies vegetais é reduzida, uma vez que necessitam de condições semelhantes a dos períodos interglaciais.; C: a vegetação comum ao cerrado deve ter se limitado a uma pequena região do centro do Brasil, da qual se expandiu até atingir a atual distribuição.; D: plantas com adaptações ao clima árido, como o desenvolvimento de estruturas que reduzem a perda de água, devem apresentar maior área de distribuição.; E: florestas tropicais como a amazônica apresentam distribuição geográfica mais ampla, uma vez que são densas e diminuem a ação da radiação solar sobre o solo e reduzem os efeitos da aridez.",2.09416,D,2009,acúmulo américa autores bem climáticas concomitantes distribuição diversos documentadas durante evidenciam evidências existindo expansão expansões florestais florestas geológicas glaciais grande habitats interglaciais mudanças nessa ocorridas paleoclimatológicas períodos pluviais quaternário região restrição resultaram seguido sido sul trópicos têm vegetação áreas áridos úmidos,A: adaptabilidade ambientes baixa devido ecológicos espécies ficam florestais refúgios restritas áreas áridos; B: condições diversidade espécies grande interglaciais necessitam parte períodos reduzida semelhantes vegetais vez; C: atingir atual brasil centro cerrado comum deve distribuição expandiu limitado pequena região ter vegetação; D: adaptações apresentar clima desenvolvimento devem distribuição estruturas maior perda plantas reduzem água área árido; E: amazônica ampla apresentam aridez ação densas diminuem distribuição efeitos florestas geográfica radiação reduzem sobre solar solo tropicais vez
10,"A fotossíntese é importante para a vida na Terra. Nos cloroplastos dos organismos fotossintetizantes, a energia solar é convertida em energia química que, juntamente com água e gás carbônico (CO2), é utilizada para a síntese de compostos orgânicos (carboidratos). A fotossíntese é o único processo de importância biológica capaz de realizar essa conversão. Todos os organismos, incluindo os produtores, aproveitam a energia armazenada nos carboidratos para impulsionar os processos celulares, liberando CO2 para a atmosfera e água para a célula por meio da respiração celular. Além disso, grande fração dos recursos energéticos do planeta, produzidos tanto no presente (biomassa) como em tempos remotos (combustível fóssil), é resultante da atividade fotossintética. As informações sobre obtenção e transformação dos recursos naturais por meio dos processos vitais de fotossíntese e respiração, descritas no texto, permitem concluir que","A: o CO2 e a água são moléculas de alto teor energético.; B: os carboidratos convertem energia solar em energia química.; C: a vida na Terra depende, em última análise, da energia proveniente do Sol.; D: o processo respiratório é responsável pela retirada de carbono da atmosfera.; E: a produção de biomassa e de combustível fóssil, por si, é responsável pelo aumento de CO2 atmosférico.",1.35298,C,2009,além aproveitam armazenada atividade atmosfera biológica biomassa capaz carboidratos carbônico celular celulares cloroplastos combustível compostos concluir conversão convertida célula descritas disso energia energéticos fotossintetizantes fotossintética fotossíntese fração fóssil grande gás importante importância impulsionar incluindo informações juntamente liberando meio naturais obtenção organismos orgânicos permitem planeta presente processo processos produtores produzidos química realizar recursos remotos respiração resultante sobre solar síntese tanto tempos terra texto todos transformação utilizada vida vitais água único,A: alto energético moléculas teor água; B: carboidratos convertem energia química solar; C: análise depende energia proveniente sol terra vida última; D: atmosfera carbono processo respiratório responsável retirada; E: atmosférico aumento biomassa combustível fóssil produção responsável si
11,"Para que todos os órgãos do corpo humano funcionem em boas condições, é necessário que a temperatura do corpo fique sempre entre 36 ºC e 37 ºC. Para manter-se dentro dessa faixa, em dias de muito calor ou durante intensos exercícios físicos, uma série de mecanismos fisiológicos é acionada. Pode-se citar como o principal responsável pela manutenção da temperatura corporal humana o sistema","A: digestório, pois produz enzimas que atuam na quebra de alimentos calóricos.; B: imunológico, pois suas células agem no sangue, diminuindo a condução do calor.; C: nervoso, pois promove a sudorese, que permite perda de calor por meio da evaporação da água.; D: reprodutor, pois secreta hormônios que alteram a temperatura, principalmente durante a menopausa.; E: endócrino, pois fabrica anticorpos que, por sua vez, atuam na variação do diâmetro dos vasos periféricos.",0.32209,C,2009,acionada boas calor citar condições corpo corporal dentro dessa dias durante exercícios faixa fique fisiológicos funcionem físicos humana humano intensos manter manutenção mecanismos necessário pode principal responsável sempre sistema série temperatura todos órgãos,A: alimentos atuam calóricos digestório enzimas pois produz quebra; B: agem calor condução células diminuindo imunológico pois sangue; C: calor evaporação meio nervoso perda permite pois promove sudorese água; D: alteram durante hormônios menopausa pois principalmente reprodutor secreta temperatura; E: anticorpos atuam diâmetro endócrino fabrica periféricos pois variação vasos vez
12,"Sabões são sais de ácidos carboxílicos de cadeia longa utilizados com a finalidade de facilitar, durante processos de lavagem, a remoção de substâncias de baixa solubilidade em água, por exemplo, óleos e gorduras. A figura a seguir representa a estrutura de uma molécula de sabão. Em solução, os ânions do sabão podem hidrolisar a água e, desse modo, formar o ácido carboxílico correspondente. Por exemplo, para o estearato de sódio, é estabelecido o seguinte equilíbrio: CH3(CH2)16COO–  + H2O CH3(CH2)16COOH + OH–  Uma vez que o ácido carboxílico formado é pouco solúvel em água e menos eficiente na remoção de gorduras, o pH do meio deve ser controlado de maneira a evitar que o equilíbrio acima seja deslocado para a direita. Com base nas informações do texto, é correto concluir que os sabões atuam de maneira",A: mais eficiente em pH básico.; B: mais eficiente em pH ácido.; C: mais eficiente em pH neutro.; D: eficiente em qualquer faixa de pH.; E: mais eficiente em pH ácido ou neutro.,2.0854,A,2009,acima atuam baixa base cadeia carboxílico carboxílicos concluir controlado correspondente correto deslocado desse deve direita durante eficiente equilíbrio estabelecido estearato estrutura evitar exemplo facilitar figura finalidade formado formar gorduras hidrolisar informações lavagem longa maneira meio menos modo molécula oh ph podem pouco processos remoção representa sabão sabões sais seguinte seguir solubilidade solução solúvel substâncias sódio texto utilizados vez ácido ácidos água ânions óleos,A: básico eficiente ph; B: eficiente ph ácido; C: eficiente neutro ph; D: eficiente faixa ph qualquer; E: eficiente neutro ph ácido
13,"A abertura e a pavimentação de rodovias em zonas rurais e regiões afastadas dos centros urbanos, por um lado, possibilita melhor acesso e maior integração entre as comunidades, contribuindo com o desenvolvimento social e urbano de populações isoladas. Por outro lado, a construção de rodovias pode trazer impactos indesejáveis ao meio ambiente, visto que a abertura de estradas pode resultar na fragmentação de habitats, comprometendo o fluxo gênico e as interações entre espécies silvestres, além de prejudicar o fluxo natural de rios e riachos, possibilitar o ingresso de espécies exóticas em ambientes naturais e aumentar a pressão antrópica sobre os ecossistemas nativos. Nesse contexto, para conciliar os interesses aparentemente contraditórios entre o progresso social e urbano e a conservação do meio ambiente, seria razoável","A: impedir a abertura e a pavimentação de rodovias em áreas rurais e em regiões preservadas, pois a qualidade de vida e as tecnologias encontradas nos centros urbanos são prescindíveis às populações rurais.; B: impedir a abertura e a pavimentação de rodovias em áreas rurais e em regiões preservadas, promovendo a migração das populações rurais para os centros urbanos, onde a qualidade de vida é melhor.; C: permitir a abertura e a pavimentação de rodovias apenas em áreas rurais produtivas, haja vista que nas demais áreas o retorno financeiro necessário para produzir uma melhoria na qualidade de vida da região não é garantido.; D: permitir a abertura e a pavimentação de rodovias, desde que comprovada a sua real necessidade e após a realização de estudos que demonstrem ser possível contornar ou compensar seus impactos ambientais.; E: permitir a abertura e a pavimentação de rodovias, haja vista que os impactos ao meio ambiente são temporários e podem ser facilmente revertidos com as tecnologias existentes para recuperação de áreas degradadas.",-0.83038,D,2009,abertura acesso afastadas além ambiente ambientes antrópica aparentemente aumentar centros comprometendo comunidades conciliar conservação construção contexto contraditórios contribuindo desenvolvimento ecossistemas espécies estradas exóticas fluxo fragmentação gênico habitats impactos indesejáveis ingresso integração interações interesses isoladas lado maior meio melhor nativos naturais natural nesse outro pavimentação pode populações possibilita possibilitar prejudicar pressão progresso razoável regiões resultar riachos rios rodovias rurais silvestres sobre social trazer urbano urbanos visto zonas,A: abertura centros encontradas impedir pavimentação pois populações prescindíveis preservadas qualidade regiões rodovias rurais tecnologias urbanos vida áreas; B: abertura centros impedir melhor migração onde pavimentação populações preservadas promovendo qualidade regiões rodovias rurais urbanos vida áreas; C: abertura apenas demais financeiro garantido melhoria necessário pavimentação permitir produtivas produzir qualidade região retorno rodovias rurais vida vista áreas; D: abertura ambientais após compensar comprovada contornar demonstrem desde estudos impactos necessidade pavimentação permitir possível real realização rodovias; E: abertura ambiente degradadas existentes facilmente impactos meio pavimentação permitir podem recuperação revertidos rodovias tecnologias temporários vista áreas
14,"A eficiência de um processo de conversão de energia é definida como a razão entre a produção de energia ou trabalho útil e o total de entrada de energia no processo. A figura mostra um processo com diversas etapas. Nesse caso, a eficiência geral será igual ao produto das eficiências das etapas individuais. A entrada de energia que não se transforma em trabalho útil é perdida sob formas não utilizáveis (como resíduos de calor). Aumentar a eficiência dos processos de conversão de energia implica economizar recursos e combustíveis. Das propostas seguintes, qual resultará em maior aumento da eficiência geral do processo? ","A: Aumentar a quantidade de combustível para queima na usina de força.; B: Utilizar lâmpadas incandescentes, que geram pouco calor e muita luminosidade.; C: Manter o menor número possível de aparelhos elétricos em funcionamento nas moradias.; D: Utilizar cabos com menor diâmetro nas linhas de transmissão a fim de economizar o material condutor.; E: Utilizar materiais com melhores propriedades condutoras nas linhas de transmissão e lâmpadas fluorescentes nas moradias.",-0.79595,E,2009,aumentar aumento calor caso combustíveis conversão definida diversas economizar eficiência eficiências energia entrada etapas figura formas geral igual implica individuais maior mostra nesse perdida processo processos produto produção propostas razão recursos resultará resíduos seguintes sob total trabalho transforma utilizáveis útil,A: aumentar combustível força quantidade queima usina; B: calor geram incandescentes luminosidade lâmpadas muita pouco utilizar; C: aparelhos elétricos funcionamento manter menor moradias número possível; D: cabos condutor diâmetro economizar fim linhas material menor transmissão utilizar; E: condutoras fluorescentes linhas lâmpadas materiais melhores moradias propriedades transmissão utilizar
15,"Para que apresente condutividade elétrica adequada a muitas aplicações, o cobre bruto obtido por métodos térmicos é purificado eletroliticamente. Nesse processo, o cobre bruto impuro constitui o ânodo da célula, que está imerso em uma solução de CuSO4. À medida que o cobre impuro é oxidado no ânodo, íons Cu2+ da solução são depositados na forma pura no cátodo. Quanto às impurezas metálicas, algumas são oxidadas, passando à solução, enquanto outras simplesmente se desprendem do ânodo e se sedimentam abaixo dele. As impurezas sedimentadas são posteriormente processadas, e sua comercialização gera receita que ajuda a cobrir os custos do processo. A série eletroquímica a seguir lista o cobre e alguns metais presentes como impurezas no cobre bruto de acordo com suas forças redutoras relativas. Entre as impurezas metálicas que constam na série apresentada, as que se sedimentam abaixo do ânodo de cobre são","A: Au, Pt, Ag, Zn, Ni e Pb.; B: Au, Pt e Ag.; C: Zn, Ni e Pb.; D: Au e Zn.; E: Ag e Pb.",2.32807,B,2009,abaixo acordo adequada ajuda algumas alguns aplicações apresentada apresente bruto cobre cobrir comercialização condutividade constam constitui custos cátodo célula depositados desprendem eletroliticamente eletroquímica elétrica enquanto forma forças gera imerso impurezas impuro lista medida metais metálicas muitas métodos nesse obtido outras oxidadas oxidado passando posteriormente presentes processadas processo pura purificado quanto receita redutoras relativas sedimentadas sedimentam seguir simplesmente solução série térmicos ânodo íons,A: ag au ni pb pt zn; B: ag au pt; C: ni pb zn; D: au zn; E: ag pb
16,"A figura seguinte representa um modelo de transmissão da informação genética nos sistemas biológicos. No fim do processo, que inclui a replicação, a transcrição e a tradução, há três formas proteicas diferentes denominadas a, b e c. Depreende-se do modelo que ","A: a única molécula que participa da produção de proteínas é o DNA.; B: o fluxo de informação genética, nos sistemas biológicos, é unidirecional.; C: as fontes de informação ativas durante o processo de transcrição são as proteínas.; D: é possível obter diferentes variantes proteicas a partir de um mesmo produto de transcrição.; E: a molécula de DNA possui forma circular e as demais moléculas possuem forma de fita simples linearizadas.",0.4491,D,2009,b biológicos c denominadas depreende diferentes figura fim formas genética inclui informação modelo processo proteicas replicação representa seguinte sistemas tradução transcrição transmissão três,A: dna molécula participa produção proteínas única; B: biológicos fluxo genética informação sistemas unidirecional; C: ativas durante fontes informação processo proteínas transcrição; D: diferentes obter partir possível produto proteicas transcrição variantes; E: circular demais dna fita forma linearizadas molécula moléculas possuem possui simples
17,"O Brasil pode se transformar no primeiro país das Américas a entrar no seleto grupo das nações que dispõem de trens-bala. O Ministério dos Transportes prevê o lançamento do edital de licitação internacional para a construção da ferrovia de alta velocidade Rio-São Paulo. A viagem ligará os 403 quilômetros entre a Central do Brasil, no Rio, e a Estação da Luz, no centro da capital paulista, em uma hora e 25 minutos. Devido à alta velocidade, um dos problemas a ser enfrentado na escolha do trajeto que será percorrido pelo trem é o dimensionamento das curvas. Considerando-se que uma aceleração lateral confortável para os passageiros e segura para o trem seja de 0,1 g, em que g é a aceleração da gravidade (considerada igual a 10 m/s2 ), e que a velocidade do trem se mantenha constante em todo o percurso, seria correto prever que as curvas existentes no trajeto deveriam ter raio de curvatura mínimo de, aproximadamente, ",A: 80 m.; B: 430 m.; C: 800 m.; D: 1.600 m.; E: 6.400 m.,2.43214,E,2009,aceleração alta américas aproximadamente bala brasil capital central centro confortável considerada considerando constante construção correto curvas curvatura deveriam devido dimensionamento dispõem edital enfrentado entrar escolha estação existentes ferrovia g gravidade grupo hora igual internacional lançamento lateral licitação ligará luz m mantenha ministério minutos mínimo nações passageiros paulista paulo país percorrido percurso pode prever prevê primeiro problemas quilômetros raio rio segura seleto ter todo trajeto transformar transportes trem trens velocidade viagem,A: m; B: m; C: m; D: m; E: m
18,"O manual de instruções de um aparelho de arcondicionado apresenta a seguinte tabela, com dados técnicos para diversos modelos: Capacidade de refrigeração kW/(BTU/h) Potência (W) Corrente elétrica - ciclo frio (A) Eficiência energética COP (W/W) Vazão de ar (m3 /h) Frequência (Hz) 3,52/(12.000) 1.193 5,8 2,95 550 60 5,42/(18.000) 1.790 8,7 2,95 800 60 5,42/(18.000) 1.790 8,7 2,95 800 60 6,45/(22.000) 2.188 10,2 2,95 960 60 6,45/(22.000) 2.188 10,2 2,95 960 60 Considere-se que um auditório possua capacidade para 40 pessoas, cada uma produzindo uma quantidade média de calor, e que praticamente todo o calor que flui para fora do auditório o faz por meio dos aparelhos de arcondicionado. Nessa situação, entre as informações listadas, aquelas essenciais para se determinar quantos e/ou quais aparelhos de ar-condicionado são precisos para manter, com lotação máxima, a temperatura interna do auditório agradável e constante, bem como determinar a espessura da fiação do circuito elétrico para a ligação desses aparelhos, são",A: vazão de ar e potência.; B: vazão de ar e corrente elétrica - ciclo frio.; C: eficiência energética e potência.; D: capacidade de refrigeração e frequência.; E: capacidade de refrigeração e corrente elétrica - ciclo frio.,2.65902,E,2009,agradável aparelho aparelhos apresenta ar arcondicionado auditório bem btu cada calor capacidade ciclo circuito condicionado considere constante cop corrente dados desses determinar diversos eficiência elétrica elétrico energética espessura essenciais faz fiação flui frequência frio h hz informações instruções interna kw ligação listadas lotação manter manual meio modelos máxima média nessa pessoas possua potência praticamente precisos produzindo quais quantidade quantos refrigeração seguinte situação tabela temperatura todo técnicos vazão w,A: ar potência vazão; B: ar ciclo corrente elétrica frio vazão; C: eficiência energética potência; D: capacidade frequência refrigeração; E: capacidade ciclo corrente elétrica frio refrigeração
19,"A instalação elétrica de uma casa envolve várias etapas, desde a alocação dos dispositivos, instrumentos e aparelhos elétricos, até a escolha dos materiais que a compõem, passando pelo dimensionamento da potência requerida, da fiação necessária, dos eletrodutos*, entre outras. Para cada aparelho elétrico existe um valor de potência associado. Valores típicos de potências para alguns aparelhos elétricos são apresentados no quadro seguinte: Aparelhos Potência (W) Aparelho de som 120 Chuveiro elétrico 3.000 Ferro elétrico 500 Televisor 200 Geladeira 200 Rádio 50 *Eletrodutos são condutos por onde passa a fiação de uma instalação elétrica, com a finalidade de protegê-la. A escolha das lâmpadas é essencial para obtenção de uma boa iluminação. A potência da lâmpada deverá estar de acordo com o tamanho do cômodo a ser iluminado. O quadro a seguir mostra a relação entre as áreas dos cômodos (em m2 ) e as potências das lâmpadas (em W), e foi utilizado como referência para o primeiro pavimento de uma residência. Potência da Lâmpada (W) Área do Cômodo (m2 ) Sala/copa /cozinha Quarto, varanda e corredor Banheiro Até 6,0 60 60 60 6,0 a 7,5 100 100 60 7,5 a 10,5 100 100 100 Considerando a planta baixa fornecida, com todos os aparelhos em funcionamento, a potência total, em watts, será de ",A: 4.070.; B: 4.270.; C: 4.320.; D: 4.390.; E: 4.470.,1.09094,D,2009,acordo alguns alocação aparelho aparelhos apresentados associado baixa banheiro boa cada casa chuveiro compõem condutos considerando copa corredor cozinha cômodo cômodos desde deverá dimensionamento dispositivos eletrodutos elétrica elétrico elétricos envolve escolha essencial etapas existe ferro fiação finalidade fornecida funcionamento geladeira iluminado iluminação instalação instrumentos la lâmpada lâmpadas materiais mostra necessária obtenção onde outras passa passando pavimento planta potência potências primeiro protegê quadro quarto referência relação requerida residência rádio sala seguinte seguir som tamanho televisor todos total típicos utilizado valor valores varanda várias w watts área áreas,A: ; B: ; C: ; D: ; E: 
20,"O esquema mostra um diagrama de bloco de uma estação geradora de eletricidade abastecida por combustível fóssil. Se fosse necessário melhorar o rendimento dessa usina, que forneceria eletricidade para abastecer uma cidade, qual das seguintes ações poderia resultar em alguma economia de energia, sem afetar a capacidade de geração da usina?",A: Reduzir a quantidade de combustível fornecido à usina para ser queimado.; B: Reduzir o volume de água do lago que circula no condensador de vapor.; C: Reduzir o tamanho da bomba usada para devolver a água líquida à caldeira.; D: Melhorar a capacidade dos dutos com vapor conduzirem calor para o ambiente.; E: Usar o calor liberado com os gases pela chaminé para mover um outro gerador.,-0.83963,E,2009,abastecer abastecida afetar alguma ações bloco capacidade cidade combustível dessa diagrama economia eletricidade energia esquema estação forneceria fóssil geradora geração melhorar mostra necessário poderia rendimento resultar seguintes usina,A: combustível fornecido quantidade queimado reduzir usina; B: circula condensador lago reduzir vapor volume água; C: bomba caldeira devolver líquida reduzir tamanho usada água; D: ambiente calor capacidade conduzirem dutos melhorar vapor; E: calor chaminé gases gerador liberado mover outro usar
21,"Os seres vivos apresentam diferentes ciclos de vida, caracterizados pelas fases nas quais gametas são produzidos e pelos processos reprodutivos que resultam na geração de novos indivíduos. Considerando-se um modelo simplificado padrão para geração de indivíduos viáveis, a alternativa que corresponde ao observado em seres humanos é:",A: ; B: ; C: ; D: ; E:,1.3096,C,2009,alternativa apresentam caracterizados ciclos considerando corresponde diferentes fases gametas geração humanos indivíduos modelo novos observado padrão processos produzidos quais reprodutivos resultam seres simplificado vida vivos viáveis,A: ; B: ; C: ; D: 
22,"Um medicamento, após ser ingerido, atinge a corrente sanguínea e espalha-se pelo organismo, mas, como suas moléculas “não sabem” onde é que está o problema, podem atuar em locais diferentes do local “alvo” e desencadear efeitos além daqueles desejados. Não seria perfeito se as moléculas dos medicamentos soubessem exatamente onde está o problema e fossem apenas até aquele local exercer sua ação? A técnica conhecida como iontoforese, indolor e não invasiva, promete isso. Como mostram as figuras, essa nova técnica baseia-se na aplicação de uma corrente elétrica de baixa intensidade sobre a pele do paciente, permitindo que fármacos permeiem membranas biológicas e alcancem a corrente sanguínea, sem passar pelo estômago. Muitos pacientes relatam apenas um formigamento no local de aplicação. O objetivo da corrente elétrica é formar poros que permitam a passagem do fármaco de interesse. A corrente elétrica é distribuída por eletrodos, positivo e negativo, por meio de uma solução aplicada sobre a pele. Se a molécula do medicamento tiver carga elétrica positiva ou negativa, ao entrar em contato com o eletrodo de carga de mesmo sinal, ela será repelida e forçada a entrar na pele (eletrorrepulsão - A). Se for neutra, a molécula será forçada a entrar na pele juntamente com o fluxo de solvente fisiológico que se forma entre os eletrodos (eletrosmose - B). De acordo com as informações contidas no texto e nas figuras, o uso da iontoforese ","A: provoca ferimento na pele do paciente ao serem introduzidos os eletrodos, rompendo o epitélio.; B: aumenta o risco de estresse nos pacientes, causado pela aplicação da corrente elétrica.; C: inibe o mecanismo de ação dos medicamentos no tecido-alvo, pois estes passam a entrar por meio da pele.; D: diminui o efeito colateral dos medicamentos, se comparados com aqueles em que a ingestão se faz por via oral.; E: deve ser eficaz para medicamentos constituídos de moléculas polares e ineficaz, se essas forem apolares.",0.05733,D,2009,acordo alcancem alvo além apenas aplicada aplicação após atinge atuar ação b baixa baseia biológicas carga conhecida contato contidas corrente daqueles desejados desencadear diferentes distribuída efeitos eletrodo eletrodos eletrorrepulsão eletrosmose elétrica entrar espalha estômago exatamente exercer figuras fisiológico fluxo forma formar formigamento forçada fármaco fármacos indolor informações ingerido intensidade interesse invasiva iontoforese juntamente locais local medicamento medicamentos meio membranas molécula moléculas mostram muitos negativa negativo neutra nova objetivo onde organismo paciente pacientes passagem passar pele perfeito permeiem permitam permitindo podem poros positiva positivo problema promete relatam repelida sabem sanguínea sinal sobre solução solvente soubessem texto técnica uso,A: eletrodos epitélio ferimento introduzidos paciente pele provoca rompendo serem; B: aplicação aumenta causado corrente elétrica estresse pacientes risco; C: alvo ação entrar inibe mecanismo medicamentos meio passam pele pois tecido; D: colateral comparados diminui efeito faz ingestão medicamentos oral via; E: apolares constituídos deve eficaz ineficaz medicamentos moléculas polares
23,"Cerca de 1% do lixo urbano é constituído por resíduos sólidos contendo elementos tóxicos. Entre esses elementos estão metais pesados como o cádmio, o chumbo e o mercúrio, componentes de pilhas e baterias, que são perigosos à saúde humana e ao meio ambiente. Quando descartadas em lixos comuns, pilhas e baterias vão para aterros sanitários ou lixões a céu aberto, e o vazamento de seus componentes contamina o solo, os rios e o lençol freático, atingindo a flora e a fauna. Por serem bioacumulativos e não biodegradáveis, esses metais chegam de forma acumulada aos seres humanos, por meio da cadeia alimentar. A legislação vigente (Resolução CONAMA no 257/1999) regulamenta o destino de pilhas e baterias após seu esgotamento energético e determina aos fabricantes e/ou importadores a quantidade máxima permitida desses metais em cada tipo de pilha/bateria, porém o problema ainda persiste. Uma medida que poderia contribuir para acabar definitivamente com o problema da poluição ambiental por metais pesados relatado no texto seria","A: deixar de consumir aparelhos elétricos que utilizem pilha ou bateria como fonte de energia.; B: usar apenas pilhas ou baterias recarregáveis e de vida útil longa e evitar ingerir alimentos contaminados, especialmente peixes.; C: devolver pilhas e baterias, após o esgotamento da energia armazenada, à rede de assistência técnica especializada para repasse a fabricantes e/ou importadores.; D: criar nas cidades, especialmente naquelas com mais de 100 mil habitantes, pontos estratégicos de coleta de baterias e pilhas, para posterior repasse a fabricantes e/ou importadores.; E: exigir que fabricantes invistam em pesquisa para a substituição desses metais tóxicos por substâncias menos nocivas ao homem e ao ambiente, e que não sejam bioacumulativas.",2.99298,E,2009,aberto acabar acumulada ainda alimentar ambiental ambiente após aterros atingindo bateria baterias bioacumulativos biodegradáveis cada cadeia cerca chegam chumbo componentes comuns conama constituído contamina contendo contribuir cádmio céu definitivamente descartadas desses destino determina elementos energético esgotamento fabricantes fauna flora forma freático humana humanos importadores legislação lençol lixo lixos lixões medida meio mercúrio metais máxima perigosos permitida persiste pesados pilha pilhas poderia poluição porém problema quantidade regulamenta relatado resolução resíduos rios sanitários saúde serem seres solo sólidos texto tipo tóxicos urbano vazamento vigente vão,A: aparelhos bateria consumir deixar elétricos energia fonte pilha utilizem; B: alimentos apenas baterias contaminados especialmente evitar ingerir longa peixes pilhas recarregáveis usar vida útil; C: após armazenada assistência baterias devolver energia esgotamento especializada fabricantes importadores pilhas rede repasse técnica; D: baterias cidades coleta criar especialmente estratégicos fabricantes habitantes importadores mil naquelas pilhas pontos posterior repasse; E: ambiente bioacumulativas desses exigir fabricantes homem invistam menos metais nocivas pesquisa substituição substâncias tóxicos
24,"Umidade relativa do ar é o termo usado para descrever a quantidade de vapor de água contido na atmosfera. Ela é definida pela razão entre o conteúdo real de umidade de uma parcela de ar e a quantidade de umidade que a mesma parcela de ar pode armazenar na mesma temperatura e pressão quando está saturada de vapor, isto é, com 100% de umidade relativa. O gráfico representa a relação entre a umidade relativa do ar e sua temperatura ao longo de um período de 24 horas em um determinado local. Considerando-se as informações do texto e do gráfico, conclui-se que","A: a insolação é um fator que provoca variação da umidade relativa do ar.; B: o ar vai adquirindo maior quantidade de vapor de água à medida que se aquece.; C: a presença de umidade relativa do ar é diretamente proporcional à temperatura do ar.; D: a umidade relativa do ar indica, em termos absolutos, a quantidade de vapor de água existente na atmosfera.; E: a variação da umidade do ar se verifica no verão, e não no inverno, quando as temperaturas permanecem baixas.",1.79362,A,2009,ar armazenar atmosfera conclui considerando conteúdo contido definida descrever determinado gráfico horas informações local longo mesma parcela período pode pressão quantidade razão real relativa relação representa saturada temperatura termo texto umidade usado vapor água,A: ar fator insolação provoca relativa umidade variação; B: adquirindo aquece ar maior medida quantidade vai vapor água; C: ar diretamente presença proporcional relativa temperatura umidade; D: absolutos ar atmosfera existente indica quantidade relativa termos umidade vapor água; E: ar baixas inverno permanecem temperaturas umidade variação verifica verão
25,"Os planos de controle e erradicação de doenças em animais envolvem ações de profilaxia e dependem em grande medida da correta utilização e interpretação de testes diagnósticos. O quadro mostra um exemplo hipotético de aplicação de um teste diagnóstico. condição real dos animais resultado do teste infectado não infectado total positivo 45 38 83 negativo 5 912 917 total 50 950 1.000 Considerando que, no teste diagnóstico, a sensibilidade é a probabilidade de um animal infectado ser classificado como positivo e a especificidade é a probabilidade de um animal não infectado ter resultado negativo, a interpretação do quadro permite inferir que","A: a especificidade aponta um número de 5 falsos positivos.; B: o teste, a cada 100 indivíduos infectados, classificaria 90 como positivos.; C: o teste classificaria 96 como positivos em cada 100 indivíduos não infectados.; D: ações de profilaxia são medidas adotadas para o tratamento de falsos positivos.; E: testes de alta sensibilidade resultam em maior número de animais falsos negativos comparado a um teste de baixa sensibilidade.",1.87019,B,2009,animais animal aplicação ações classificado condição considerando controle correta dependem diagnóstico diagnósticos doenças envolvem erradicação especificidade exemplo grande hipotético infectado inferir interpretação medida mostra negativo permite planos positivo probabilidade profilaxia quadro real resultado sensibilidade ter teste testes total utilização,A: aponta especificidade falsos número positivos; B: cada classificaria indivíduos infectados positivos teste; C: cada classificaria indivíduos infectados positivos teste; D: adotadas ações falsos medidas positivos profilaxia tratamento; E: alta animais baixa comparado falsos maior negativos número resultam sensibilidade teste testes
26,"O processo de industrialização tem gerado sérios problemas de ordem ambiental, econômica e social, entre os quais se pode citar a chuva ácida. Os ácidos usualmente presentes em maiores proporções na água da chuva são o H2CO3, formado pela reação do CO2 atmosférico com a água, o HNO3, o HNO2, o H2SO4 e o H2SO3. Esses quatro últimos são formados principalmente a partir da reação da água com os óxidos de nitrogênio e de enxofre gerados pela queima de combustíveis fósseis. A formação de chuva mais ou menos ácida depende não só da concentração do ácido formado, como também do tipo de ácido. Essa pode ser uma informação útil na elaboração de estratégias para minimizar esse problema ambiental. Se consideradas concentrações idênticas, quais dos ácidos citados no texto conferem maior acidez às águas das chuvas?",A: HNO3 e HNO2.; B: H2SO4 e H2SO3.; C: H2SO3 e HNO2.; D: H2SO4 e HNO3.; E: H2CO3 e H2SO3.,1.85241,D,2009,acidez ambiental atmosférico chuva chuvas citados citar combustíveis concentração concentrações conferem consideradas depende econômica elaboração enxofre estratégias formado formados formação fósseis gerado gerados idênticas industrialização informação maior maiores menos minimizar nitrogênio ordem partir pode presentes principalmente problema problemas processo proporções quais quatro queima reação social sérios texto tipo usualmente ácida ácido ácidos água águas óxidos últimos útil,A: ; B: ; C: ; D: ; E: 
27,"O ônibus espacial Atlantis foi lançado ao espaço com cinco astronautas a bordo e uma câmera nova, que iria substituir uma outra danificada por um curto-circuito no telescópio Hubble. Depois de entrarem em órbita a 560 km de altura, os astronautas se aproximaram do Hubble. Dois astronautas saíram da Atlantis e se dirigiram ao telescópio. Ao abrir a porta de acesso, um deles exclamou: “Esse telescópio tem a massa grande, mas o peso é pequeno.” Considerando o texto e as leis de Kepler, pode-se afirmar que a frase dita pelo astronauta ","A: se justifica porque o tamanho do telescópio determina a sua massa, enquanto seu pequeno peso decorre da falta de ação da aceleração da gravidade.; B: se justifica ao verificar que a inércia do telescópio é grande comparada à dele próprio, e que o peso do telescópio é pequeno porque a atração gravitacional criada por sua massa era pequena.; C: não se justifica, porque a avaliação da massa e do peso de objetos em órbita tem por base as leis de Kepler, que não se aplicam a satélites artificiais.; D: não se justifica, porque a força-peso é a força exercida pela gravidade terrestre, neste caso, sobre o telescópio e é a responsável por manter o próprio telescópio em órbita.; E: não se justifica, pois a ação da força-peso implica a ação de uma força de reação contrária, que não existe naquele ambiente. A massa do telescópio poderia ser avaliada simplesmente pelo seu volume.",,D,2009,abrir acesso afirmar altura aproximaram astronauta astronautas atlantis bordo cinco circuito considerando curto câmera danificada dirigiram dita dois entrarem espacial espaço exclamou frase grande hubble iria kepler km lançado leis massa nova outra pequeno peso pode porta saíram substituir telescópio texto órbita ônibus,A: aceleração ação decorre determina enquanto falta gravidade justifica massa pequeno peso porque tamanho telescópio; B: atração comparada criada grande gravitacional inércia justifica massa pequena pequeno peso porque próprio telescópio verificar; C: aplicam artificiais avaliação base justifica kepler leis massa objetos peso porque satélites órbita; D: caso exercida força gravidade justifica manter neste peso porque próprio responsável sobre telescópio terrestre órbita; E: ambiente avaliada ação contrária existe força implica justifica massa naquele peso poderia pois reação simplesmente telescópio volume
28,"Uma pesquisadora deseja reflorestar uma área de mata ciliar quase que totalmente desmatada. Essa formação vegetal é um tipo de floresta muito comum nas margens de rios dos cerrados no Brasil central e, em seu clímax, possui vegetação arbórea perene e apresenta dossel fechado, com pouca incidência luminosa no solo e nas plântulas. Sabe-se que a incidência de luz, a disponibilidade de nutrientes e a umidade do solo são os principais fatores do meio ambiente físico que influenciam no desenvolvimento da planta. Para testar unicamente os efeitos da variação de luz, a pesquisadora analisou, em casas de vegetação com condições controladas, o desenvolvimento de plantas de 10 espécies nativas da região desmatada sob quatro condições de luminosidade: uma sob sol pleno e as demais em diferentes níveis de sombreamento. Para cada tratamento experimental, a pesquisadora relatou se o desenvolvimento da planta foi bom, razoável ou ruim, de acordo com critérios específicos. Os resultados obtidos foram os seguintes: Condição de luminosidade Espécie Sombreamento Sol pleno 30% 50% 90% 1 Razoável Bom Razoável Ruim 2 Bom Razoável Ruim Ruim 3 Bom Bom Razoável Ruim 4 Bom Bom Bom Bom 5 Bom Razoável Ruim Ruim 6 Ruim Razoável Bom Bom 7 Ruim Ruim Ruim Razoável 8 Ruim Ruim Razoável Ruim 9 Ruim Razoável Bom Bom 10 Razoável Razoável Razoável Bom Para o reflorestamento da região desmatada,","A: a espécie 8 é mais indicada que a 1, uma vez que aquela possui melhor adaptação a regiões com maior incidência de luz.; B: recomenda-se a utilização de espécies pioneiras, isto é, aquelas que suportam alta incidência de luz, como as espécies 2, 3 e 5.; C: sugere-se o uso de espécies exóticas, pois somente essas podem suportar a alta incidência luminosa característica de regiões desmatadas.; D: espécies de comunidade clímax, como as 4 e 7, são as mais indicadas, uma vez que possuem boa capacidade de aclimatação a diferentes ambientes.; E: é recomendado o uso de espécies com melhor desenvolvimento à sombra, como as plantas das espécies 4, 6, 7, 9 e 10, pois essa floresta, mesmo no estágio de degradação referido, possui dossel fechado, o que impede a entrada de luz.",2.33294,B,2009,acordo ambiente analisou apresenta arbórea bom brasil cada casas central cerrados ciliar clímax comum condição condições controladas critérios demais deseja desenvolvimento desmatada diferentes disponibilidade dossel efeitos específicos espécie espécies experimental fatores fechado floresta formação físico incidência influenciam luminosa luminosidade luz margens mata meio nativas nutrientes níveis obtidos perene pesquisadora planta plantas pleno plântulas possui pouca principais quase quatro razoável reflorestamento reflorestar região relatou resultados rios ruim sabe seguintes sob sol solo sombreamento testar tipo totalmente tratamento umidade unicamente variação vegetal vegetação área,A: adaptação espécie incidência indicada luz maior melhor possui regiões vez; B: alta espécies incidência luz pioneiras recomenda suportam utilização; C: alta característica desmatadas espécies exóticas incidência luminosa podem pois regiões somente sugere suportar uso; D: aclimatação ambientes boa capacidade clímax comunidade diferentes espécies indicadas possuem vez; E: degradação desenvolvimento dossel entrada espécies estágio fechado floresta impede luz melhor plantas pois possui recomendado referido sombra uso
29,"Os núcleos dos átomos são constituídos de prótons e nêutrons, sendo ambos os principais responsáveis pela sua massa. Nota-se que, na maioria dos núcleos, essas partículas não estão presentes na mesma proporção. O gráfico mostra a quantidade de nêutrons (N) em função da quantidade de prótons (Z) para os núcleos estáveis conhecidos. O antimônio é um elemento químico que possui 50 prótons e possui vários isótopos ― átomos que só se diferem pelo número de nêutrons. De acordo com o gráfico, os isótopos estáveis do antimônio possuem",A: entre 12 e 24 nêutrons a menos que o número de prótons.; B: exatamente o mesmo número de prótons e nêutrons.; C: entre 0 e 12 nêutrons a mais que o número de prótons.; D: entre 12 e 24 nêutrons a mais que o número de prótons.; E: entre 0 e 12 nêutrons a menos que o número de prótons.,1.78311,D,2009,acordo ambos antimônio conhecidos constituídos diferem elemento estáveis função gráfico isótopos maioria massa mesma mostra n nota nêutrons núcleos número partículas possuem possui presentes principais proporção prótons quantidade químico responsáveis sendo vários z átomos,A: menos nêutrons número prótons; B: exatamente nêutrons número prótons; C: nêutrons número prótons; D: nêutrons número prótons; E: menos nêutrons número prótons
30,"É possível, com 1 litro de gasolina, usando todo o calor produzido por sua combustão direta, aquecer 200 litros de água de 20 °C a 55 °C. Pode-se efetuar esse mesmo aquecimento por um gerador de eletricidade, que consome 1 litro de gasolina por hora e fornece 110 V a um resistor de 11 Ω, imerso na água, durante um certo intervalo de tempo. Todo o calor liberado pelo resistor é transferido à água. Considerando que o calor específico da água é igual a 4,19 J g-1 °C-1, aproximadamente qual a quantidade de gasolina consumida para o aquecimento de água obtido pelo gerador, quando comparado ao obtido a partir da combustão?",A: A quantidade de gasolina consumida é igual para os dois casos.; B: A quantidade de gasolina consumida pelo gerador é duas vezes maior que a consumida na combustão.; C: A quantidade de gasolina consumida pelo gerador é duas vezes menor que a consumida na combustão.; D: A quantidade de gasolina consumida pelo gerador é sete vezes maior que a consumida na combustão.; E: A quantidade de gasolina consumida pelo gerador é sete vezes menor que a consumida na combustão.,2.54978,D,2009,aproximadamente aquecer aquecimento c calor certo combustão comparado considerando consome consumida direta durante efetuar eletricidade específico fornece g gasolina gerador hora igual imerso intervalo j liberado litro litros obtido partir pode possível produzido quantidade resistor tempo todo transferido usando v água,A: casos consumida dois gasolina igual quantidade; B: combustão consumida duas gasolina gerador maior quantidade vezes; C: combustão consumida duas gasolina gerador menor quantidade vezes; D: combustão consumida gasolina gerador maior quantidade sete vezes; E: combustão consumida gasolina gerador menor quantidade sete vezes
31,"O progresso da tecnologia introduziu diversos artefatos geradores de campos eletromagnéticos. Uma das mais empregadas invenções nessa área são os telefones celulares e smartphones. As tecnologias de transmissão de celular atualmente em uso no Brasil contemplam dois sistemas. O primeiro deles é operado entre as frequências de 800 MHz e 900 MHz e constitui os chamados sistemas TDMA/CDMA. Já a tecnologia GSM, ocupa a frequência de 1.800 MHz. Considerando que a intensidade de transmissão e o nível de recepção “celular” sejam os mesmos para as tecnologias de transmissão TDMA/CDMA ou GSM, se um engenheiro tiver de escolher entre as duas tecnologias para obter a mesma cobertura, levando em consideração apenas o número de antenas em uma região, ele deverá escolher:","A: a tecnologia GSM, pois é a que opera com ondas de maior comprimento de onda.; B: a tecnologia TDMA/CDMA, pois é a que apresenta Efeito Doppler mais pronunciado.; C: a tecnologia GSM, pois é a que utiliza ondas que se propagam com maior velocidade.; D: qualquer uma das duas, pois as diferenças nas frequências são compensadas pelas diferenças nos comprimentos de onda.; E: qualquer uma das duas, pois nesse caso as intensidades decaem igualmente da mesma forma, independentemente da frequência.",,E,2009,antenas apenas artefatos atualmente brasil campos cdma celular celulares chamados cobertura considerando consideração constitui contemplam deverá diversos dois duas eletromagnéticos empregadas engenheiro escolher frequência frequências geradores gsm intensidade introduziu invenções levando mesma mesmos mhz nessa nível número obter ocupa operado primeiro progresso recepção região sistemas smartphones tdma tecnologia tecnologias telefones transmissão uso área,A: comprimento gsm maior onda ondas opera pois tecnologia; B: apresenta cdma doppler efeito pois pronunciado tdma tecnologia; C: gsm maior ondas pois propagam tecnologia utiliza velocidade; D: compensadas comprimentos diferenças duas frequências onda pois qualquer; E: caso decaem duas forma frequência igualmente independentemente intensidades mesma nesse pois qualquer
32,"Considere um equipamento capaz de emitir radiação eletromagnética com comprimento de onda bem menor que a da radiação ultravioleta. Suponha que a radiação emitida por esse equipamento foi apontada para um tipo específico de filme fotográfico e entre o equipamento e o filme foi posicionado o pescoço de um indivíduo. Quanto mais exposto à radiação, mais escuro se torna o filme após a revelação. Após acionar o equipamento e revelar o filme, evidenciou-se a imagem mostrada na figura abaixo. Dentre os fenômenos decorrentes da interação entre a radiação e os átomos do indivíduo que permitem a obtenção desta imagem inclui-se a","A: absorção da radiação eletromagnética e a consequente ionização dos átomos de cálcio, que se transformam em átomos de fósforo.; B: maior absorção da radiação eletromagnética pelos átomos de cálcio que por outros tipos de átomos.; C: maior absorção da radiação eletromagnética pelos átomos de carbono que por átomos de cálcio.; D: maior refração ao atravessar os átomos de carbono que os átomos de cálcio.; E: maior ionização de moléculas de água que de átomos de carbono.",1.92002,B,2009,abaixo acionar apontada após bem capaz comprimento considere decorrentes dentre desta eletromagnética emitida emitir equipamento escuro específico evidenciou exposto fenômenos figura filme fotográfico imagem inclui indivíduo interação menor mostrada obtenção onda permitem pescoço posicionado quanto radiação revelar revelação suponha tipo torna ultravioleta átomos,A: absorção consequente cálcio eletromagnética fósforo ionização radiação transformam átomos; B: absorção cálcio eletromagnética maior outros radiação tipos átomos; C: absorção carbono cálcio eletromagnética maior radiação átomos; D: atravessar carbono cálcio maior refração átomos; E: carbono ionização maior moléculas água átomos
33,"Os ratos Peromyscus polionotus encontram-se distribuídos em ampla região na América do Norte. A pelagem de ratos dessa espécie varia do marrom claro até o escuro, sendo que os ratos de uma mesma população têm coloração muito semelhante. Em geral, a coloração da pelagem também é muito parecida à cor do solo da região em que se encontram, que também apresenta a mesma variação de cor, distribuída ao longo de um gradiente sul-norte. Na figura, encontram-se representadas sete diferentes populações de P. polionotus. Cada população é representada pela pelagem do rato, por uma amostra de solo e por sua posição geográfica no mapa. O mecanismo evolutivo envolvido na associação entre cores de pelagem e de substrato é 
","A: a alimentação, pois pigmentos de terra são absorvidos e alteram a cor da pelagem dos roedores.; B: o fluxo gênico entre as diferentes populações, que mantém constante a grande diversidade interpopulacional.; C: a seleção natural, que, nesse caso, poderia ser entendida como a sobrevivência diferenciada de indivíduos com características distintas.; D: a mutação genética, que, em certos ambientes, como os de solo mais escuro, têm maior ocorrência e capacidade de alterar significativamente a cor da pelagem dos animais.; E: a herança de caracteres adquiridos, capacidade de organismos se adaptarem a diferentes ambientes e transmitirem suas características genéticas aos descendentes.",1.5324,C,2009,amostra ampla américa apresenta associação cada claro coloração cor cores dessa diferentes distribuída distribuídos encontram envolvido escuro espécie evolutivo figura geográfica geral gradiente longo mapa marrom mecanismo mesma norte p parecida pelagem peromyscus polionotus população populações posição rato ratos região representada representadas semelhante sendo sete solo substrato sul têm varia variação,A: absorvidos alimentação alteram cor pelagem pigmentos pois roedores terra; B: constante diferentes diversidade fluxo grande gênico interpopulacional mantém populações; C: características caso diferenciada distintas entendida indivíduos natural nesse poderia seleção sobrevivência; D: alterar ambientes animais capacidade certos cor escuro genética maior mutação ocorrência pelagem significativamente solo têm; E: adaptarem adquiridos ambientes capacidade caracteres características descendentes diferentes genéticas herança organismos transmitirem
34,"O lixo orgânico de casa – constituído de restos de verduras, frutas, legumes, cascas de ovo, aparas de grama, entre outros –, se for depositado nos lixões, pode contribuir para o aparecimento de animais e de odores indesejáveis. Entretanto, sua reciclagem gera um excelente adubo orgânico, que pode ser usado no cultivo de hortaliças, frutíferas e plantas ornamentais. A produção do adubo ou composto orgânico se dá por meio da compostagem, um processo simples que requer alguns cuidados especiais. O material que é acumulado diariamente em recipientes próprios deve ser revirado com auxílio de ferramentas adequadas, semanalmente, de forma a homogeneizá-lo. É preciso também umedecê-lo periodicamente. O material de restos de capina pode ser intercalado entre uma camada e outra de lixo da cozinha. Por meio desse método, o adubo orgânico estará pronto em aproximadamente dois a três meses. Suponha que uma pessoa, desejosa de fazer seu próprio adubo orgânico, tenha seguido o procedimento descrito no texto, exceto no que se refere ao umedecimento periódico do composto. Nessa situação,","A: o processo de compostagem iria produzir intenso mau cheiro.; B: o adubo formado seria pobre em matéria orgânica que não foi transformada em composto.; C: a falta de água no composto vai impedir que microrganismos decomponham a matéria orgânica.; D: a falta de água no composto iria elevar a temperatura da mistura, o que resultaria na perda de nutrientes essenciais.; E: apenas microrganismos que independem de oxigênio poderiam agir sobre a matéria orgânica e transformá-la em adubo.",3.25833,C,2009,acumulado adequadas adubo alguns animais aparas aparecimento aproximadamente auxílio camada capina casa cascas compostagem composto constituído contribuir cozinha cuidados cultivo depositado descrito desejosa desse deve diariamente dois dá entretanto especiais estará excelente exceto fazer ferramentas forma frutas frutíferas gera grama homogeneizá hortaliças indesejáveis intercalado legumes lixo lixões lo material meio meses método nessa odores orgânico ornamentais outra outros ovo periodicamente periódico pessoa plantas pode preciso procedimento processo produção pronto próprio próprios reciclagem recipientes refere requer restos revirado seguido semanalmente simples situação suponha texto três umedecimento umedecê usado verduras,A: cheiro compostagem intenso iria mau processo produzir; B: adubo composto formado matéria orgânica pobre transformada; C: composto decomponham falta impedir matéria microrganismos orgânica vai água; D: composto elevar essenciais falta iria mistura nutrientes perda resultaria temperatura água; E: adubo agir apenas independem la matéria microrganismos orgânica oxigênio poderiam sobre transformá
35,"O Sol representa uma fonte limpa e inesgotável de energia para o nosso planeta. Essa energia pode ser captada por aquecedores solares, armazenada e convertida posteriormente em trabalho útil. Considere determinada região cuja insolação — potência solar incidente na superfície da Terra — seja de 800 watts/m2 . Uma usina termossolar utiliza concentradores solares parabólicos que chegam a dezenas de quilômetros de extensão. Nesses coletores solares parabólicos, a luz refletida pela superfície parabólica espelhada é focalizada em um receptor em forma de cano e aquece o óleo contido em seu interior a 400 °C. O calor desse óleo é transferido para a água, vaporizando-a em uma caldeira. O vapor em alta pressão movimenta uma turbina acoplada a um gerador de energia elétrica. Considerando que a distância entre a borda inferior e a borda superior da superfície refletora tenha 6 m de largura e que focaliza no receptor os 800 watts/m2 de radiação provenientes do Sol, e que o calor específico da água é 1 cal g-1 ºC-1 = 4.200 J kg-1 ºC-1, então o comprimento linear do refletor parabólico necessário para elevar a temperatura de 1 m3 (equivalente a 1 t) de água de 20 °C para 100 °C, em uma hora, estará entre",A: 15 m e 21 m.; B: 22 m e 30 m.; C: 105 m e 125 m.; D: 680 m e 710 m.; E: 6.700 m e 7.150 m.,2.69333,A,2009,acoplada alta aquece aquecedores armazenada borda c cal caldeira calor cano captada chegam coletores comprimento concentradores considerando considere contido convertida cuja desse determinada dezenas distância elevar elétrica energia então equivalente específico espelhada estará extensão focaliza focalizada fonte forma g gerador hora incidente inesgotável inferior insolação interior j kg largura limpa linear luz m movimenta necessário nesses parabólica parabólico parabólicos planeta pode posteriormente potência pressão provenientes quilômetros radiação receptor refletida refletor refletora região representa sol solar solares superfície superior t temperatura termossolar terra trabalho transferido turbina usina utiliza vapor vaporizando watts água óleo útil,A: m; B: m; C: m; D: m; E: m
36,"O uso de protetores solares em situações de grande exposição aos raios solares como, por exemplo, nas praias, é de grande importância para a saúde. As moléculas ativas de um protetor apresentam, usualmente, anéis aromáticos conjugados com grupos carbonila, pois esses sistemas são capazes de absorver a radiação ultravioleta mais nociva aos seres humanos. A conjugação é definida como a ocorrência de alternância entre ligações simples e duplas em uma molécula. Outra propriedade das moléculas em questão é apresentar, em uma de suas extremidades, uma parte apolar responsável por reduzir a solubilidade do composto em água, o que impede sua rápida remoção quando do contato com a água. De acordo com as considerações do texto, qual das moléculas apresentadas a seguir é a mais adequada para funcionar como molécula ativa de protetores solares?",A: ; B: ; C: ; D: ; E:,2.67523,E,2009,absorver acordo adequada alternância anéis apolar apresentadas apresentam apresentar aromáticos ativa ativas capazes carbonila composto conjugados conjugação considerações contato definida duplas exemplo exposição extremidades funcionar grande grupos humanos impede importância ligações molécula moléculas nociva ocorrência outra parte pois praias propriedade protetor protetores questão radiação raios reduzir remoção responsável rápida saúde seguir seres simples sistemas situações solares solubilidade texto ultravioleta uso usualmente água,A: ; B: ; C: ; D: 
37,"Sabe-se que o olho humano não consegue diferenciar componentes de cores e vê apenas a cor resultante, diferentemente do ouvido, que consegue distinguir, por exemplo, dois instrumentos diferentes tocados simultaneamente. Os raios luminosos do espectro visível, que têm comprimento de onda entre 380 nm e 780 nm, incidem na córnea, passam pelo cristalino e são projetados na retina. Na retina, encontram-se dois tipos de fotorreceptores, os cones e os bastonetes, que convertem a cor e a intensidade da luz recebida em impulsos nervosos. Os cones distinguem as cores primárias: vermelho, verde e azul, e os bastonetes diferenciam apenas níveis de intensidade, sem separar comprimentos de onda. Os impulsos nervosos produzidos são enviados ao cérebro por meio do nervo óptico, para que se dê a percepção da imagem. Um indivíduo que, por alguma deficiência, não consegue captar as informações transmitidas pelos cones, perceberá um objeto branco, iluminado apenas por luz vermelha, como","A: um objeto indefinido, pois as células que captam a luz estão inativas.; B: um objeto rosa, pois haverá mistura da luz vermelha com o branco do objeto.; C: um objeto verde, pois o olho não consegue diferenciar componentes de cores.; D: um objeto cinza, pois os bastonetes captam luminosidade, porém não diferenciam cor.; E: um objeto vermelho, pois a retina capta a luz refletida pelo objeto, transformando-a em vermelho.",1.3607,D,2009,alguma apenas azul bastonetes branco captar componentes comprimento comprimentos cones consegue convertem cor cores cristalino cérebro córnea deficiência diferenciam diferenciar diferentemente diferentes distinguem distinguir dois dê encontram enviados espectro exemplo fotorreceptores humano iluminado imagem impulsos incidem indivíduo informações instrumentos intensidade luminosos luz meio nervo nervosos nm níveis objeto olho onda ouvido passam perceberá percepção primárias produzidos projetados raios recebida resultante retina sabe separar simultaneamente tipos tocados transmitidas têm verde vermelha vermelho visível vê óptico,A: captam células inativas indefinido luz objeto pois; B: branco haverá luz mistura objeto pois rosa vermelha; C: componentes consegue cores diferenciar objeto olho pois verde; D: bastonetes captam cinza cor diferenciam luminosidade objeto pois porém; E: capta luz objeto pois refletida retina transformando vermelho
38,"Durante uma ação de fiscalização em postos de combustíveis, foi encontrado um mecanismo inusitado para enganar o consumidor. Durante o inverno, o responsável por um posto de combustível compra álcool por R$ 0,50/litro, a uma temperatura de 5 °C. Para revender o líquido aos motoristas, instalou um mecanismo na bomba de combustível para aquecê-lo, para que atinja a temperatura de 35 °C, sendo o litro de álcool revendido a R$ 1,60. Diariamente o posto compra 20 mil litros de álcool a 5 ºC e os revende. Com relação à situação hipotética descrita no texto e dado que o coeficiente de dilatação volumétrica do álcool é de 1×10-3 ºC-1, desprezando-se o custo da energia gasta no aquecimento do combustível, o ganho financeiro que o dono do posto teria obtido devido ao aquecimento do álcool após uma semana de vendas estaria entre","A: R$ 500,00 e R$ 1.000,00.; B: R$ 1.050,00 e R$ 1.250,00.; C: R$ 4.000,00 e R$ 5.000,00.; D: R$ 6.000,00 e R$ 6.900,00.; E: R$ 7.000,00 e R$ 7.950,00.",3.1985,D,2009,após aquecimento aquecê atinja ação bomba c coeficiente combustíveis combustível compra consumidor custo dado descrita desprezando devido diariamente dilatação dono durante encontrado energia enganar estaria financeiro fiscalização ganho gasta hipotética instalou inusitado inverno litro litros lo líquido mecanismo mil motoristas obtido posto postos r relação responsável revende revender revendido semana sendo situação temperatura texto vendas volumétrica × álcool,A: r; B: r; C: r; D: r; E: r
39,"A invenção da geladeira proporcionou uma revolução no aproveitamento dos alimentos, ao permitir que fossem armazenados e transportados por longos períodos. A figura apresentada ilustra o processo cíclico de funcionamento de uma geladeira, em que um gás no interior de uma tubulação é forçado a circular entre o congelador e a parte externa da geladeira. É por meio dos processos de compressão, que ocorre na parte externa, e de expansão, que ocorre na parte interna, que o gás proporciona a troca de calor entre o interior e o exterior da geladeira. Nos processos de transformação de energia envolvidos no funcionamento da geladeira, ","A: a expansão do gás é um processo que cede a energia necessária ao resfriamento da parte interna da geladeira.; B: o calor flui de forma não-espontânea da parte mais fria, no interior, para a mais quente, no exterior da geladeira.; C: a quantidade de calor cedida ao meio externo é igual ao calor retirado da geladeira.; D: a eficiência é tanto maior quanto menos isolado termicamente do ambiente externo for o seu compartimento interno.; E: a energia retirada do interior pode ser devolvida à geladeira abrindo-se a sua porta, o que reduz seu consumo de energia.",2.63754,B,2009,alimentos apresentada aproveitamento armazenados calor circular compressão congelador cíclico energia envolvidos expansão exterior externa figura forçado funcionamento geladeira gás ilustra interior interna invenção longos meio ocorre parte permitir períodos processo processos proporciona proporcionou revolução transformação transportados troca tubulação,A: cede energia expansão geladeira gás interna necessária parte processo resfriamento; B: calor espontânea exterior flui forma fria geladeira interior parte quente; C: calor cedida externo geladeira igual meio quantidade retirado; D: ambiente compartimento eficiência externo interno isolado maior menos quanto tanto termicamente; E: abrindo consumo devolvida energia geladeira interior pode porta reduz retirada
40,"Na manipulação em escala nanométrica, os átomos revelam características peculiares, podendo apresentar tolerância à temperatura, reatividade química, condutividade elétrica, ou mesmo exibir força de intensidade extraordinária. Essas características explicam o interesse industrial pelos nanomateriais que estão sendo muito pesquisados em diversas áreas, desde o desenvolvimento de cosméticos, tintas e tecidos, até o de terapias contra o câncer. A utilização de nanopartículas na indústria e na medicina requer estudos mais detalhados, pois ","A: as partículas, quanto menores, mais potentes e radiativas se tornam.; B: as partículas podem ser manipuladas, mas não caracterizadas com a atual tecnologia.; C: as propriedades biológicas das partículas somente podem ser testadas em microrganismos.; D: as partículas podem atravessar poros e canais celulares, o que poderia causar impactos desconhecidos aos seres vivos e, até mesmo, aos ecossistemas.; E: o organismo humano apresenta imunidade contra partículas tão pequenas, já que apresentam a mesma dimensão das bactérias (um bilionésimo de metro).",1.13884,D,2009,apresentar características condutividade contra cosméticos câncer desde desenvolvimento detalhados diversas elétrica escala estudos exibir explicam extraordinária força industrial indústria intensidade interesse manipulação medicina nanomateriais nanométrica nanopartículas peculiares pesquisados podendo pois química reatividade requer revelam sendo tecidos temperatura terapias tintas tolerância utilização áreas átomos,A: menores partículas potentes quanto radiativas tornam; B: atual caracterizadas manipuladas partículas podem tecnologia; C: biológicas microrganismos partículas podem propriedades somente testadas; D: atravessar canais causar celulares desconhecidos ecossistemas impactos partículas podem poderia poros seres vivos; E: apresenta apresentam bactérias bilionésimo contra dimensão humano imunidade mesma metro organismo partículas pequenas tão
41,"Uma vítima de acidente de carro foi encontrada carbonizada devido a uma explosão. Indícios, como certos adereços de metal usados pela vítima, sugerem que a mesma seja filha de um determinado casal. Uma equipe policial de perícia teve acesso ao material biológico carbonizado da vítima, reduzido, praticamente, a fragmentos de ossos. Sabe-se que é possível obter DNA em condições para análise genética de parte do tecido interno de ossos. Os peritos necessitam escolher, entre cromossomos autossômicos, cromossomos sexuais (X e Y) ou DNAmt (DNA mitocondrial), a melhor opção para identificação do parentesco da vítima com o referido casal. Sabe-se que, entre outros aspectos, o número de cópias de um mesmo cromossomo por célula maximiza a chance de se obter moléculas não degradadas pelo calor da explosão. Com base nessas informações e tendo em vista os diferentes padrões de herança de cada fonte de DNA citada, a melhor opção para a perícia seria a utilização","A: do DNAmt, transmitido ao longo da linhagem materna, pois, em cada célula humana, há várias cópias dessa molécula.; B: do cromossomo X, pois a vítima herdou duas cópias desse cromossomo, estando assim em número superior aos demais.; C: do cromossomo autossômico, pois esse cromossomo apresenta maior quantidade de material genético quando comparado aos nucleares, como, por exemplo, o DNAmt.; D: do cromossomo Y, pois, em condições normais, este é transmitido integralmente do pai para toda a prole e está presente em duas cópias em células de indivíduos do sexo feminino.; E: de marcadores genéticos em cromossomos autossômicos, pois estes, além de serem transmitidos pelo pai e pela mãe, estão presentes em 44 cópias por célula, e os demais, em apenas uma.",3.35507,A,2009,acesso acidente adereços análise aspectos autossômicos base biológico cada calor carbonizada carbonizado carro casal certos chance citada condições cromossomo cromossomos célula cópias degradadas determinado devido diferentes dna dnamt encontrada equipe escolher explosão filha fonte fragmentos genética herança identificação indícios informações interno material maximiza melhor mesma metal mitocondrial moléculas necessitam nessas número obter opção ossos outros padrões parentesco parte peritos perícia policial possível praticamente reduzido referido sabe sexuais sugerem tecido tendo usados utilização vista vítima x y,A: cada célula cópias dessa dnamt humana linhagem longo materna molécula pois transmitido várias; B: assim cromossomo cópias demais desse duas estando herdou número pois superior vítima x; C: apresenta autossômico comparado cromossomo dnamt exemplo genético maior material nucleares pois quantidade; D: condições cromossomo células cópias duas feminino indivíduos integralmente normais pai pois presente prole sexo toda transmitido y; E: além apenas autossômicos cromossomos célula cópias demais genéticos marcadores mãe pai pois presentes serem transmitidos
42,"O cultivo de camarões de água salgada vem se desenvolvendo muito nos últimos anos na região Nordeste do Brasil e, em algumas localidades, passou a ser a principal atividade econômica. Uma das grandes preocupações dos impactos negativos dessa atividade está relacionada à descarga, sem nenhum tipo de tratamento, dos efluentes dos viveiros diretamente no ambiente marinho, em estuários ou em manguezais. Esses efluentes possuem matéria orgânica particulada e dissolvida, amônia, nitrito, nitrato, fosfatos, partículas de sólidos em suspensão e outras substâncias que podem ser consideradas contaminantes potenciais. Suponha que tenha sido construída uma fazenda de carcinicultura próximo a um manguezal. Entre as perturbações ambientais causadas pela fazenda, espera-se que","A: a atividade microbiana se torne responsável pela reciclagem do fósforo orgânico excedente no ambiente marinho.; B: a relativa instabilidade das condições marinhas torne as alterações de fatores físico-químicos pouco críticas à vida no mar.; C: a amônia excedente seja convertida em nitrito, por meio do processo de nitrificação, e em nitrato, formado como produto intermediário desse processo.; D: os efluentes promovam o crescimento excessivo de plantas aquáticas devido à alta diversidade de espécies vegetais permanentes no manguezal.; E: o impedimento da penetração da luz pelas partículas em suspensão venha a comprometer a produtividade primária do ambiente marinho, que resulta da atividade metabólica do fitoplâncton.",1.96311,E,2009,algumas ambientais ambiente amônia anos atividade brasil camarões carcinicultura causadas consideradas construída contaminantes cultivo descarga desenvolvendo dessa diretamente dissolvida econômica efluentes espera estuários fazenda fosfatos grandes impactos localidades manguezais manguezal marinho matéria negativos nenhum nitrato nitrito nordeste orgânica outras particulada partículas passou perturbações podem possuem potenciais preocupações principal próximo região relacionada salgada sido substâncias suponha suspensão sólidos tipo tratamento vem viveiros água últimos,A: ambiente atividade excedente fósforo marinho microbiana orgânico reciclagem responsável torne; B: alterações condições críticas fatores físico instabilidade mar marinhas pouco químicos relativa torne vida; C: amônia convertida desse excedente formado intermediário meio nitrato nitrificação nitrito processo produto; D: alta aquáticas crescimento devido diversidade efluentes espécies excessivo manguezal permanentes plantas promovam vegetais; E: ambiente atividade comprometer fitoplâncton impedimento luz marinho metabólica partículas penetração primária produtividade resulta suspensão venha
43,"Nas últimas décadas, o efeito estufa tem-se intensificado de maneira preocupante, sendo esse efeito muitas vezes atribuído à intensa liberação de CO2 durante a queima de combustíveis fósseis para geração de energia. O quadro traz as entalpias-padrão de combustão a 25 ºC ( 0 ΔH25 ) do metano, do butano e do octano. composto fórmula molecular massa molar (g/mol) 0 ΔH25 (kJ/mol) metano CH4 16 - 890 butano C4H10 58 - 2.878 octano C8H18 114 - 5.471 À medida que aumenta a consciência sobre os impactos ambientais relacionados ao uso da energia, cresce a importância de se criar políticas de incentivo ao uso de combustíveis mais eficientes. Nesse sentido, considerando-se que o metano, o butano e o octano sejam representativos do gás natural, do gás liquefeito de petróleo (GLP) e da gasolina, respectivamente, então, a partir dos dados fornecidos, é possível concluir que, do ponto de vista da quantidade de calor obtido por mol de CO2 gerado, a ordem crescente desses três combustíveis é","A: gasolina, GLP e gás natural.; B: gás natural, gasolina e GLP.; C: gasolina, gás natural e GLP.; D: gás natural, GLP e gasolina.; E: GLP, gás natural e gasolina.",2.49029,A,2009,ambientais atribuído aumenta butano calor combustão combustíveis composto concluir consciência considerando cresce crescente criar dados desses durante décadas efeito eficientes energia entalpias então estufa fornecidos fórmula fósseis g gasolina gerado geração glp gás impactos importância incentivo intensa intensificado kj liberação liquefeito maneira massa medida metano mol molar molecular muitas natural nesse obtido octano ordem padrão partir petróleo políticas ponto possível preocupante quadro quantidade queima relacionados representativos respectivamente sendo sentido sobre traz três uso vezes vista últimas,A: gasolina glp gás natural; B: gasolina glp gás natural; C: gasolina glp gás natural; D: gasolina glp gás natural; E: gasolina glp gás natural
44,"O álcool hidratado utilizado como combustível veicular é obtido por meio da destilação fracionada de soluções aquosas geradas a partir da fermentação de biomassa. Durante a destilação, o teor de etanol da mistura é aumentado, até o limite de 96% em massa. Considere que, em uma usina de produção de etanol, 800 kg de uma mistura etanol/água com concentração 20% em massa de etanol foram destilados, sendo obtidos 100 kg de álcool hidratado 96% em massa de etanol. A partir desses dados, é correto concluir que a destilação em questão gerou um resíduo com uma concentração de etanol em massa","A: de 0%.; B: de 8,0%.; C: entre 8,4% e 8,6%.; D: entre 9,0% e 9,2%.; E: entre 13% e 14%.",2.43913,D,2009,aquosas aumentado biomassa combustível concentração concluir considere correto dados desses destilados destilação durante etanol fermentação fracionada geradas gerou hidratado kg limite massa meio mistura obtido obtidos partir produção questão resíduo sendo soluções teor usina utilizado veicular água álcool,A: ; B: ; C: ; D: ; E: 
45,"Considere a seguinte situação hipotética: ao preparar o palco para a apresentação de uma peça de teatro, o iluminador deveria colocar três atores sob luzes que tinham igual brilho e os demais, sob luzes de menor brilho. O iluminador determinou, então, aos técnicos, que instalassem no palco oito lâmpadas incandescentes com a mesma especificação (L1 a L8), interligadas em um circuito com uma bateria, conforme mostra a figura. Nessa situação, quais são as três lâmpadas que acendem com o mesmo brilho por apresentarem igual valor de corrente fluindo nelas, sob as quais devem se posicionar os três atores?","A: L1, L2 e L3.; B: L2, L3 e L4.; C: L2, L5 e L7.; D: L4, L5 e L6.; E: L4, L7 e L8.",2.22199,B,2009,acendem apresentarem apresentação atores bateria brilho circuito colocar conforme considere corrente demais determinou devem deveria então especificação figura fluindo hipotética igual iluminador incandescentes instalassem interligadas luzes lâmpadas menor mesma mostra nelas nessa oito palco peça posicionar preparar quais seguinte situação sob teatro três técnicos valor,A: ; B: ; C: ; D: ; E: 
92,"O sino dos ventos é composto por várias barras metálicas de mesmo material e
espessura, mas de comprimentos diferentes, conforme a figura.
Considere f  e v , respectivamente, como a frequência fundamental e a velocidade
de propagação do som emitido pela barra de menor comprimento, e f  e v  são essas
mesmas grandezas para o som emitido pela barra de maior comprimento.
As relações entre as frequências fundamentais e entre as velocidades de propagação
são, respectivamente,",A: f  < f  e v  < v .; B: f  < f  e v  = v .; C: f  < f  e v  > v .; D: f  > f  e v  = v .; E: f  > f  e v  > v .,1.65693,D,2021,barra barras composto comprimento comprimentos conforme considere diferentes emitido espessura f figura frequência frequências fundamentais fundamental grandezas maior material menor mesmas metálicas propagação relações respectivamente sino som v velocidade velocidades ventos várias,A: f v; B: f v; C: f v; D: f v; E: f v
93,"O polvo mimético apresenta padrões cromáticos e comportamentos muito curiosos.
Frequentemente, muda a orientação de seus tentáculos, assemelhando-se a alguns
animais. As imagens 1, 3 e 5 apresentam polvos mimetizando, respectivamente, um
peixe-linguado (2), um peixe-leão (4) e uma serpente-marinha (6).
NORMAN, M. D.; FINN, J.; TREGENZA, T. Dynamic mimicry in an Indo-Malayan octopus. 
In: Proceedings of the Royal Society B: Biological Sciences, n. 268, out. 2001. 
Disponível em: www.researchgate.net. Acesso em: 15 mar. 2014 (adaptado).
Do ponto de vista evolutivo, a capacidade apresentada se estabeleceu porque os polvos",A: originaram-se do mesmo ancestral que esses animais.; B: passaram por mutações similares a esses organismos.; C: observaram esses animais em seus nichos ecológicos.; D: resultaram de convergência adaptativa com essas espécies.; E: sobreviveram às pressões seletivas com esses comportamentos.,0.64628,E,2021,acesso adaptado alguns an animais apresenta apresentada apresentam assemelhando b biological capacidade comportamentos cromáticos curiosos d disponível dynamic estabeleceu evolutivo finn frequentemente imagens in indo j leão linguado m malayan mar marinha mimetizando mimicry mimético muda n net norman octopus of orientação out padrões peixe polvo polvos ponto porque proceedings researchgate respectivamente royal sciences serpente society t tentáculos the tregenza vista www,A: ancestral animais originaram; B: mutações organismos passaram similares; C: animais ecológicos nichos observaram; D: adaptativa convergência espécies resultaram; E: comportamentos pressões seletivas sobreviveram
94,"A figura foi extraída de um antigo jogo para computadores, chamado Bang! Bang!
No jogo, dois competidores controlam os canhões A e B, disparando balas
alternadamente com o objetivo de atingir o canhão do adversário; para isso, atribuem
valores estimados para o módulo da velocidade inicial de disparo (
) e para o ângulo
de disparo (θ).
Em determinado momento de uma partida, o competidor B deve disparar; ele sabe
que a bala disparada anteriormente, θ = 53°, passou tangenciando o ponto P.
 No jogo, 
 é igual a 10 m/s . Considere sen 53° = 0,8, cos 53° = 0,6 e desprezível
a ação de forças dissipativas.
Disponível em: http://mebdownloads.butzke.net.br. Acesso em: 18 abr. 2015 (adaptado).
Com base nas distâncias dadas e mantendo o último ângulo de disparo, qual deveria ser,
aproximadamente, o menor valor de 
 que permitiria ao disparo efetuado pelo canhão
B atingir o canhão A?",A: 30 m/s.; B: 35 m/s.; C: 40 m/s.; D: 45 m/s.; E: 50 m/s.,3.24395,C,2021,abr acesso adaptado adversário alternadamente anteriormente antigo aproximadamente atingir atribuem ação b bala balas bang base br butzke canhão canhões chamado competidor competidores computadores considere controlam cos dadas desprezível determinado deve deveria disparada disparando disparar disparo disponível dissipativas distâncias dois efetuado estimados extraída figura forças http igual inicial jogo m mantendo mebdownloads menor momento módulo net objetivo p partida passou permitiria ponto s sabe sen tangenciando valor valores velocidade ângulo último,A: m s; B: m s; C: m s; D: m s; E: m s
95,"Os pesticidas organoclorados foram amplamente empregados na agricultura,
contudo, em razão das suas elevadas toxicidades e persistências no meio ambiente, eles
foram banidos. Considere a aplicação de 500 g de um pesticida organoclorado em uma
cultura e que, em certas condições, o tempo de meia-vida do pesticida no solo seja de
5 anos.
A massa do pesticida no decorrer de 35 anos será mais próxima de","A: 3,9 g.; B: 31,2 g.; C: 62,5 g.; D: 125,0 g.; E: 250,0 g.",0.76309,A,2021,agricultura ambiente amplamente anos aplicação banidos certas condições considere contudo cultura decorrer elevadas empregados g massa meia meio organoclorado organoclorados persistências pesticida pesticidas próxima razão solo tempo toxicidades vida,A: g; B: g; C: g; D: g; E: g
96,"A sequência de nucleotídeos do RNA mensageiro presentes em um gene de um
fungo, constituída de sete códons, está escrita a seguir.
Pesquisadores submeteram a sequência a mutações independentes. Sabe-se que os
códons UAG e UAA são terminais, ou seja, indicam a interrupção da tradução.
 
Qual mutação produzirá a menor proteína?",A: Deleção de G no códon 3.; B: Substituição de C por U no códon 4.; C: Substituição de G por C no códon 6.; D: Substituição de A por G no códon 7.; E: Deleção dos dois primeiros nucleotídeos no códon 5.,1.12828,B,2021,constituída códons escrita fungo gene independentes indicam interrupção menor mensageiro mutação mutações nucleotídeos pesquisadores presentes produzirá proteína rna sabe seguir sequência sete submeteram terminais tradução uaa uag,A: códon deleção g; B: c códon substituição u; C: c códon g substituição; D: códon g substituição; E: códon deleção dois nucleotídeos primeiros
97,"A simples atitude de não jogar direto no lixo ou no ralo da pia o óleo de cozinha
usado pode contribuir para a redução da poluição ambiental. Mas o que fazer com o óleo
vegetal que não será mais usado? Não existe um modelo ideal de descarte, mas uma
alternativa simples tem sido reaproveitá-lo para fazer sabão. Para isso, são necessários,
além do próprio óleo, água e soda cáustica.
LOBO, I. Sabão feito com óleo de cozinha. Disponível em: http://pga.pgr.mpf.gov.br. 
Acesso em: 29 fev. 2012 (adaptado).
Com base no texto, a reação química que permite o reaproveitamento do óleo vegetal é
denominada",A: redução.; B: epoxidação.; C: substituição.; D: esterificação.; E: saponificação.,0.97623,E,2021,acesso adaptado alternativa além ambiental atitude base br contribuir cozinha cáustica denominada descarte direto disponível existe fazer feito fev gov http i ideal jogar lixo lo lobo modelo mpf necessários permite pga pgr pia pode poluição próprio química ralo reaproveitamento reaproveitá reação redução sabão sido simples soda texto usado vegetal água óleo,A: redução; B: epoxidação; C: substituição; D: esterificação; E: saponificação
98,"Durante o desenvolvimento embrionário humano ocorre uma comunicação entre os
átrios direito e esquerdo através do forame oval (ou forame de Botal). Essa comunicação
não causa prejuízos à circulação do bebê em formação, exceto se ela perdurar após o
nascimento.
Os prejuízos no período embrionário são evitados porque a circulação fetal se assemelha
à dos(as)","A: aves, porque a pequena circulação e a grande circulação estão presentes.; B: répteis, porque a mistura de sangue é minimizada por um metabolismo lento.; C: crocodilianos, porque a separação dos ventrículos impede a mistura sanguínea.; D: peixes, porque a circulação é simples, ocorrendo uma passagem única pelo; E: anfíbios, porque pressões diferenciais isolam temporalmente o sangue venoso do",3.81485,D,2021,após assemelha através bebê botal causa circulação comunicação desenvolvimento direito durante embrionário esquerdo evitados exceto fetal forame formação humano nascimento ocorre oval perdurar período porque prejuízos átrios,A: aves circulação grande pequena porque presentes; B: lento metabolismo minimizada mistura porque répteis sangue; C: crocodilianos impede mistura porque sanguínea separação ventrículos; D: circulação ocorrendo passagem peixes porque simples única; E: anfíbios diferenciais isolam porque pressões sangue temporalmente venoso
99,"Na cidade de São Paulo, as ilhas de calor são responsáveis pela alteração da
direção do fluxo da brisa marítima que deveria atingir a região de mananciais. Mas, ao
cruzar a ilha de calor, a brisa marítima agora encontra um fluxo de ar vertical, que
transfere para ela energia térmica absorvida das superfícies quentes da cidade,
deslocando-a para altas altitudes. Dessa maneira, há condensação e chuvas fortes no
centro da cidade, em vez de na região de mananciais. A imagem apresenta os três
subsistemas que trocam energia nesse fenômeno.
No processo de fortes chuvas no centro da cidade de São Paulo, há dois
mecanismos dominantes de transferência de calor: entre o Sol e a ilha de calor, e entre a
ilha de calor e a brisa marítima.
VIVEIROS, M. Ilhas de calor afastam chuvas de represas. Disponível em: www2.feis.unesp.br. 
Acesso em: 3 dez. 2019 (adaptado).
Esses mecanismos são, respectivamente,",A: irradiação e convecção.; B: irradiação e irradiação.; C: condução e irradiação.; D: convecção e irradiação.; E: convecção e convecção.,0.51395,A,2021,absorvida acesso adaptado afastam agora altas alteração altitudes apresenta ar atingir br brisa calor centro chuvas cidade condensação cruzar deslocando dessa deveria dez direção disponível dois dominantes encontra energia feis fenômeno fluxo fortes ilha ilhas imagem m mananciais maneira marítima mecanismos nesse paulo processo quentes região represas respectivamente responsáveis sol subsistemas superfícies transfere transferência trocam três térmica unesp vertical vez viveiros,A: convecção irradiação; B: irradiação; C: condução irradiação; D: convecção irradiação; E: convecção
100,"No seu estudo sobre a queda dos corpos, Aristóteles afirmava que se abandonarmos
corpos leves e pesados de uma mesma altura, o mais pesado chegaria mais rápido ao
solo. Essa ideia está apoiada em algo que é difícil de refutar, a observação direta da
realidade baseada no senso comum.
Após uma aula de física, dois colegas estavam discutindo sobre a queda dos corpos,
e um tentava convencer o outro de que tinha razão:
Colega A: “O corpo mais pesado cai mais rápido que um menos pesado, quando
largado de uma mesma altura. Eu provo, largando uma pedra e uma rolha. A pedra chega
antes. Pronto! Tá provado!”.
Colega B: “Eu não acho! Peguei uma folha de papel esticado e deixei cair. Quando
amassei, ela caiu mais rápido. Como isso é possível? Se era a mesma folha de papel,
deveria cair do mesmo jeito. Tem que ter outra explicação!”.
HÜLSENDEGER, M. Uma análise das concepções dos alunos sobre a queda dos corpos. 
Caderno Brasileiro de Ensino de Física, n. 3, dez. 2004 (adaptado).
O aspecto físico comum que explica a diferença de comportamento dos corpos em queda
nessa discussão é o(a)",A: peso dos corpos.; B: resistência do ar.; C: massa dos corpos.; D: densidade dos corpos.; E: aceleração da gravidade.,0.6514,B,2021,abandonarmos acho adaptado afirmava algo altura alunos amassei antes análise apoiada após aristóteles aspecto aula b baseada brasileiro caderno cai cair caiu chega chegaria colega colegas comportamento comum concepções convencer corpo corpos deixei deveria dez diferença difícil direta discussão discutindo dois ensino esticado estudo explica explicação folha física físico hülsendeger ideia jeito largado largando leves m menos mesma n nessa observação outra outro papel pedra peguei pesado pesados possível pronto provado provo queda razão realidade refutar rolha rápido senso sobre solo tentava ter tá,A: corpos peso; B: ar resistência; C: corpos massa; D: corpos densidade; E: aceleração gravidade
101,"A obtenção de etanol utilizando a cana-de-açúcar envolve a fermentação dos
monossacarídeos formadores da sacarose contida no melaço. Um desses formadores é a
glicose (C H
 O ), cuja fermentação produz cerca de 50 g de etanol a partir de 100 g de
glicose, conforme a equação química descrita.
Em uma condição específica de fermentação, obtém-se 80% de conversão em etanol
que, após sua purificação, apresenta densidade igual a 0,80 g/mL. O melaço utilizado
apresentou 50 kg de monossacarídeos na forma de glicose.
O volume de etanol, em litro, obtido nesse processo é mais próximo de
6",A: 16.; B: 20.; C: 25.; D: 64.; E: 100.,1.61387,C,2021,apresenta apresentou após açúcar c cana cerca condição conforme contida conversão cuja densidade descrita desses envolve equação específica etanol fermentação forma formadores g glicose h igual kg litro melaço ml monossacarídeos nesse obtenção obtido obtém partir processo produz próximo purificação química sacarose utilizado utilizando volume,A: ; B: ; C: ; D: ; E: 
102,"É possível ligar aparelhos elétricos de baixa corrente utilizando materiais comuns de
laboratório no lugar das tradicionais pilhas. A ilustração apresenta uma montagem que faz
funcionar um cronômetro digital.
 
Utilizando a representação de projetos elétricos, o circuito equivalente a esse sistema é",A: B; C: D,1.17427,B,2021,aparelhos apresenta baixa circuito comuns corrente cronômetro digital elétricos equivalente faz funcionar ilustração laboratório ligar lugar materiais montagem pilhas possível projetos representação sistema tradicionais utilizando,A: b; C: d
103,"Um técnico analisou um lote de analgésicos que supostamente estava fora das
especificações. A composição prevista era 100 mg de ácido acetilsalicílico por
comprimido (princípio ativo, cuja estrutura está apresentada na figura), além do amido e
da celulose (componentes inertes). O técnico realizou os seguintes testes:
1) obtenção da massa do comprimido;
2) medição da densidade do comprimido;
3) verificação do pH com papel indicador;
4) determinação da temperatura de fusão do comprimido;
5) titulação com solução aquosa de NaOH.
Após a realização dos testes, o lote do medicamento foi reprovado porque a
quantidade de ácido acetilsalicílico por comprimido foi de apenas 40% da esperada.
O teste que permitiu reprovar o lote de analgésicos foi o de número",A: 1.; B: 2.; C: 3.; D: 4.; E: 5.,1.66345,E,2021,acetilsalicílico além amido analgésicos analisou apenas apresentada após aquosa ativo celulose componentes composição comprimido cuja densidade determinação especificações esperada estrutura figura fusão indicador inertes lote massa medicamento medição mg naoh número obtenção papel permitiu ph porque prevista princípio quantidade realização realizou reprovado reprovar seguintes solução supostamente temperatura teste testes titulação técnico verificação ácido,A: ; B: ; C: ; D: ; E: 
104,"O rompimento da barragem de rejeitos de mineração no município mineiro de
Mariana e o derramamento de produtos tóxicos nas águas do Rio Doce, ocorridos em
2015, ainda têm consequências para os organismos que habitam o Parque Nacional
Marinho de Abrolhos, localizado a mais de 1000 quilômetros de distância. Esse desastre
ambiental afetou o fitoplâncton, as esponjas, as algas macroscópicas, os peixes
herbívoros e os golfinhos.
FRAINER, G.; SICILIANO, S.; TAVARES, D. C. Franciscana calls for help: [...]. International Whaling
Commission, Conference Paper, jun. 2016 (adaptado).
Concentrações mais elevadas dos compostos citados são encontradas em",A: esponjas.; B: golfinhos.; C: fitoplâncton.; D: peixes herbívoros.; E: algas macroscópicas.,1.21839,B,2021,abrolhos adaptado afetou ainda algas ambiental barragem c calls citados commission compostos concentrações conference consequências d derramamento desastre distância doce elevadas encontradas esponjas fitoplâncton frainer franciscana g golfinhos habitam help herbívoros international jun localizado macroscópicas mariana marinho mineiro mineração município nacional ocorridos organismos paper parque peixes produtos quilômetros rejeitos rio rompimento s siciliano tavares têm tóxicos whaling águas,A: esponjas; B: golfinhos; C: fitoplâncton; D: herbívoros peixes; E: algas macroscópicas
105,"Duas esferas carregadas com cargas iguais em módulo e sinais contrários estão
ligadas por uma haste rígida isolante na forma de haltere. O sistema se movimenta sob
ação da gravidade numa região que tem um campo magnético horizontal uniforme 
,
da esquerda para a direita. A  imagem  apresenta  o sistema  visto  de  cima para baixo,
no mesmo sentido da aceleração da gravidade 
 que atua na região.
 
Visto de cima, o diagrama esquemático das forças magnéticas que atuam no sistema, no
momento inicial em que as cargas penetram na região de campo magnético, está
representado em",A: B; C: D,2.02542,A,2021,aceleração apresenta atua atuam ação baixo campo cargas carregadas cima contrários diagrama direita duas esferas esquemático esquerda forma forças gravidade haltere haste horizontal iguais imagem inicial isolante ligadas magnéticas magnético momento movimenta módulo penetram região representado rígida sentido sinais sistema sob uniforme visto,A: b; C: d
106,"A icterícia, popularmente conhecida por amarelão, é uma patologia frequente em
recém-nascidos. Um bebê com icterícia não consegue metabolizar e excretar de forma
eficiente a bilirrubina. Com isso, o acúmulo dessa substância deixa-o com a pele
amarelada. A fototerapia é um tratamento da icterícia neonatal, que consiste na irradiação
de luz no bebê. Na presença de luz, a bilirrubina é convertida no seu isômero lumirrubina
que, por ser mais solúvel em água, é excretada pela bile ou pela urina. A imagem ilustra o
que ocorre nesse tratamento.
MOREIRA, M. et al. O recém-nascido de alto risco: teoria e prática do cuidar [on-line]. 
Rio de Janeiro: Fiocruz, 2004 (adaptado).
WANG,J.et.al.Challenges of phototherapy for neonatal hyperbilirubinemia (Review). 
Experimental and Therapeutic Medicine, n. 21, 2021 (adaptado).
Na fototerapia, a luz provoca a conversão da bilirrubina no seu isômero",A: ótico.; B: funcional.; C: de cadeia.; D: de posição.; E: geométrico.,2.29106,C,2021,acúmulo adaptado al alto amarelada amarelão and bebê bile bilirrubina challenges conhecida consegue consiste conversão convertida cuidar deixa dessa eficiente et excretada excretar experimental fiocruz forma fototerapia frequente hyperbilirubinemia icterícia ilustra imagem irradiação isômero j janeiro line lumirrubina luz m medicine metabolizar moreira n nascido nascidos neonatal nesse ocorre of on patologia pele phototherapy popularmente presença provoca prática recém review rio risco solúvel substância teoria therapeutic tratamento urina wang água,A: ótico; B: funcional; C: cadeia; D: posição; E: geométrico
107,"Analisando a ficha técnica de um automóvel popular, verificam-se algumas
características em relação ao seu desempenho. Considerando o mesmo automóvel em
duas versões, uma delas funcionando a álcool e outra, a gasolina, tem-se os dados
apresentados no quadro, em relação ao desempenho de cada motor.
Considerando desprezível a resistência do ar, qual versão apresenta a maior potência?","A: Como a versão a gasolina consegue a maior aceleração, esta é a que desenvolve; B: Como a versão a gasolina atinge o maior valor de energia cinética, esta é a que; C: Como a versão a álcool apresenta a maior taxa de variação de energia cinética,; D: Como ambas as versões apresentam a mesma variação de velocidade no cálculo; E: Como a versão a gasolina fica com o motor trabalhando por mais tempo para",1.77374,C,2021,algumas analisando apresenta apresentados ar automóvel cada características considerando dados desempenho desprezível duas ficha funcionando gasolina maior motor outra popular potência quadro relação resistência técnica verificam versão versões álcool,A: aceleração consegue desenvolve gasolina maior versão; B: atinge cinética energia gasolina maior valor versão; C: apresenta cinética energia maior taxa variação versão álcool; D: ambas apresentam cálculo mesma variação velocidade versões; E: fica gasolina motor tempo trabalhando versão
108,"TEXTO I
No cordel intitulado Senhor dos Anéis, de autoria de Gonçalo Ferreira da Silva, lê-se
a sextilha:
A distância em relação
Ao nosso planeta amado
Pouco menos que a do Sol
Ele está distanciado
E menos denso que a água
Quando no normal estado
                               MEDEIROS, A.; AGRA, J. T. M., A astronomia na literatura de cordel,  
Física na Escola, n. 1, abr. 2010 (fragmento).
TEXTO II
Distâncias médias dos planetas ao Sol e suas densidades médias
Características dos planetas. Disponível em: www.astronoo.com. Acesso em: 8 nov. 2019 (adaptado).
Considerando os versos da sextilha e as informações da tabela, a qual planeta o cordel
faz referência?",A: Mercúrio.; B: Júpiter.; C: Urano.; D: Saturno.; E: Netuno.,0.71695,D,2021,abr acesso adaptado agra amado anéis astronomia astronoo autoria características considerando cordel densidades denso disponível distanciado distância distâncias escola estado faz ferreira fragmento física gonçalo i ii informações intitulado j literatura lê m medeiros menos médias n normal nov planeta planetas pouco referência relação senhor sextilha silva sol t tabela texto versos www água,A: mercúrio; B: júpiter; C: urano; D: saturno; E: netuno
109,"Cientistas da Universidade de New South Wales, na Austrália, demonstraram em
2012 que a Lei de Ohm é válida mesmo para fios finíssimos, cuja área da seção reta
compreende alguns poucos átomos. A tabela apresenta as áreas e comprimentos de
alguns dos fios construídos (respectivamente com as mesmas unidades de medida).
Considere que a resistividade mantém-se constante para todas as geometrias (uma
aproximação confirmada pelo estudo).
WEBER, S. B. et al. Ohm’s Law Survives to the Atomic Scale. Science, n. 335, jan. 2012 (adaptado).
As resistências elétricas dos fios, em ordem crescente, são",A: R1 < R2 < R3 < R4.; B: R2 < R1 < R3 < R4.; C: R2 < R3 < R1 < R4.; D: R4 < R1 < R3 < R2.; E: R4 < R3 < R2 < R1.,1.66716,C,2021,adaptado al alguns apresenta aproximação atomic austrália b cientistas compreende comprimentos confirmada considere constante construídos crescente cuja demonstraram elétricas estudo et finíssimos fios geometrias jan law lei mantém medida mesmas n new ohm ordem poucos resistividade resistências respectivamente reta s scale science seção south survives tabela the to todas unidades universidade válida wales weber área áreas átomos,A: ; B: ; C: ; D: ; E: 
110,"Organismos autótrofos e heterótrofos realizam processos complementares que
associam os ciclos do carbono e do oxigênio. O carbono fixado pela energia luminosa ou
a partir de compostos inorgânicos é eventualmente degradado pelos organismos,
resultando em fontes de carbono como metano ou gás carbônico. Ainda, outros
compostos orgânicos são catabolizados pelos seres, com menor rendimento energético,
produzindo compostos secundários (subprodutos) que podem funcionar como
combustíveis ambientais.
O processo metabólico associado à expressão combustíveis ambientais é a",A: fotossíntese.; B: fermentação.; C: quimiossíntese.; D: respiração aeróbica.; E: fosforilação oxidativa.,1.40589,B,2021,ainda ambientais associado associam autótrofos carbono carbônico catabolizados ciclos combustíveis complementares compostos degradado energia energético eventualmente expressão fixado fontes funcionar gás heterótrofos inorgânicos luminosa menor metabólico metano organismos orgânicos outros oxigênio partir podem processo processos produzindo realizam rendimento resultando secundários seres subprodutos,A: fotossíntese; B: fermentação; C: quimiossíntese; D: aeróbica respiração; E: fosforilação oxidativa
111,"Uma escola iniciou o processo educativo para implantação da coleta seletiva e
destino de materiais recicláveis. Para atingir seus objetivos, a instituição planejou:
1) sensibilizar a comunidade escolar, desenvolvendo atividades em sala e extraclasse
de maneira contínua;
2) capacitar o pessoal responsável pela limpeza da escola quanto aos novos
procedimentos adotados com a coleta seletiva; e
3) distribuir coletores de materiais recicláveis específicos nas salas, pátio e outros
ambientes para acondicionamento dos resíduos.
Para completar a ação proposta no ambiente escolar, o que falta ser inserido no
planejamento?","A: Realizar campanhas educativas de sensibilização em bairros vizinhos para; B: Firmar parceria com a prefeitura ou cooperativa de catadores para recolhimento; C: Organizar visitas ao lixão ou aterro local para identificar aspectos importantes; D: Divulgar na rádio local, no jornal impresso e nas redes sociais que a escola está; E: Colocar recipientes coletores de lixo reciclável fora da escola para entrega",0.30941,B,2021,acondicionamento adotados ambiente ambientes atingir atividades ação capacitar coleta coletores completar comunidade contínua desenvolvendo destino distribuir educativo escola escolar específicos extraclasse falta implantação iniciou inserido instituição limpeza maneira materiais novos objetivos outros pessoal planejamento planejou procedimentos processo proposta pátio quanto recicláveis responsável resíduos sala salas seletiva sensibilizar,A: bairros campanhas educativas realizar sensibilização vizinhos; B: catadores cooperativa firmar parceria prefeitura recolhimento; C: aspectos aterro identificar importantes lixão local organizar visitas; D: divulgar escola impresso jornal local redes rádio sociais; E: coletores colocar entrega escola lixo reciclável recipientes
112,"Os búfalos são animais considerados rústicos pelos criadores e, por isso, são
deixados no campo sem controle reprodutivo. Por causa desse tipo de criação, a
consanguinidade é favorecida, proporcionando o aparecimento de enfermidades, como o
albinismo, defeitos cardíacos, entre outros. Separar os animais de forma adequada
minimizaria a ocorrência desses problemas.
DAMÉ, M. C. F.; RIET-CORREA, F.; SCHILD, A. L. Pesq. Vet. Bras, n. 7, 2013 (adaptado).
Qual procedimento biotecnológico prévio é recomendado nessa situação?",A: Transgenia.; B: Terapia gênica.; C: Vacina de DNA.; D: Clonagem terapêutica.; E: Mapeamento genético.,-0.72714,E,2021,adaptado adequada albinismo animais aparecimento biotecnológico bras búfalos c campo cardíacos causa consanguinidade considerados controle correa criadores criação damé defeitos deixados desse desses enfermidades f favorecida forma l m minimizaria n nessa ocorrência outros pesq problemas procedimento proporcionando prévio recomendado reprodutivo riet rústicos schild separar situação tipo vet,A: transgenia; B: gênica terapia; C: dna vacina; D: clonagem terapêutica; E: genético mapeamento
113,"O ciclo do cobre é um experimento didático em que o cobre metálico é utilizado como
reagente de partida. Após uma sequência de reações (I, II, III, IV e V), o cobre retorna ao
seu estado inicial ao final do ciclo. 
A reação de redução do cobre ocorre na etapa",A: I.; B: II.; C: III.; D: IV.; E: V.,1.38461,E,2021,após ciclo cobre didático estado etapa experimento final i ii iii inicial iv metálico ocorre partida reagente reação reações redução retorna sequência utilizado v,A: i; B: ii; C: iii; D: iv; E: v
114,"Um dos exames clínicos mais tradicionais para medir a capacidade reflexa dos
indivíduos é o exame do reflexo patelar. Esse exame consiste na estimulação da patela,
um pequeno osso localizado na parte anterior da articulação do joelho, com um pequeno
martelo. A resposta reflexa ao estímulo é caracterizada pelo levantamento da perna em
que o estímulo foi aplicado.
Qual região específica do sistema nervoso coordena essa resposta?",A: Ponte.; B: Medula.; C: Cerebelo.; D: Hipotálamo.; E: Neuro-hipófise.,1.65732,B,2021,anterior aplicado articulação capacidade caracterizada clínicos consiste coordena específica estimulação estímulo exame exames indivíduos joelho levantamento localizado martelo medir nervoso osso parte patela patelar pequeno perna reflexa reflexo região resposta sistema tradicionais,A: ponte; B: medula; C: cerebelo; D: hipotálamo; E: hipófise neuro
115,"Na montagem de uma cozinha para um restaurante, a escolha do material correto
para as panelas é importante, pois a panela que conduz mais calor é capaz de cozinhar
os alimentos mais rapidamente e, com isso, há economia de gás. A taxa de condução do
calor depende da condutividade k do material, de sua área A, da diferença de temperatura
ΔT e da espessura d do material, sendo dada pela relação 
. Em panelas
com dois materiais, a taxa de condução é dada por 
, em que d  e d  são
as espessuras dos dois materiais, e k  e k  são as condutividades de cada material. Os
materiais mais comuns no mercado para panelas são o alumínio (k = 20 W/m K), o ferro
(k = 8 W/m K) e o aço (k = 5 W/m K) combinado com o cobre (k = 40 W/m K).
Compara-se uma panela de ferro, uma de alumínio e uma composta de 
 da
espessura em cobre e  da espessura em aço, todas com a mesma espessura total e
com a mesma área de fundo. 
A ordem crescente da mais econômica para a menos econômica é","A: cobre-aço, alumínio e ferro.; B: alumínio, cobre-aço e ferro.; C: cobre-aço, ferro e alumínio.; D: alumínio, ferro e cobre-aço.; E: ferro, alumínio e cobre-aço.",1.99105,B,2021,alimentos alumínio aço cada calor capaz cobre combinado compara composta comuns condutividade condutividades conduz condução correto cozinha cozinhar crescente d dada depende diferença dois economia econômica escolha espessura espessuras ferro fundo gás importante k m materiais material menos mercado mesma montagem ordem panela panelas pois rapidamente relação restaurante sendo taxa temperatura todas total w área,A: alumínio aço cobre ferro; B: alumínio aço cobre ferro; C: alumínio aço cobre ferro; D: alumínio aço cobre ferro; E: alumínio aço cobre ferro
116,"As águas subterrâneas têm sido contaminadas pelo uso de pesticidas na agricultura.
Entre as várias substâncias usualmente encontradas, algumas são apresentadas na
figura. A distinção dessas substâncias pode ser feita por meio de uma análise química
qualitativa, ou seja, determinando sua presença mediante a adição de um reagente
específico. O hidróxido de sódio é capaz de identificar a presença de um desses
pesticidas pela reação ácido-base de Brönsted-Lowry.
O teste positivo será observado com o pesticida",A: I.; B: II.; C: III.; D: IV.; E: V.,2.43316,C,2021,adição agricultura algumas análise apresentadas base brönsted capaz contaminadas dessas desses determinando distinção encontradas específico feita figura hidróxido identificar lowry mediante meio observado pesticida pesticidas pode positivo presença qualitativa química reagente reação sido substâncias subterrâneas sódio teste têm uso usualmente várias ácido águas,A: i; B: ii; C: iii; D: iv; E: v
117,"Com o aumento da população de suínos no Brasil, torna-se necessária a adoção de
métodos para reduzir o potencial poluidor dos resíduos dessa agroindústria, uma vez que,
comparativamente ao esgoto doméstico, os dejetos suínos são 200 vezes mais poluentes.
Sendo assim, a utilização desses resíduos como matéria-prima na obtenção de
combustíveis é uma alternativa que permite diversificar a matriz energética nacional, ao
mesmo tempo em que parte dos recursos hídricos do país são preservados.
BECK, A. M. Resíduos suínos como alternativa energética sustentável. XXVII Encontro Nacional de Engenharia de
Produção. Anais ENEGEP, Foz do Iguaçu, 2007 (adaptado).
O biocombustível a que se refere o texto é o",A: etanol.; B: biogás.; C: butano.; D: metanol.; E: biodiesel.,1.79781,B,2021,adaptado adoção agroindústria alternativa anais assim aumento beck biocombustível brasil combustíveis comparativamente dejetos dessa desses diversificar doméstico encontro enegep energética engenharia esgoto foz hídricos iguaçu m matriz matéria métodos nacional necessária obtenção parte país permite poluentes poluidor população potencial preservados prima produção recursos reduzir refere resíduos sendo sustentável suínos tempo texto torna utilização vez vezes xxvii,A: etanol; B: biogás; C: butano; D: metanol; E: biodiesel
118,"A curcumina, uma das substâncias que confere a cor alaranjada ao açafrão, pode
auxiliar no combate à dengue quando adicionada à água de criadouros do mosquito
transmissor. Essa substância acumula-se no intestino do inseto após ser ingerida com a
água do criadouro e, quando ativada pela luz, induz a produção de espécies reativas de
oxigênio que danificam de forma fatal o tecido do tubo digestório.
TOLEDO, K. Corante extraído do açafrão pode ser útil no combate à dengue. Disponível em:
http://agencia.fapesp.br. Acesso em: 25 abr. 2015 (adaptado).
A forma de combate relatada tem como atividade o(a)",A: morte do indivíduo adulto.; B: redução da eclosão dos ovos.; C: comprometimento da metamorfose.; D: impedimento do desenvolvimento da larva.; E: repelência da forma transmissora da doença.,,D,2021,abr acesso acumula adaptado adicionada agencia alaranjada após ativada atividade auxiliar açafrão br combate confere cor corante criadouro criadouros curcumina danificam dengue digestório disponível espécies extraído fapesp fatal forma http induz ingerida inseto intestino k luz mosquito oxigênio pode produção reativas relatada substância substâncias tecido toledo transmissor tubo água útil,A: adulto indivíduo morte; B: eclosão ovos redução; C: comprometimento metamorfose; D: desenvolvimento impedimento larva; E: doença forma repelência transmissora
119,"Com o objetivo de identificar a melhor espécie produtora de madeira para construção
(com resistência mecânica e à degradação), foram analisadas as estruturas anatômicas
de cinco espécies, conforme o quadro.
Qual espécie corresponde ao objetivo proposto?",A: 1; B: 2; C: 3; D: 4; E: 5,2.4095,A,2021,analisadas anatômicas cinco conforme construção corresponde degradação espécie espécies estruturas identificar madeira mecânica melhor objetivo produtora proposto quadro resistência,A: ; B: ; C: ; D: ; E: 
120,"No outono, as folhas das árvores mudam de cor, de verde para tons de amarelo,
castanho, laranja e vermelho. A cor verde das folhas deve-se ao pigmento clorofila. Nas
plantas de folhas caducas, a produção de clorofila diminui e o tom verde desvanece,
permitindo 
assim 
que 
outros 
pigmentos, 
como 
o 
caroteno, 
de 
coloração
amarelo-alaranjado, e a antocianina, de tons avermelhados, passem a dominar a
tonalidade das folhas. A coloração observada se dá em função da interação desses
pigmentos com a radiação solar.
Conforme apresentado no espectro de absorção, as moléculas de clorofila absorvem
a radiação solar nas regiões do azul e do vermelho, assim a luz refletida pelas folhas tem
falta desses dois tons e as vemos na cor verde. Já as antocianinas absorvem a luz desde
o azul até o verde. Nesse caso, a luz refletida pelas folhas que contêm antocianinas
aparece conforme as cores complementares, ou seja, vermelho-alaranjado.
Disponível em: https://vidauniversoydemas.wordpress.com. Acesso em: 6 dez. 2017 (adaptado).
Em qual faixa do espectro visível os carotenos absorvem majoritariamente?",A: Entre o violeta e o azul.; B: Entre o azul e o verde.; C: Entre o verde e o amarelo.; D: Entre o amarelo e o laranja.; E: Entre o laranja e o vermelho.,1.39005,A,2021,absorvem absorção acesso adaptado alaranjado amarelo antocianina antocianinas aparece apresentado assim avermelhados azul caducas caroteno carotenos caso castanho clorofila coloração complementares conforme contêm cor cores desde desses desvanece deve dez diminui disponível dois dominar dá espectro faixa falta folhas função https interação laranja luz majoritariamente moléculas mudam nesse observada outono outros passem permitindo pigmento pigmentos plantas produção radiação refletida regiões solar tom tonalidade tons vemos verde vermelho vidauniversoydemas visível wordpress árvores,A: azul violeta; B: azul verde; C: amarelo verde; D: amarelo laranja; E: laranja vermelho
121,"Entre 2014 e 2016, as regiões central e oeste da África sofreram uma grave epidemia
de febre hemorrágica causada pelo vírus ebola, que se manifesta em até 21 dias após a
infecção e cuja taxa de letalidade (enfermos que vão a óbito) pode chegar a 90%. Em
regiões de clima tropical e subtropical, um outro vírus também pode causar febre
hemorrágica: o vírus da dengue, que, embora tenha período de incubação menor (até
10 dias), apresenta taxa de letalidade abaixo de 1%.
Disponível em: www.who.int. Acesso em: 1 fev. 2017 (adaptado).
Segundo as informações do texto e aplicando princípios de evolução biológica às
relações do tipo patógeno-hospedeiro, qual dos dois vírus infecta seres humanos há mais
tempo?","A: Ebola, pois o maior período de incubação reflete duração mais longa do processo; B: Dengue, pois o menor período de incubação reflete duração mais longa do; C: Ebola, cuja alta letalidade indica maior eficiência do vírus em parasitar seus; D: Ebola,; E: Dengue, cuja baixa letalidade indica maior eficiência do vírus em parasitar seus",1.76469,E,2021,abaixo acesso adaptado aplicando apresenta após biológica causada causar central chegar clima cuja dengue dias disponível dois ebola embora enfermos epidemia evolução febre fev grave hemorrágica hospedeiro humanos incubação infecta infecção informações int letalidade manifesta menor oeste outro patógeno período pode princípios regiões relações segundo seres sofreram subtropical taxa tempo texto tipo tropical vão vírus who www áfrica óbito,A: duração ebola incubação longa maior período pois processo reflete; B: dengue duração incubação longa menor período pois reflete; C: alta cuja ebola eficiência indica letalidade maior parasitar vírus; D: ebola; E: baixa cuja dengue eficiência indica letalidade maior parasitar vírus
122,"A imagem apresenta as etapas do funcionamento de uma estação individual para
tratamento do esgoto residencial.
 
TAVARES, K. Estações de tratamento de esgoto individuais permitem a reutilização da água. Disponível em:
https://extra.globo.com. Acesso em: 18 nov. 2014 (adaptado).
Em qual etapa decanta-se o lodo a ser separado do esgoto residencial?",A: 1; B: 2; C: 3; D: 5; E: 6,0.67271,C,2021,acesso adaptado apresenta decanta disponível esgoto estação estações etapa etapas extra funcionamento globo https imagem individuais individual k lodo nov permitem residencial reutilização separado tavares tratamento água,A: ; B: ; C: ; D: ; E: 
123,"O plantio por estaquia é um método de propagação de plantas no qual partes de um
espécime são colocadas no solo para produzir novas gerações. Na floricultura, é comum
utilizar o caule das roseiras para estaquia, pois a propagação da planta é positiva em
razão da aplicação de auxinas na porção inferior do caule.
A utilização de auxinas no método de estaquia das roseiras contribui para",A: floração da planta.; B: produção de gemas laterais.; C: formação de folhas maiores.; D: formação de raízes adventícias.; E: produção de compostos energéticos.,1.72446,D,2021,aplicação auxinas caule colocadas comum contribui espécime estaquia floricultura gerações inferior método novas partes planta plantas plantio pois porção positiva produzir propagação razão roseiras solo utilizar utilização,A: floração planta; B: gemas laterais produção; C: folhas formação maiores; D: adventícias formação raízes; E: compostos energéticos produção
124,"O emprego de células de combustível a hidrogênio pode ser uma tecnologia
adequada ao transporte automotivo. O quadro apresenta características de cinco
tecnologias mais proeminentes de células de combustível.
Testes operacionais com esses tipos de células têm indicado que as melhores
alternativas para veículos são as que operam em baixos níveis de energia térmica, são
formadas por membranas de eletrólitos poliméricos e ocorrem em meio ácido.
THOMAS, S; ZALBOWITZ, M. Full cells: green power. Los Alamos National Laboratory. 
Los Alamos, NM, 1999 (adaptado).
A tecnologia testada mais adequada para o emprego em veículos automotivos é a célula
de combustível",A: AFC.; B: MSFC.; C: PEM.; D: PAFC.; E: SOFC.,0.59099,C,2021,adaptado adequada alamos alternativas apresenta automotivo automotivos baixos características cells cinco combustível célula células eletrólitos emprego energia formadas full green hidrogênio indicado laboratory los m meio melhores membranas national nm níveis ocorrem operacionais operam pode poliméricos power proeminentes quadro s tecnologia tecnologias testada testes thomas tipos transporte térmica têm veículos zalbowitz ácido,A: afc; B: msfc; C: pem; D: pafc; E: sofc
125,"Considere a tirinha, na situação em que a temperatura do ambiente é inferior à
temperatura corporal dos personagens.
WATTERSON, B. Disponível em: https://novaescola.org.br. Acesso em: 11 ago. 2014.
O incômodo mencionado pelo personagem da tirinha deve-se ao fato de que, em dias
úmidos,",A: a temperatura do vapor-d’água presente no ar é alta.; B: o suor apresenta maior dificuldade para evaporar do corpo.; C: a taxa de absorção de radiação pelo corpo torna-se maior.; D: o ar torna-se mau condutor e dificulta o processo de liberação de calor.; E: o vapor-d’água presente no ar condensa-se ao entrar em contato com a pele.,1.93672,B,2021,acesso ago ambiente b br considere corporal deve dias disponível fato https incômodo inferior mencionado novaescola org personagem personagens situação temperatura tirinha watterson úmidos,A: alta ar d presente temperatura vapor água; B: apresenta corpo dificuldade evaporar maior suor; C: absorção corpo maior radiação taxa torna; D: ar calor condutor dificulta liberação mau processo torna; E: ar condensa contato d entrar pele presente vapor água
126,"Um garoto precisa montar um circuito que acenda três lâmpadas de cores diferentes,
uma de cada vez. Ele dispõe das lâmpadas, de fios, uma bateria e dois interruptores,
como ilustrado, junto com seu símbolo de três pontos. Quando esse interruptor fecha AB,
abre BC e vice-versa.
O garoto fez cinco circuitos elétricos usando os dois interruptores, mas apenas um
satisfaz a sua necessidade.
Esse circuito é representado por",A: B; D: E,2.12158,D,2021,ab abre acenda apenas bateria bc cada cinco circuito circuitos cores diferentes dispõe dois elétricos fecha fez fios garoto ilustrado interruptor interruptores junto lâmpadas montar necessidade pontos precisa representado satisfaz símbolo três usando versa vez vice,A: b; D: 
127,"Estudo aponta que a extinção de preguiças-gigantes, cuja base da dieta eram frutos
e sementes, provocou impactos consideráveis na vegetação do Pantanal brasileiro.
A flora, embora não tenha desaparecido, tornou-se menos abundante que no passado,
além de ocupar áreas mais restritas.
BICUDO, F. Jardineiros da pesada. Ecologia. Pesquisa Fapesp, ed. 231, maio 2015 (adaptado).
O evento descrito com a flora ocorreu em razão da redução",A: da produção de flores.; B: do tamanho das plantas.; C: de fatores de disseminação das sementes.; D: da quantidade de sementes por fruto.; E: dos hábitats disponíveis para as plantas.,-0.23373,C,2021,abundante adaptado além aponta base bicudo brasileiro consideráveis cuja desaparecido descrito dieta ecologia ed embora estudo evento extinção f fapesp flora frutos gigantes impactos jardineiros maio menos ocorreu ocupar pantanal passado pesada pesquisa preguiças provocou razão redução restritas sementes tornou vegetação áreas,A: flores produção; B: plantas tamanho; C: disseminação fatores sementes; D: fruto quantidade sementes; E: disponíveis hábitats plantas
128,"Carros elétricos estão cada vez mais baratos, no entanto, os órgãos governamentais
e a indústria se preocupam com o tempo de recarga das baterias, que é muito mais lento
quando comparado ao tempo gasto para encher o tanque de combustível. Portanto, os
usuários de transporte individual precisam se conscientizar dos ganhos ambientais dessa
mudança e planejar com antecedência seus percursos, pensando em pausas necessárias
para recargas.
Após realizar um percurso de 110 km, um motorista pretende recarregar as baterias
de seu carro elétrico, que tem um desempenho médio de 5,0 km/kWh, usando um
carregador ideal que opera a uma tensão de 220 V e é percorrido por uma corrente de
20 A.
Quantas horas são necessárias para recarregar a energia utilizada nesse percurso?","A: 0,005; B: 0,125; C: 2,5; D: 5,0; E: 8,0",1.65567,D,2021,ambientais antecedência após baratos baterias cada carregador carro carros combustível comparado conscientizar corrente desempenho dessa elétrico elétricos encher energia entanto ganhos gasto governamentais horas ideal individual indústria km kwh lento motorista mudança médio necessárias nesse opera pausas pensando percorrido percurso percursos planejar portanto precisam preocupam pretende quantas realizar recarga recargas recarregar tanque tempo tensão transporte usando usuários utilizada v vez órgãos,A: ; B: ; C: ; D: ; E: 
129,"Nas angiospermas, além da fertilização da oosfera, existe uma segunda fertilização
que resulta num tecido triploide.
Essa segunda fertilização foi importante evolutivamente, pois viabilizou a formação de um
tecido de",A: nutrição para o fruto.; B: reserva para o embrião.; C: revestimento para a semente.; D: proteção para o megagametófito.; E: vascularização para a planta jovem.,1.87858,B,2021,além angiospermas evolutivamente existe fertilização formação importante oosfera pois resulta segunda tecido triploide viabilizou,A: fruto nutrição; B: embrião reserva; C: revestimento semente; D: megagametófito proteção; E: jovem planta vascularização
130,"Com o objetivo de proporcionar aroma e sabor a diversos alimentos, a indústria
alimentícia se utiliza de flavorizantes. Em geral, essas substâncias são ésteres, como as
apresentadas no quadro.
O aroma do flavorizante derivado do ácido etanoico e que apresenta cadeia carbônica
saturada é de",A: kiwi.; B: banana.; C: pêssego.; D: rum.; E: uva.,1.86924,B,2021,alimentos alimentícia apresenta apresentadas aroma cadeia carbônica derivado diversos etanoico flavorizante flavorizantes geral indústria objetivo proporcionar quadro sabor saturada substâncias utiliza ácido ésteres,A: kiwi; B: banana; C: pêssego; D: rum; E: uva
131,"O eletrocardiograma é um exame cardíaco que mede a intensidade dos sinais
elétricos advindos do coração. A imagem apresenta o resultado típico obtido em um
paciente saudável e a intensidade do sinal (V
) em função do tempo.
De acordo com o eletrocardiograma apresentado, qual foi o número de batimentos
cardíacos por minuto desse paciente durante o exame?
EC",A: 30; B: 60; C: 100; D: 120; E: 180,1.23172,B,2021,acordo advindos apresenta apresentado batimentos cardíaco cardíacos coração desse durante ec eletrocardiograma elétricos exame função imagem intensidade mede minuto número obtido paciente resultado saudável sinais sinal tempo típico v,A: ; B: ; C: ; D: ; E: 
132,"A deficiência de lipase ácida lisossômica é uma doença hereditária associada a um
gene do cromossomo 10. Os pais dos pacientes podem não saber que são portadores
dos genes da doença até o nascimento do primeiro filho afetado. Quando ambos os
progenitores são portadores, existe uma chance, em quatro, de que seu bebê possa
nascer com essa doença.
ANDERSON, R. A. et. al. In: Situ Localization of the Genetic Locus Encoding the Lysosomal 
Acid Lipase/Cholesteryl Esterase (LIPA) Deficient in Wolman Disease to 
Chromosome 10q23.2-q23.3. Genomics, n. 1, jan. 1993 (adaptado).
Essa é uma doença hereditária de caráter",A: recessivo.; B: dominante.; C: codominante.; D: poligênico.; E: polialélico.,0.44934,A,2021,acid adaptado afetado al ambos anderson associada bebê caráter chance cholesteryl chromosome cromossomo deficient deficiência disease doença encoding esterase et existe filho gene genes genetic genomics hereditária in jan lipa lipase lisossômica localization locus lysosomal n nascer nascimento of pacientes pais podem portadores possa primeiro progenitores quatro r saber situ the to wolman ácida,A: recessivo; B: dominante; C: codominante; D: poligênico; E: polialélico
133,"O quadro lista alguns dispositivos eletrônicos que estão presentes no dia a dia, bem
como a faixa de força eletromotriz necessária ao seu funcionamento.
 
Considere que uma bateria é construída pela associação em série de três pilhas de
lítio-iodo, nas condições-padrão, conforme as semiequações de redução apresentadas.
Essa bateria é adequada para o funcionamento de qual dispositivo eletrônico?",A: I; B: II; C: III; D: IV; E: V,1.96749,D,2021,adequada alguns apresentadas associação bateria bem condições conforme considere construída dia dispositivo dispositivos eletromotriz eletrônico eletrônicos faixa força funcionamento iodo lista lítio necessária padrão pilhas presentes quadro redução semiequações série três,A: i; B: ii; C: iii; D: iv; E: v
134,"O alcoolômetro Gay Lussac é um instrumento destinado a medir o teor de álcool, em
porcentagem de volume (v/v), de soluções de água e álcool na faixa de 0 °GL a 100 °GL,
com divisões de 0,1 °GL. A concepção do alcoolômetro se baseia no princípio de
flutuabilidade de Arquimedes, semelhante ao funcionamento de um densímetro. A escala
do instrumento é aferida a 20 °C, sendo necessária a correção da medida, caso a
temperatura da solução não esteja na temperatura de aferição. É apresentada parte da
tabela de correção de um alcoolômetro, com a temperatura.
Manual alcoolômetro Gay Lussac. Disponível em: www.incoterm.com.br. 
Acesso em: 4 dez. 2018 (adaptado).
É necessária a correção da medida do instrumento, pois um aumento na temperatura
promove o(a)",A: aumento da dissociação da água.; B: aumento da densidade da água e do álcool.; C: mudança do volume dos materiais por dilatação.; D: aumento da concentração de álcool durante a medida.; E: alteração das propriedades químicas da mistura álcool e água.,1.40697,C,2021,acesso adaptado aferida aferição alcoolômetro apresentada arquimedes aumento baseia br c caso concepção correção densímetro destinado dez disponível divisões escala faixa flutuabilidade funcionamento gay gl incoterm instrumento lussac manual medida medir necessária parte pois porcentagem princípio promove semelhante sendo solução soluções tabela temperatura teor v volume www água álcool,A: aumento dissociação água; B: aumento densidade água álcool; C: dilatação materiais mudança volume; D: aumento concentração durante medida álcool; E: alteração mistura propriedades químicas água álcool
135,"O Prêmio Nobel de Química de 2000 deveu-se à descoberta e ao desenvolvimento
de polímeros condutores. Esses materiais têm ampla aplicação em novos dispositivos
eletroluminescentes (LEDs), células fotovoltaicas etc. Uma propriedade-chave de um
polímero condutor é a presença de ligações duplas conjugadas ao longo da cadeia
principal do polímero.
ROCHA FILHO, R. C. Polímeros condutores: descoberta e aplicações. 
Química Nova na Escola, n. 12, 2000 (adaptado).
Um exemplo desse polímero é representado pela estrutura",A: B; C: D,1.53283,D,2021,adaptado ampla aplicação aplicações c cadeia chave condutor condutores conjugadas células descoberta desenvolvimento desse deveu dispositivos duplas eletroluminescentes escola estrutura etc exemplo filho fotovoltaicas leds ligações longo materiais n nobel nova novos polímero polímeros presença principal propriedade prêmio química r representado rocha têm,A: b; C: d
46,"A vacina, o soro e os antibióticos submetem os organismos a processos biológicos diferentes. Pessoas que viajam para regiões em que ocorrem altas incidências de febre amarela, de picadas de cobras peçonhentas e de leptospirose e querem evitar ou tratar problemas de saúde relacionados a essas ocorrências devem seguir determinadas orientações. Ao procurar um posto de saúde, um viajante deveria ser orientado por um médico a tomar preventivamente ou como medida de tratamento","A: antibiótico contra o vírus da febre amarela, soro antiofídico caso seja picado por uma cobra e vacina contra a leptospirose.; B: vacina contra o vírus da febre amarela, soro antiofídico caso seja picado por uma cobra e antibiótico caso entre em contato com a Leptospira sp.; C: soro contra o vírus da febre amarela, antibiótico caso seja picado por uma cobra e soro contra toxinas bacterianas.; D: antibiótico ou soro, tanto contra o vírus da febre amarela como para veneno de cobras, e vacina contra a leptospirose.; E: soro antiofídico e antibiótico contra a Leptospira sp e vacina contra a febre amarela caso entre em contato com o vírus causador da doença.",-0.19844,B,2010,altas amarela antibióticos biológicos cobras determinadas devem deveria diferentes evitar febre incidências leptospirose medida médico ocorrem ocorrências organismos orientado orientações pessoas peçonhentas picadas posto preventivamente problemas processos procurar querem regiões relacionados saúde seguir soro submetem tomar tratamento tratar vacina viajam viajante,A: amarela antibiótico antiofídico caso cobra contra febre leptospirose picado soro vacina vírus; B: amarela antibiótico antiofídico caso cobra contato contra febre leptospira picado soro sp vacina vírus; C: amarela antibiótico bacterianas caso cobra contra febre picado soro toxinas vírus; D: amarela antibiótico cobras contra febre leptospirose soro tanto vacina veneno vírus; E: amarela antibiótico antiofídico caso causador contato contra doença febre leptospira soro sp vacina vírus
47,"As ondas eletromagnéticas, como a luz visível e as ondas de rádio, viajam em linha reta em um meio homogêneo. Então, as ondas de rádio emitidas na região litorânea do Brasil não alcançariam a região amazônica do Brasil por causa da curvatura da Terra. Entretanto sabemos que é possível transmitir ondas de rádio entre essas localidades devido à ionosfera. Com a ajuda da ionosfera, a transmissão de ondas planas entre o litoral do Brasil e a região amazônica é possível por meio da",A: reflexão.; B: refração.; C: difração.; D: polarização.; E: interferência,1.59673,A,2010,ajuda alcançariam amazônica brasil causa curvatura devido eletromagnéticas emitidas entretanto então homogêneo ionosfera linha litoral litorânea localidades luz meio ondas planas possível região reta rádio sabemos terra transmissão transmitir viajam visível,A: reflexão; B: refração; C: difração; D: polarização; E: interferência
48,"Todo carro possui uma caixa de fusíveis, que são utilizados para proteção dos circuitos elétricos. Os fusíveis são constituídos de um material de baixo ponto de fusão, como o estanho, por exemplo, e se fundem quando percorridos por uma corrente elétrica igual ou maior do que aquela que são capazes de suportar. O quadro a seguir mostra uma série de fusíveis e os valores de corrente por eles suportados. Fusível Corrente Elétrica (A) Azul 1,5 Amarelo 2,5 Laranja 5,0 Preto 7,5 Vermelho 10,0 Um farol usa uma lâmpada de gás halogênio de 55 W de potência que opera com 36 V. Os dois faróis são ligados separadamente, com um fusível para cada um, mas, após um mau funcionamento, o motorista passou a conectá-los em paralelo, usando apenas um fusível. Dessa forma, admitindo-se que a fiação suporte a carga dos dois faróis, o menor valor de fusível adequado para proteção desse novo circuito é o",A: azul.; B: preto.; C: laranja.; D: amarelo.; E: vermelho.,1.69985,C,2010,adequado admitindo amarelo apenas após azul baixo cada caixa capazes carga carro circuito circuitos conectá constituídos corrente dessa desse dois elétrica elétricos estanho exemplo farol faróis fiação forma funcionamento fundem fusão fusíveis fusível gás halogênio igual laranja ligados los lâmpada maior material mau menor mostra motorista novo opera paralelo passou percorridos ponto possui potência preto proteção quadro seguir separadamente suportados suportar suporte série todo usa usando utilizados v valor valores vermelho w,A: azul; B: preto; C: laranja; D: amarelo; E: vermelho
49,"A cárie dental resulta da atividade de bactérias que degradam os açúcares e os transformam em ácidos que corroem a porção mineralizada dos dentes. O flúor, juntamente com o cálcio e um açúcar chamado xilitol, agem inibindo esse processo. Quando não se escovam os dentes corretamente e neles acumulam-se restos de alimentos, as bactérias que vivem na boca aderem aos dentes, formando a placa bacteriana ou biofilme. Na placa, elas transformam o açúcar dos restos de alimentos em ácidos, que corroem o esmalte do dente formando uma cavidade, que é a cárie. Vale lembrar que a placa bacteriana se forma mesmo na ausência de ingestão de carboidratos fermentáveis, pois as bactérias possuem polissacarídeos intracelulares de reserva. cárie 1. destruição de um osso por corrosão progressiva. * cárie dentária: efeito da destruição da estrutura dentária por bactérias. A partir da leitura do texto, que discute as causas do aparecimento de cáries, e da sua relação com as informações do dicionário, conclui-se que a cárie dental resulta, principalmente, de","A: falta de flúor e de cálcio na alimentação diária da população brasileira.; B: consumo exagerado do xilitol, um açúcar, na dieta alimentar diária do indivíduo.; C: redução na proliferação bacteriana quando a saliva é desbalanceada pela má alimentação.; D: uso exagerado do flúor, um agente que em alta quantidade torna-se tóxico à formação dos dentes.; E: consumo excessivo de açúcares na alimentação e má higienização bucal, que contribuem para a proliferação de bactérias.",-1.05106,E,2010,acumulam aderem agem alimentos aparecimento atividade ausência açúcar açúcares bacteriana bactérias biofilme boca carboidratos causas cavidade chamado conclui corretamente corroem corrosão cálcio cárie cáries degradam dental dente dentes dentária destruição dicionário discute efeito escovam esmalte estrutura fermentáveis flúor forma formando informações ingestão inibindo intracelulares juntamente leitura lembrar mineralizada neles osso partir placa pois polissacarídeos porção possuem principalmente processo progressiva relação reserva restos resulta texto transformam vale vivem xilitol ácidos,A: alimentação brasileira cálcio diária falta flúor população; B: alimentar açúcar consumo dieta diária exagerado indivíduo xilitol; C: alimentação bacteriana desbalanceada má proliferação redução saliva; D: agente alta dentes exagerado flúor formação quantidade torna tóxico uso; E: alimentação açúcares bactérias bucal consumo contribuem excessivo higienização má proliferação
50,"Em nosso cotidiano, utilizamos as palavras “calor” e “temperatura” de forma diferente de como elas são usadas no meio científico. Na linguagem corrente, calor é identificado como “algo quente” e temperatura mede a “quantidade de calor de um corpo”. Esses significados, no entanto, não conseguem explicar diversas situações que podem ser verificadas na prática. Do ponto de vista científico, que situação prática mostra a limitação dos conceitos corriqueiros de calor e temperatura?",A: A temperatura da água pode ficar constante durante o tempo em que estiver fervendo.; B: Uma mãe coloca a mão na água da banheira do bebê para verificar a temperatura da água.; C: A chama de um fogão pode ser usada para aumentar a temperatura da água em uma panela.; D: A água quente que está em uma caneca é passada para outra caneca a fim de diminuir sua temperatura.; E: Um forno pode fornecer calor para uma vasilha de água que está em seu interior com menor temperatura do que a dele.,2.22673,A,2010,algo calor científico conceitos conseguem corpo corrente corriqueiros cotidiano diferente diversas entanto explicar forma identificado limitação linguagem mede meio mostra palavras podem ponto prática quantidade quente significados situação situações temperatura usadas utilizamos verificadas vista,A: constante durante fervendo ficar pode temperatura tempo água; B: banheira bebê coloca mãe mão temperatura verificar água; C: aumentar chama fogão panela pode temperatura usada água; D: caneca diminuir fim outra passada quente temperatura água; E: calor fornecer forno interior menor pode temperatura vasilha água
51,"O texto “O vôo das Folhas” traz uma visão dos índios Ticunas para um fenômeno usualmente observado na natureza: O vôo das Folhas Com o vento as folhas se movimentam. E quando caem no chão ficam paradas em silêncio. Assim se forma o ngaura. O ngaura cobre o chão da floresta, enriquece a terra e alimenta as árvores.] As folhas velhas morrem para ajudar o crescimento das folhas novas.] Dentro do ngaura vivem aranhas, formigas, escorpiões, centopeias, minhocas, cogumelos e vários tipos de outros seres muito pequenos.] As folhas também caem nos lagos, nos igarapés e igapós. A natureza segundo os Ticunas/Livro das Árvores. Organização Geral dos Professores Bilíngues Ticunas, 2000. Na visão dos índios Ticunas, a descrição sobre o ngaura permite classificá-lo como um produto diretamente relacionado ao ciclo",A: da água.; B: do oxigênio.; C: do fósforo.; D: do carbono.; E: do nitrogênio,1.65221,D,2010,ajudar alimenta aranhas assim bilíngues caem centopeias chão ciclo classificá cobre cogumelos crescimento dentro descrição diretamente enriquece escorpiões fenômeno ficam floresta folhas forma formigas geral igapós igarapés lagos livro lo minhocas morrem movimentam natureza ngaura novas observado organização outros paradas pequenos permite produto professores relacionado segundo seres silêncio sobre terra texto ticunas tipos traz usualmente velhas vento visão vivem vários vôo árvores índios,A: água; B: oxigênio; C: fósforo; D: carbono; E: nitrogênio
52,"Com o objetivo de se testar a eficiência de fornos de micro-ondas, planejou-se o aquecimento em 10 ºC de amostras de diferentes substâncias, cada uma com determinada massa, em cinco fornos de marcas distintas. Nesse teste, cada forno operou à potência máxima. O forno mais eficiente foi aquele que",A: forneceu a maior quantidade de energia às amostras.; B: cedeu energia à amostra de maior massa em mais tempo.; C: forneceu a maior quantidade de energia em menos tempo.; D: cedeu energia à amostra de menor calor específico mais lentamente.; E: forneceu a menor quantidade de energia às amostras em menos tempo.,-0.67482,C,2010,amostras aquecimento cada cinco determinada diferentes distintas eficiente eficiência forno fornos marcas massa micro máxima nesse objetivo ondas operou planejou potência substâncias testar teste,A: amostras energia forneceu maior quantidade; B: amostra cedeu energia maior massa tempo; C: energia forneceu maior menos quantidade tempo; D: amostra calor cedeu energia específico lentamente menor; E: amostras energia forneceu menor menos quantidade tempo
53,"O fósforo, geralmente representado pelo íon de fosfato ( ), é um ingrediente insubstituível da vida, já que é parte constituinte das membranas celulares e das moléculas do DNA e do trifosfato de adenosina (ATP), principal forma de armazenamento de energia das células. O fósforo utilizado nos fertilizantes agrícolas é extraído de minas, cujas reservas estão cada vez mais escassas. Certas práticas agrícolas aceleram a erosão do solo, provocando o transporte de fósforo para sistemas aquáticos, que fica imobilizado nas rochas. Ainda, a colheita das lavouras e o transporte dos restos alimentares para os lixões diminuem a disponibilidade dos íons no solo. Tais fatores têm ameaçado a sustentabilidade desse íon. Uma medida que amenizaria esse problema seria:","A: Incentivar a reciclagem de resíduos biológicos, utilizando dejetos animais e restos de culturas para produção de adubo.; B: Repor o estoque retirado das minas com um íon sintético de fósforo para garantir o abastecimento da indústria de fertilizantes.; C: Aumentar a importação de íons fosfato dos países ricos para suprir as exigências das indústrias nacionais de fertilizantes.; D: Substituir o fósforo dos fertilizantes por outro elemento com a mesma função para suprir as necessidades do uso de seus íons.; E: Proibir, por meio de lei federal, o uso de fertilizantes com fósforo pelos agricultores, para diminuir sua extração das reservas naturais.",0.76122,A,2010,aceleram adenosina agrícolas ainda alimentares ameaçado amenizaria aquáticos armazenamento atp cada celulares certas colheita constituinte cujas células desse diminuem disponibilidade dna energia erosão escassas extraído fatores fertilizantes fica forma fosfato fósforo geralmente imobilizado ingrediente insubstituível lavouras lixões medida membranas minas moléculas parte principal problema provocando práticas representado reservas restos rochas sistemas solo sustentabilidade tais transporte trifosfato têm utilizado vez vida íon íons,A: adubo animais biológicos culturas dejetos incentivar produção reciclagem restos resíduos utilizando; B: abastecimento estoque fertilizantes fósforo garantir indústria minas repor retirado sintético íon; C: aumentar exigências fertilizantes fosfato importação indústrias nacionais países ricos suprir íons; D: elemento fertilizantes função fósforo mesma necessidades outro substituir suprir uso íons; E: agricultores diminuir extração federal fertilizantes fósforo lei meio naturais proibir reservas uso
54,"Júpiter, conhecido como o gigante gasoso, perdeu uma das suas listras mais proeminentes, deixando o seu hemisfério sul estranhamente vazio. Observe a região em que a faixa sumiu, destacada pela seta. Disponível em: http://www.inovacaotecnologica.com.br. Acesso em: 12 maio 2010 (adaptado). A aparência de Júpiter é tipicamente marcada por duas faixas escuras em sua atmosfera — uma no hemisfério norte e outra no hemisfério sul. Como o gás está constantemente em movimento, o desaparecimento da faixa no planeta relaciona-se ao movimento das diversas camadas de nuvens em sua atmosfera. A luz do Sol, refletida nessas nuvens, gera a imagem que é captada pelos telescópios, no espaço ou na Terra. O desaparecimento da faixa sul pode ter sido determinado por uma alteração",A: na temperatura da superfície do planeta.; B: no formato da camada gasosa do planeta.; C: no campo gravitacional gerado pelo planeta.; D: na composição química das nuvens do planeta.; E: na densidade das nuvens que compõem o planeta.,1.41425,E,2010,acesso adaptado alteração aparência atmosfera br camadas captada conhecido constantemente deixando desaparecimento destacada determinado disponível diversas duas escuras espaço estranhamente faixa faixas gasoso gera gigante gás hemisfério http imagem inovacaotecnologica júpiter listras luz maio marcada movimento nessas norte nuvens observe outra perdeu planeta pode proeminentes refletida região relaciona seta sido sol sul sumiu telescópios ter terra tipicamente vazio www,A: planeta superfície temperatura; B: camada formato gasosa planeta; C: campo gerado gravitacional planeta; D: composição nuvens planeta química; E: compõem densidade nuvens planeta
55,"Em visita a uma usina sucroalcooleira, um grupo de alunos pôde observar a série de processos de beneficiamento da cana-de-açúcar, entre os quais se destacam: 1. A cana chega cortada da lavoura por meio de caminhões e é despejada em mesas alimentadoras que a conduzem para as moendas. Antes de ser esmagada para a retirada do caldo açucarado, toda a cana é transportada por esteiras e passada por um eletroimã para a retirada de materiais metálicos. 2. Após se esmagar a cana, o bagaço segue para as caldeiras, que geram vapor e energia para toda a usina. 3. O caldo primário, resultante do esmagamento, é passado por filtros e sofre tratamento para transformar-se em açúcar refinado e etanol. Com base nos destaques da observação dos alunos, quais operações físicas de separação de materiais foram realizadas nas etapas de beneficiamento da canade-açúcar?","A: Separação mecânica, extração, decantação.; B: Separação magnética, combustão, filtração.; C: Separação magnética, extração, filtração.; D: Imantação, combustão, peneiração.; E: Imantação, destilação, filtração.",,C,2010,alimentadoras alunos antes após açucarado açúcar bagaço base beneficiamento caldeiras caldo caminhões cana canade chega conduzem cortada despejada destacam destaques eletroimã energia esmagada esmagamento esmagar esteiras etanol etapas filtros físicas geram grupo lavoura materiais meio mesas metálicos moendas observar observação operações passada passado primário processos pôde quais realizadas refinado resultante retirada segue separação sofre sucroalcooleira série toda transformar transportada tratamento usina vapor visita,A: decantação extração mecânica separação; B: combustão filtração magnética separação; C: extração filtração magnética separação; D: combustão imantação peneiração; E: destilação filtração imantação
56,"A fonte de energia representada na figura, considerada uma das mais limpas e sustentáveis do mundo, é extraída do calor gerado",A: pela circulação do magma no subsolo.; B: pelas erupções constantes dos vulcões.; C: pelo sol que aquece as águas com radiação ultravioleta.; D: pela queima do carvão e combustíveis fósseis.; E: pelos detritos e cinzas vulcânicas.,-0.20791,A,2010,calor considerada energia extraída figura fonte gerado limpas mundo representada sustentáveis,A: circulação magma subsolo; B: constantes erupções vulcões; C: aquece radiação sol ultravioleta águas; D: carvão combustíveis fósseis queima; E: cinzas detritos vulcânicas
57,"O despejo de dejetos de esgotos domésticos e industriais vem causando sérios problemas aos rios brasileiros. Esses poluentes são ricos em substâncias que contribuem para a eutrofização de ecossistemas, que é um enriquecimento da água por nutrientes, o que provoca um grande crescimento bacteriano e, por fim, pode promover escassez de oxigênio. Uma maneira de evitar a diminuição da concentração de oxigênio no ambiente é:",A: Aquecer as águas dos rios para aumentar a velocidade de decomposição dos dejetos.; B: Retirar do esgoto os materiais ricos em nutrientes para diminuir a sua concentração nos rios.; C: Adicionar bactérias anaeróbicas às águas dos rios para que elas sobrevivam mesmo sem o oxigênio.; D: Substituir produtos não degradáveis por biodegradáveis para que as bactérias possam utilizar os nutrientes.; E: Aumentar a solubilidade dos dejetos no esgoto para que os nutrientes fiquem mais acessíveis às bactérias.,0.9479,B,2010,ambiente bacteriano brasileiros causando concentração contribuem crescimento dejetos despejo diminuição domésticos ecossistemas enriquecimento escassez esgotos eutrofização evitar fim grande industriais maneira nutrientes oxigênio pode poluentes problemas promover provoca ricos rios substâncias sérios vem água,A: aquecer aumentar decomposição dejetos rios velocidade águas; B: concentração diminuir esgoto materiais nutrientes retirar ricos rios; C: adicionar anaeróbicas bactérias oxigênio rios sobrevivam águas; D: bactérias biodegradáveis degradáveis nutrientes possam produtos substituir utilizar; E: acessíveis aumentar bactérias dejetos esgoto fiquem nutrientes solubilidade
58,"Sob pressão normal (ao nível do mar), a água entra em ebulição à temperatura de 100 o C. Tendo por base essa informação, um garoto residente em uma cidade litorânea fez a seguinte experiência: • Colocou uma caneca metálica contendo água no fogareiro do fogão de sua casa. • Quando a água começou a ferver, encostou cuidadosamente a extremidade mais estreita de uma seringa de injeção, desprovida de agulha, na superfície do líquido e, erguendo o êmbolo da seringa, aspirou certa quantidade de água para seu interior, tapando-a em seguida. • Verificando após alguns instantes que a água da seringa havia parado de ferver, ele ergueu o êmbolo da seringa, constatando, intrigado, que a água voltou a ferver após um pequeno deslocamento do êmbolo. Considerando o procedimento anterior, a água volta a ferver porque esse deslocamento","A: permite a entrada de calor do ambiente externo para o interior da seringa.; B: provoca, por atrito, um aquecimento da água contida na seringa.; C: produz um aumento de volume que aumenta o ponto de ebulição da água.; D: proporciona uma queda de pressão no interior da seringa que diminui o ponto de ebulição da água.; E: possibilita uma diminuição da densidade da água que facilita sua ebulição.",0.64308,D,2010,agulha alguns anterior após aspirou base c caneca casa certa cidade colocou começou considerando constatando contendo cuidadosamente deslocamento desprovida ebulição encostou entra erguendo ergueu estreita experiência extremidade ferver fez fogareiro fogão garoto havia informação injeção instantes interior intrigado litorânea líquido mar metálica normal nível parado pequeno porque pressão procedimento quantidade residente seguida seguinte seringa sob superfície tapando temperatura tendo verificando volta voltou água êmbolo,A: ambiente calor entrada externo interior permite seringa; B: aquecimento atrito contida provoca seringa água; C: aumenta aumento ebulição ponto produz volume água; D: diminui ebulição interior ponto pressão proporciona queda seringa água; E: densidade diminuição ebulição facilita possibilita água
59,"As cidades industrializadas produzem grandes proporções de gases como o CO2 , o principal gás causador do efeito estufa. Isso ocorre por causa da quantidade de combustíveis fósseis queimados, principalmente no transporte, mas também em caldeiras industriais. Além disso, nessas cidades concentram-se as maiores áreas com solos asfaltados e concretados, o que aumenta a retenção de calor, formando o que se conhece por “ilhas de calor”. Tal fenômeno ocorre porque esses materiais absorvem o calor e o devolvem para o ar sob a forma de radiação térmica. Em áreas urbanas, devido à atuação conjunta do efeito estufa e das “ilhas de calor”, espera-se que o consumo de energia elétrica",A: diminua devido à utilização de caldeiras por indústrias metalúrgicas.; B: aumente devido ao bloqueio da luz do sol pelos gases do efeito estufa.; C: diminua devido à não necessidade de aquecer a água utilizada em indústrias.; D: aumente devido à necessidade de maior refrigeração de indústrias e residências.; E: diminua devido à grande quantidade de radiação térmica reutilizada.,0.03807,D,2010,absorvem além ar asfaltados atuação aumenta caldeiras calor causa causador cidades combustíveis concentram concretados conhece conjunta consumo devido devolvem disso efeito elétrica energia espera estufa fenômeno forma formando fósseis gases grandes gás ilhas industriais industrializadas maiores materiais nessas ocorre porque principal principalmente produzem proporções quantidade queimados radiação retenção sob solos tal transporte térmica urbanas áreas,A: caldeiras devido diminua indústrias metalúrgicas utilização; B: aumente bloqueio devido efeito estufa gases luz sol; C: aquecer devido diminua indústrias necessidade utilizada água; D: aumente devido indústrias maior necessidade refrigeração residências; E: devido diminua grande quantidade radiação reutilizada térmica
60,"A lavoura arrozeira na planície costeira da região sul do Brasil comumente sofre perdas elevadas devido à salinização da água de irrigação, que ocasiona prejuízos diretos, como a redução de produção da lavoura. Solos com processo de salinização avançado não são indicados, por exemplo, para o cultivo de arroz. As plantas retiram a água do solo quando as forças de embebição dos tecidos das raízes são superiores às forças com que a água é retida no solo. A presença de sais na solução do solo faz com que seja dificultada a absorção de água pelas plantas, o que provoca o fenômeno conhecido por seca fisiológica, caracterizado pelo(a)","A: aumento da salinidade, em que a água do solo atinge uma concentração de sais maior que a das células das raízes das plantas, impedindo, assim, que a água seja absorvida.; B: aumento da salinidade, em que o solo atinge um nível muito baixo de água, e as plantas não têm força de sucção para absorver a água.; C: diminuição da salinidade, que atinge um nível em que as plantas não têm força de sucção, fazendo com que a água não seja absorvida.; D: aumento da salinidade, que atinge um nível em que as plantas têm muita sudação, não tendo força de sucção para superá-la.; E: diminuição da salinidade, que atinge um nível em que as plantas ficam túrgidas e não têm força de sudação para superá-la.",0.50663,A,2010,absorção arroz arrozeira avançado brasil caracterizado comumente conhecido costeira cultivo devido dificultada diretos elevadas embebição exemplo faz fenômeno fisiológica forças indicados irrigação lavoura ocasiona perdas plantas planície prejuízos presença processo produção provoca raízes redução região retida retiram sais salinização seca sofre solo solos solução sul superiores tecidos água,A: absorvida assim atinge aumento concentração células impedindo maior plantas raízes sais salinidade solo água; B: absorver atinge aumento baixo força nível plantas salinidade solo sucção têm água; C: absorvida atinge diminuição fazendo força nível plantas salinidade sucção têm água; D: atinge aumento força la muita nível plantas salinidade sucção sudação superá tendo têm; E: atinge diminuição ficam força la nível plantas salinidade sudação superá têm túrgidas
61,"No ano de 2000, um vazamento em dutos de óleo na baía de Guanabara (RJ) causou um dos maiores acidentes ambientais do Brasil. Além de afetar a fauna e a flora, o acidente abalou o equilíbrio da cadeia alimentar de toda a baía. O petróleo forma uma película na superfície da água, o que prejudica as trocas gasosas da atmosfera com a água e desfavorece a realização de fotossíntese pelas algas, que estão na base da cadeia alimentar hídrica. Além disso, o derramamento de óleo contribuiu para o envenenamento das árvores e, consequentemente, para a intoxicação da fauna e flora aquáticas, bem como conduziu à morte diversas espécies de animais, entre outras formas de vida, afetando também a atividade pesqueira. A situação exposta no texto e suas implicações","A: indicam a independência da espécie humana com relação ao ambiente marinho.; B: alertam para a necessidade do controle da poluição ambiental para redução do efeito estufa.; C: ilustram a interdependência das diversas formas de vida (animal, vegetal e outras) e o seu habitat.; D: indicam a alta resistência do meio ambiente à ação do homem, além de evidenciar a sua sustentabilidade mesmo em condições extremas de poluição.; E: evidenciam a grande capacidade animal de se adaptar às mudanças ambientais, em contraste com a baixa capacidade das espécies vegetais, que estão na base da cadeia alimentar hídrica.",0.58856,C,2010,abalou acidente acidentes afetando afetar algas alimentar além ambientais animais ano aquáticas atividade atmosfera base baía bem brasil cadeia causou conduziu consequentemente contribuiu derramamento desfavorece disso diversas dutos envenenamento equilíbrio espécies exposta fauna flora forma formas fotossíntese gasosas guanabara hídrica implicações intoxicação maiores morte outras película pesqueira petróleo prejudica realização rj situação superfície texto toda trocas vazamento vida água árvores óleo,A: ambiente espécie humana independência indicam marinho relação; B: alertam ambiental controle efeito estufa necessidade poluição redução; C: animal diversas formas habitat ilustram interdependência outras vegetal vida; D: alta além ambiente ação condições evidenciar extremas homem indicam meio poluição resistência sustentabilidade; E: adaptar alimentar ambientais animal baixa base cadeia capacidade contraste espécies evidenciam grande hídrica mudanças vegetais
62,"Para explicar a absorção de nutrientes, bem como a função das microvilosidades das membranas das células que revestem as paredes internas do intestino delgado, um estudante realizou o seguinte experimento: Colocou 200 mℓ de água em dois recipientes. No primeiro recipiente, mergulhou, por 5 segundos, um pedaço de papel liso, como na FIGURA 1; no segundo recipiente, fez o mesmo com um pedaço de papel com dobras simulando as microvilosidades, conforme FIGURA 2. Os dados obtidos foram: a quantidade de água absorvida pelo papel liso foi de 8 mℓ, enquanto pelo papel dobrado foi de 12 mℓ. FIGURA 1 FIGURA 2 Com base nos dados obtidos, infere-se que a função das microvilosidades intestinais com relação à absorção de nutrientes pelas células das paredes internas do intestino é a de",A: manter o volume de absorção.; B: aumentar a superfície de absorção.; C: diminuir a velocidade de absorção.; D: aumentar o tempo de absorção.; E: manter a seletividade na absorção.,0.16906,B,2010,absorvida absorção base bem colocou conforme células dados delgado dobrado dobras dois enquanto estudante experimento explicar fez figura função infere internas intestinais intestino liso membranas mergulhou microvilosidades nutrientes obtidos papel paredes pedaço primeiro quantidade realizou recipiente recipientes relação revestem seguinte segundo segundos simulando água,A: absorção manter volume; B: absorção aumentar superfície; C: absorção diminuir velocidade; D: absorção aumentar tempo; E: absorção manter seletividade
63,"O crescimento da produção de energia elétrica ao longo do tempo tem influenciado decisivamente o progresso da humanidade, mas também tem criado uma séria preocupação: o prejuízo ao meio ambiente. Nos próximos anos, uma nova tecnologia de geração de energia elétrica deverá ganhar espaço: as células a combustível hidrogênio/oxigênio. Com base no texto e na figura, a produção de energia elétrica por meio da célula a combustível hidrogênio/ oxigênio diferencia-se dos processos convencionais porque","A: transforma energia química em energia elétrica, sem causar danos ao meio ambiente, porque o principal subproduto formado é a água.; B: converte a energia química contida nas moléculas dos componentes em energia térmica, sem que ocorra a produção de gases poluentes nocivos ao meio ambiente.; C: transforma energia química em energia elétrica, porém emite gases poluentes da mesma forma que a produção de energia a partir dos combustíveis fósseis.; D: converte energia elétrica proveniente dos combustíveis fósseis em energia química, retendo os gases poluentes produzidos no processo sem alterar a qualidade do meio ambiente.; E: converte a energia potencial acumulada nas moléculas de água contidas no sistema em energia química, sem que ocorra a produção de gases poluentes nocivos ao meio ambiente.",0.54328,A,2010,ambiente anos base combustível convencionais crescimento criado célula células decisivamente deverá diferencia elétrica energia espaço figura ganhar geração hidrogênio humanidade influenciado longo meio nova oxigênio porque prejuízo preocupação processos produção progresso próximos séria tecnologia tempo texto,A: ambiente causar danos elétrica energia formado meio porque principal química subproduto transforma água; B: ambiente componentes contida converte energia gases meio moléculas nocivos ocorra poluentes produção química térmica; C: combustíveis elétrica emite energia forma fósseis gases mesma partir poluentes porém produção química transforma; D: alterar ambiente combustíveis converte elétrica energia fósseis gases meio poluentes processo produzidos proveniente qualidade química retendo; E: acumulada ambiente contidas converte energia gases meio moléculas nocivos ocorra poluentes potencial produção química sistema água
64,"Alguns anfíbios e répteis são adaptados à vida subterrânea. Nessa situação, apresentam algumas características corporais como, por exemplo, ausência de patas, corpo anelado que facilita o deslocamento no subsolo e, em alguns casos, ausência de olhos. Suponha que um biólogo tentasse explicar a origem das adaptações mencionadas no texto utilizando conceitos da teoria evolutiva de Lamarck. Ao adotar esse ponto de vista, ele diria que","A: as características citadas no texto foram originadas pela seleção natural.; B: a ausência de olhos teria sido causada pela falta de uso dos mesmos, segundo a lei do uso e desuso.; C: o corpo anelado é uma característica fortemente adaptativa, mas seria transmitida apenas à primeira geração de descendentes.; D: as patas teriam sido perdidas pela falta de uso e, em seguida, essa característica foi incorporada ao patrimônio genético e então transmitidas aos descendentes.; E: as características citadas no texto foram adquiridas por meio de mutações e depois, ao longo do tempo, foram selecionadas por serem mais adaptadas ao ambiente em que os organismos se encontram.",1.12506,B,2010,adaptados adaptações adotar algumas alguns anelado anfíbios apresentam ausência biólogo características casos conceitos corpo corporais deslocamento diria evolutiva exemplo explicar facilita lamarck mencionadas nessa olhos origem patas ponto répteis situação subsolo subterrânea suponha tentasse teoria texto utilizando vida vista,A: características citadas natural originadas seleção texto; B: ausência causada desuso falta lei mesmos olhos segundo sido uso; C: adaptativa anelado apenas característica corpo descendentes fortemente geração primeira transmitida; D: característica descendentes então falta genético incorporada patas patrimônio perdidas seguida sido transmitidas uso; E: adaptadas adquiridas ambiente características citadas encontram longo meio mutações organismos selecionadas serem tempo texto
65,"As misturas efervescentes, em pó ou em comprimidos, são comuns para a administração de vitamina C ou de medicamentos para azia. Essa forma farmacêutica sólida foi desenvolvida para facilitar o transporte, aumentar a estabilidade de substâncias e, quando em solução, acelerar a absorção do fármaco pelo organismo. As matérias-primas que atuam na efervescência são, em geral, o ácido tartárico ou o ácido cítrico que reagem com um sal de caráter básico, como o bicarbonato de sódio (NaHCO3 ), quando em contato com a água. A partir do contato da mistura efervescente com a água, ocorre uma série de reações químicas simultâneas: liberação de íons, formação de ácido e liberação do gás carbônico — gerando a efervescência. As equações a seguir representam as etapas da reação da mistura efervescente na água, em que foram omitidos os estados de agregação dos reagentes, e H3 A representa o ácido cítrico. A ionização, a dissociação iônica, a formação do ácido e a liberação do gás ocorrem, respectivamente, nas seguintes etapas:","A: IV, I, II e III I, IV, III e II IV, III, I e II I, IV, II e III IV, I, III e II",1.27345,E,2010,absorção acelerar administração agregação atuam aumentar azia bicarbonato básico c carbônico caráter comprimidos comuns contato cítrico desenvolvida dissociação efervescente efervescentes efervescência equações estabilidade estados etapas facilitar farmacêutica forma formação fármaco geral gerando gás ionização iônica liberação matérias medicamentos mistura misturas ocorre ocorrem omitidos organismo partir primas pó químicas reagem reagentes reação reações representa representam respectivamente sal seguintes seguir simultâneas solução substâncias série sódio sólida tartárico transporte vitamina ácido água íons,A: i ii iii iv
66,"Um ambiente capaz de asfixiar todos os animais conhecidos do planeta foi colonizado por pelo menos três espécies diferentes de invertebrados marinhos. Descobertos a mais de 3 000 m de profundidade no Mediterrâneo, eles são os primeiros membros do reino animal a prosperar mesmo diante da ausência total de oxigênio. Até agora, achava-se que só bactérias pudessem ter esse estilo de vida. Não admira que os bichos pertençam a um grupo pouco conhecido, o dos loricíferos, que mal chegam a 1,0 mm. Apesar do tamanho, possuem cabeça, boca, sistema digestivo e uma carapaça. A adaptação dos bichos à vida no sufoco é tão profunda que suas células dispensaram as chamadas mitocôndrias. Que substâncias poderiam ter a mesma função do O2 na respiração celular realizada pelos loricíferos?",A: S e CH4 S e H2 e CO2 e CH4 H2 e CO2,2.05262,B,2010,achava adaptação admira agora ambiente animais animal apesar asfixiar ausência bactérias bichos boca cabeça capaz carapaça celular chamadas chegam colonizado conhecido conhecidos células descobertos diante diferentes digestivo dispensaram espécies estilo função grupo invertebrados loricíferos m mal marinhos mediterrâneo membros menos mesma mitocôndrias mm oxigênio pertençam planeta poderiam possuem pouco primeiros profunda profundidade prosperar pudessem realizada reino respiração sistema substâncias sufoco tamanho ter todos total três tão vida,A: s
67,"O abastecimento de nossas necessidades energéticas futuras dependerá certamente do desenvolvimento de tecnologias para aproveitar a energia solar com maior eficiência. A energia solar é a maior fonte de energia mundial. Num dia ensolarado, por exemplo, aproximadamente 1 kJ de energia solar atinge cada metro quadrado da superfície terrestre por segundo. No entanto, o aproveitamento dessa energia é difícil porque ela é diluída (distribuída por uma área muito extensa) e oscila com o horário e as condições climáticas. O uso efetivo da energia solar depende de formas de estocar a energia coletada para uso posterior. Atualmente, uma das formas de se utilizar a energia solar tem sido armazená-la por meio de processos químicos endotérmicos que mais tarde podem ser revertidos para liberar calor. Considerando a reação: CH4(g) + H2 O(v) + calor  CO(g) + 3 H2(g) e analisando-a como potencial mecanismo para o aproveitamento posterior da energia solar, conclui-se que se trata de uma estratégia","A: insatisfatória, pois a reação apresentada não permite que a energia presente no meio externo seja absorvida pelo sistema para ser utilizada posteriormente.; B: insatisfatória, uma vez que há formação de gases poluentes e com potencial poder explosivo, tornando-a uma reação perigosa e de difícil controle.; C: insatisfatória, uma vez que há formação de gás CO que não possui conteúdo energético passível de ser aproveitado posteriormente e é considerado um gás poluente.; D: satisfatória, uma vez que a reação direta ocorre com absorção de calor e promove a formação das substâncias combustíveis que poderão ser utilizadas posteriormente para obtenção de energia e realização de trabalho útil.; E: satisfatória, uma vez que a reação direta ocorre com liberação de calor havendo ainda a formação das substâncias combustíveis que poderão ser utilizadas posteriormente para obtenção de energia e realização de trabalho útil.",,D,2010,abastecimento analisando aproveitamento aproveitar aproximadamente armazená atinge atualmente cada calor certamente climáticas co coletada conclui condições considerando depende dependerá desenvolvimento dessa dia difícil diluída distribuída efetivo eficiência endotérmicos energia energéticas ensolarado entanto estocar estratégia exemplo extensa fonte formas futuras g horário kj la liberar maior mecanismo meio metro mundial necessidades oscila podem porque posterior potencial processos quadrado químicos reação revertidos segundo sido solar superfície tarde tecnologias terrestre trata uso utilizar v área,A: absorvida apresentada energia externo insatisfatória meio permite pois posteriormente presente reação sistema utilizada; B: controle difícil explosivo formação gases insatisfatória perigosa poder poluentes potencial reação tornando vez; C: aproveitado co considerado conteúdo energético formação gás insatisfatória passível poluente possui posteriormente vez; D: absorção calor combustíveis direta energia formação obtenção ocorre poderão posteriormente promove realização reação satisfatória substâncias trabalho utilizadas vez útil; E: ainda calor combustíveis direta energia formação havendo liberação obtenção ocorre poderão posteriormente realização reação satisfatória substâncias trabalho utilizadas vez útil
68,"A energia elétrica consumida nas residências é medida, em quilowatt-hora, por meio de um relógio medidor de consumo. Nesse relógio, da direita para esquerda, tem-se o ponteiro da unidade, da dezena, da centena e do milhar. Se um ponteiro estiver entre dois números, considera-se o último número ultrapassado pelo ponteiro. Suponha que as medidas indicadas nos esquemas seguintes tenham sido feitas em uma cidade em que o preço do quilowatt-hora fosse de R$ 0,20. O valor a ser pago pelo consumo de energia elétrica registrado seria de","A: R$ 41,80.; B: R$ 42,00.; C: R$ 43,00.; D: R$ 43,80.; E: R$ 44,00.",1.68423,E,2010,centena cidade considera consumida consumo dezena direita dois elétrica energia esquemas esquerda feitas hora indicadas medida medidas medidor meio milhar nesse número números pago ponteiro preço quilowatt r registrado relógio residências seguintes sido suponha ultrapassado unidade valor último,A: r; B: r; C: r; D: r; E: r
69,"No que tange à tecnologia de combustíveis alternativos, muitos especialistas em energia acreditam que os alcoóis vão crescer em importância em um futuro próximo. Realmente, alcoóis como metanol e etanol têm encontrado alguns nichos para uso doméstico como combustíveis há muitas décadas e, recentemente, vêm obtendo uma aceitação cada vez maior como aditivos, ou mesmo como substitutos para gasolina em veículos. Algumas das propriedades físicas desses combustíveis são mostradas no quadro seguinte. Dados: Massas molares em g/mol: H = 1,0; C = 12,0; O = 16,0. Considere que, em pequenos volumes, o custo de produção de ambos os alcoóis seja o mesmo. Dessa forma, do ponto de vista econômico, é mais vantajoso utilizar","A: metanol, pois sua combustão completa fornece aproximadamente 22,7 kJ de energia por litro de combustível queimado.; B: etanol, pois sua combustão completa fornece aproximadamente 29,7 kJ de energia por litro de combustível queimado.; C: metanol, pois sua combustão completa fornece aproximadamente 17,9 MJ de energia por litro de combustível queimado.; D: etanol, pois sua combustão completa fornece aproximadamente 23,5 MJ de energia por litro de combustível queimado.; E: etanol, pois sua combustão completa fornece aproximadamente 33,7 MJ de energia por litro de combustível queimado.",1.74716,D,2010,aceitação acreditam aditivos alcoóis algumas alguns alternativos ambos c cada combustíveis considere crescer custo dados dessa desses doméstico décadas econômico encontrado energia especialistas etanol forma futuro físicas g gasolina h importância maior massas metanol mol molares mostradas muitas muitos nichos obtendo pequenos ponto produção propriedades próximo quadro realmente recentemente seguinte substitutos tange tecnologia têm uso utilizar vantajoso vez veículos vista volumes vão vêm,A: aproximadamente combustão combustível completa energia fornece kj litro metanol pois queimado; B: aproximadamente combustão combustível completa energia etanol fornece kj litro pois queimado; C: aproximadamente combustão combustível completa energia fornece litro metanol mj pois queimado; D: aproximadamente combustão combustível completa energia etanol fornece litro mj pois queimado; E: aproximadamente combustão combustível completa energia etanol fornece litro mj pois queimado
70,"Observe a tabela seguinte. Ela traz especificações técnicas constantes no manual de instruções fornecido pelo fabricante de uma torneira elétrica. Considerando que o modelo de maior potência da versão 220 V da torneira suprema foi inadvertidamente conectada a uma rede com tensão nominal de 127 V, e que o aparelho está configurado para trabalhar em sua máxima potência. Qual o valor aproximado da potência ao ligar a torneira?",A: 1.; B:830 W 2.; C:800 W 3.; D:200 W 4.; E:030 W 5.500 W,,A,2010,aparelho aproximado conectada configurado considerando constantes elétrica especificações fabricante fornecido inadvertidamente instruções ligar maior manual modelo máxima nominal observe potência rede seguinte suprema tabela tensão torneira trabalhar traz técnicas v valor versão,A: b c d w
71,"O uso prolongado de lentes de contato, sobretudo durante a noite, aliado a condições precárias de higiene representam fatores de risco para o aparecimento de uma infecção denominada ceratite microbiana, que causa ulceração inflamatória da córnea. Para interromper o processo da doença, é necessário tratamento antibiótico. De modo geral, os fatores de risco provocam a diminuição da oxigenação corneana e determinam mudanças no seu metabolismo, de um estado aeróbico para anaeróbico. Como decorrência, observa-se a diminuição no número e na velocidade de mitoses do epitélio, o que predispõe ao aparecimento de defeitos epiteliais e à invasão bacteriana. A instalação das bactérias e o avanço do processo infeccioso na córnea estão relacionados a algumas características gerais desses microrganismos, tais como:","A: A grande capacidade de adaptação, considerando as constantes mudanças no ambiente em que se reproduzem e o processo aeróbico como a melhor opção desses microrganismos para a obtenção de energia.; B: A grande capacidade de sofrer mutações, aumentando a probabilidade do aparecimento de formas resistentes e o processo anaeróbico da fermentação como a principal via de obtenção de energia.; C: A diversidade morfológica entre as bactérias, aumentando a variedade de tipos de agentes infecciosos e a nutrição heterotrófica, como forma de esses microrganismos obterem matéria-prima e energia.; D: O alto poder de reprodução, aumentando a variabilidade genética dos milhares de indivíduos e a nutrição heterotrófica, como única forma de obtenção de matériaprima e energia desses microrganismos.; E: O alto poder de reprodução, originando milhares de descendentes geneticamente idênticos entre si e a diversidade metabólica, considerando processos aeróbicos e anaeróbicos para a obtenção de energia.",2.21444,E,2010,aeróbico algumas aliado anaeróbico antibiótico aparecimento avanço bacteriana bactérias características causa ceratite condições contato corneana córnea decorrência defeitos denominada desses determinam diminuição doença durante epiteliais epitélio estado fatores gerais geral higiene infeccioso infecção inflamatória instalação interromper invasão lentes metabolismo microbiana microrganismos mitoses modo mudanças necessário noite número observa oxigenação precárias predispõe processo prolongado provocam relacionados representam risco sobretudo tais tratamento ulceração uso velocidade,A: adaptação aeróbico ambiente capacidade considerando constantes desses energia grande melhor microrganismos mudanças obtenção opção processo reproduzem; B: anaeróbico aparecimento aumentando capacidade energia fermentação formas grande mutações obtenção principal probabilidade processo resistentes sofrer via; C: agentes aumentando bactérias diversidade energia forma heterotrófica infecciosos matéria microrganismos morfológica nutrição obterem prima tipos variedade; D: alto aumentando desses energia forma genética heterotrófica indivíduos matériaprima microrganismos milhares nutrição obtenção poder reprodução variabilidade única; E: aeróbicos alto anaeróbicos considerando descendentes diversidade energia geneticamente idênticos metabólica milhares obtenção originando poder processos reprodução si
72,"Todos os organismos necessitam de água e grande parte deles vive em rios, lagos e oceanos. Os processos biológicos, como respiração e fotossíntese, exercem profunda influência na química das águas naturais em todo o planeta. O oxigênio é ator dominante na química e na bioquímica da hidrosfera. Devido a sua baixa solubilidade em água (9,0 mg/ℓ a 20ºC) a disponibilidade de oxigênio nos ecossistemas aquáticos estabelece o limite entre a vida aeróbica e anaeróbica. Nesse contexto, um parâmetro chamado Demanda Bioquímica de Oxigênio (DBO) foi definido para medir a quantidade de matéria orgânica presente em um sistema hídrico. A DBO corresponde à massa de O2 em miligramas necessária para realizar a oxidação total do carbono orgânico em um litro de água. Dados: Massas molares em g/mol: C = 12; H = 1; O = 16. Suponha que 10 mg de açúcar (fórmula mínima CH2 O e massa molar igual a 30 g/mol) são dissolvidos em um litro de água; em quanto a DBO será aumentada?","A: 0,4 mg de O2 /litro 1,7 mg de O2 / litro 2,7 mg de O2 / litro 9,4 mg de O2 / litro 10,7 mg de O2 / litro",,E,2010,aeróbica anaeróbica aquáticos ator aumentada açúcar baixa biológicos bioquímica c carbono chamado contexto corresponde dados dbo definido demanda devido disponibilidade dissolvidos dominante ecossistemas estabelece exercem fotossíntese fórmula g grande h hidrosfera hídrico igual influência lagos limite litro massa massas matéria medir mg miligramas mol molar molares mínima naturais necessitam necessária nesse oceanos organismos orgânica orgânico oxidação oxigênio parte parâmetro planeta presente processos profunda quantidade quanto química realizar respiração rios sistema solubilidade suponha todo todos total vida vive água águas,A: litro mg
73,"A composição média de uma bateria automotiva esgotada é de aproximadamente 32% Pb, 3% PbO, 17% PbO2 e 36% PbSO4 . A média de massa da pasta residual de uma bateria usada é de 6 kg, onde 19% é PbO2 , 60% PbSO4 e 21% Pb. Entre todos os compostos de chumbo presentes na pasta, o que mais preocupa é o sulfato de chumbo (II), pois nos processos pirometalúrgicos, em que os compostos de chumbo (placas das baterias) são fundidos, há a conversão de sulfato em dióxido de enxofre, gás muito poluente. Para reduzir o problema das emissões de SO2(g), a indústria pode utilizar uma planta mista, ou seja, utilizar o processo hidrometalúrgico, para a dessulfuração antes da fusão do composto de chumbo. Nesse caso, a redução de sulfato presente no PbSO4 é feita via lixiviação com solução de carbonato de sódio (Na2 CO3 ) 1M a 45 ºC, em que se obtém o carbonato de chumbo (II) com rendimento de 91%. Após esse processo, o material segue para a fundição para obter o chumbo metálico. PbSO4 + Na2 CO3 → PbCO3 + Na2 SO4 Dados: Massas Molares em g/mol Pb = 207; S = 32; Na = 23; O = 16; C = 12 Segundo as condições do processo apresentado para a obtenção de carbonato de chumbo (II) por meio da lixiviação por carbonato de sódio e considerando uma massa de pasta residual de uma bateria de 6 kg, qual quantidade aproximada, em quilogramas, de PbCO3 é obtida?","A: 1,7 kg 1,9 kg 2,9 kg 3,3 kg 3,6 kg",4.43681,C,2010,antes apresentado aproximada aproximadamente após automotiva bateria baterias c carbonato caso chumbo composição composto compostos condições considerando conversão dados dessulfuração dióxido emissões enxofre esgotada feita fundidos fundição fusão g gás hidrometalúrgico ii indústria kg lixiviação massa massas material meio metálico mista mol molares média nesse obtenção obter obtida obtém onde pasta pb pbo pirometalúrgicos placas planta pode pois poluente preocupa presente presentes problema processo processos quantidade quilogramas reduzir redução rendimento residual s segue segundo solução sulfato sódio todos usada utilizar via,A: kg
74,"A eletrólise é muito empregada na indústria com o objetivo de reaproveitar parte dos metais sucateados. O cobre, por exemplo, é um dos metais com maior rendimento no processo de eletrólise, com uma recuperação de aproximadamente 99,9%. Por ser um metal de alto valor comercial e de múltiplas aplicações, sua recuperação torna-se viável economicamente. Suponha que, em um processo de recuperação de cobre puro, tenha-se eletrolisado uma solução de sulfato de cobre (II) (CuSO4 ) durante 3 h, empregando-se uma corrente elétrica de intensidade igual a 10 A. A massa de cobre puro recuperada é de aproximadamente Dados: Constante de Faraday F = 96 500 C/mol; Massa molar em g/mol: Cu = 63,5.","A: 0,02 g.; B: 0,04 g.; C: 2,40 g.; D: 35,5 g.; E: 71,0 g.",2.1523,D,2010,alto aplicações aproximadamente c cobre comercial constante corrente cu dados durante economicamente eletrolisado eletrólise elétrica empregada empregando exemplo f faraday g h igual ii indústria intensidade maior massa metais metal mol molar múltiplas objetivo parte processo puro reaproveitar recuperada recuperação rendimento solução sucateados sulfato suponha torna valor viável,A: g; B: g; C: g; D: g; E: g
75,"Dois pesquisadores percorreram os trajetos marcados no mapa. A tarefa deles foi analisar os ecossistemas e, encontrando problemas, relatar e propor medidas de recuperação. A seguir, são reproduzidos trechos aleatórios extraídos dos relatórios desses dois pesquisadores. Trechos aleatórios extraídos do relatório do pesquisador P1 : I. “Por causa da diminuição drástica das espécies vegetais deste ecossistema, como os pinheiros, a gralha azul também está em processo de extinção”. II. “As árvores de troncos tortuosos e cascas grossas que predominam nesse ecossistema estão sendo utilizadas em carvoarias”. Trechos aleatórios extraídos do relatório do pesquisador P2 : III. “Das palmeiras que predominam nesta região podem ser extraídas substâncias importantes para a economia regional”. IV. “Apesar da aridez desta região, em que encontramos muitas plantas espinhosas, não se pode desprezar a sua biodiversidade.” Os trechos I, II, III e IV referem-se, pela ordem, aos seguintes ecossistemas:","A: Caatinga, Cerrado, Zona dos cocais e Floresta Amazônica.; B: Mata de Araucárias, Cerrado, Zona dos cocais e Caatinga.; C: Manguezais, Zona dos cocais, Cerrado e Mata Atlântica.; D: Floresta Amazônica, Cerrado, Mata Atlântica e Pampas.; E: Mata Atlântica, Cerrado, Zona dos cocais e Pantanal.",0.02055,B,2010,aleatórios analisar apesar aridez azul biodiversidade carvoarias cascas causa desprezar desses desta deste diminuição dois drástica economia ecossistema ecossistemas encontramos encontrando espinhosas espécies extinção extraídas extraídos gralha grossas i ii iii importantes iv mapa marcados medidas muitas nesse nesta ordem palmeiras percorreram pesquisador pesquisadores pinheiros plantas pode podem predominam problemas processo propor recuperação referem regional região relatar relatório relatórios reproduzidos seguintes seguir sendo substâncias tarefa tortuosos trajetos trechos troncos utilizadas vegetais árvores,A: amazônica caatinga cerrado cocais floresta zona; B: araucárias caatinga cerrado cocais mata zona; C: atlântica cerrado cocais manguezais mata zona; D: amazônica atlântica cerrado floresta mata pampas; E: atlântica cerrado cocais mata pantanal zona
76,"Investigadores das Universidades de Oxford e da Califórnia desenvolveram uma variedade de Aedes aegypti geneticamente modificada que é candidata para uso na busca de redução na transmissão do vírus da dengue. Nessa nova variedade de mosquito, as fêmeas não conseguem voar devido à interrupção do desenvolvimento do músculo das asas. A modificação genética introduzida é um gene dominante condicional, isso é, o gene tem expressão dominante (basta apenas uma cópia do alelo) e este só atua nas fêmeas. Prevê-se, porém, que a utilização dessa variedade de Aedes aegypti demore ainda anos para ser implementada, pois há demanda de muitos estudos com relação ao impacto ambiental. A liberação de machos de Aedes aegypti dessa variedade geneticamente modificada reduziria o número de casos de dengue em uma determinada região porque",A: diminuiria o sucesso reprodutivo desses machos transgênicos.; B: restringiria a área geográfica de voo dessa espécie de mosquito.; C: dificultaria a contaminação e reprodução do vetor natural da doença.; D: tornaria o mosquito menos resistente ao agente etiológico da doença.; E: dificultaria a obtenção de alimentos pelos machos geneticamente modificados.,1.88168,C,2010,aedes aegypti ainda alelo ambiental anos apenas asas atua basta busca califórnia candidata casos condicional conseguem cópia demanda demore dengue desenvolveram desenvolvimento dessa determinada devido dominante estudos expressão fêmeas gene geneticamente genética impacto implementada interrupção introduzida investigadores liberação machos modificada modificação mosquito muitos músculo nessa nova número oxford pois porque porém prevê reduziria redução região relação transmissão universidades uso utilização variedade voar vírus,A: desses diminuiria machos reprodutivo sucesso transgênicos; B: dessa espécie geográfica mosquito restringiria voo área; C: contaminação dificultaria doença natural reprodução vetor; D: agente doença etiológico menos mosquito resistente tornaria; E: alimentos dificultaria geneticamente machos modificados obtenção
77,"No ano de 2004, diversas mortes de animais por envenenamento no zoológico de São Paulo foram evidenciadas. Estudos técnicos apontam suspeita de intoxicação por monofluoracetato de sódio, conhecido como composto 1080 e ilegalmente comercializado como raticida. O monofluoracetato de sódio é um derivado do ácido monofluoracético e age no organismo dos mamíferos bloqueando o ciclo de Krebs, que pode levar à parada da respiração celular oxidativa e ao acúmulo de amônia na circulação. O monofluoracetato de sódio pode ser obtido pela","A: desidratação do ácido monofluoracético, com liberação de água.; B: hidrólise do ácido monofluoracético, sem formação de água.; C: perda de íons hidroxila do ácido monofluoracético, com liberação de hidróxido de sódio.; D: neutralização do ácido monofluoracético usando hidróxido de sódio, com liberação de água.; E: substituição dos íons hidrogênio por sódio na estrutura do ácido monofluoracético, sem formação de água.",1.42331,D,2010,acúmulo age amônia animais ano apontam bloqueando celular ciclo circulação comercializado composto conhecido derivado diversas envenenamento estudos evidenciadas ilegalmente intoxicação krebs levar mamíferos monofluoracetato monofluoracético mortes obtido organismo oxidativa parada paulo pode raticida respiração suspeita sódio técnicos zoológico ácido,A: desidratação liberação monofluoracético ácido água; B: formação hidrólise monofluoracético ácido água; C: hidroxila hidróxido liberação monofluoracético perda sódio ácido íons; D: hidróxido liberação monofluoracético neutralização sódio usando ácido água; E: estrutura formação hidrogênio monofluoracético substituição sódio ácido água íons
78,"Duas irmãs que dividem o mesmo quarto de estudos combinaram de comprar duas caixas com tampas para guardarem seus pertences dentro de suas caixas, evitando, assim, a bagunça sobre a mesa de estudos. Uma delas comprou uma metálica, e a outra, uma caixa de madeira de área e espessura lateral diferentes, para facilitar a identificação. Um dia as meninas foram estudar para a prova de Física e, ao se acomodarem na mesa de estudos, guardaram seus celulares ligados dentro de suas caixas. Ao longo desse dia, uma delas recebeu ligações telefônicas, enquanto os amigos da outra tentavam ligar e recebiam a mensagem de que o celular estava fora da área de cobertura ou desligado. Para explicar essa situação, um físico deveria afirmar que o material da caixa, cujo telefone celular não recebeu as ligações é de","A: madeira, e o telefone não funcionava porque a madeira não é um bom condutor de eletricidade.; B: metal, e o telefone não funcionava devido à blindagem eletrostática que o metal proporcionava.; C: metal, e o telefone não funcionava porque o metal refletia todo tipo de radiação que nele incidia.; D: metal, e o telefone não funcionava porque a área lateral da caixa de metal era maior.; E: madeira, e o telefone não funcionava porque a espessura desta caixa era maior que a espessura da caixa de metal.",0.52326,B,2010,acomodarem afirmar amigos assim bagunça caixa caixas celular celulares cobertura combinaram comprar comprou cujo dentro desligado desse deveria dia diferentes dividem duas enquanto espessura estudar estudos evitando explicar facilitar física físico guardaram guardarem identificação irmãs lateral ligados ligar ligações longo madeira material meninas mensagem mesa metálica outra pertences prova quarto recebeu recebiam situação sobre tampas telefone telefônicas tentavam área,A: bom condutor eletricidade funcionava madeira porque telefone; B: blindagem devido eletrostática funcionava metal proporcionava telefone; C: funcionava incidia metal nele porque radiação refletia telefone tipo todo; D: caixa funcionava lateral maior metal porque telefone área; E: caixa desta espessura funcionava madeira maior metal porque telefone
79,"As mobilizações para promover um planeta melhor para as futuras gerações são cada vez mais frequentes. A maior parte dos meios de transporte de massa é atualmente movida pela queima de um combustível fóssil. A título de exemplificação do ônus causado por essa prática, basta saber que um carro produz, em média, cerca de 200 g de dióxido de carbono por km percorrido. Um dos principais constituintes da gasolina é o octano (C8 H18). Por meio da combustão do octano é possível a liberação de energia, permitindo que o carro entre em movimento. A equação que representa a reação química desse processo demonstra que","A: no processo há liberação de oxigênio, sob a forma de O2 .; B: o coeficiente estequiométrico para a água é de 8 para 1 do octano.; C: no processo há consumo de água, para que haja liberação de energia.; D: o coeficiente estequiométrico para o oxigênio é de 12,5 para 1 do octano.; E: o coeficiente estequiométrico para o gás carbônico é de 9 para 1 do octano.",1.36488,D,2010,atualmente basta cada carbono carro causado cerca combustão combustível constituintes demonstra desse dióxido energia equação exemplificação frequentes futuras fóssil g gasolina gerações km liberação maior massa meio meios melhor mobilizações movida movimento média octano parte percorrido permitindo planeta possível principais processo produz promover prática queima química reação representa saber transporte título vez ônus,A: forma liberação oxigênio processo sob; B: coeficiente estequiométrico octano água; C: consumo energia liberação processo água; D: coeficiente estequiométrico octano oxigênio; E: carbônico coeficiente estequiométrico gás octano
80,"Os pesticidas modernos são divididos em várias classes, entre as quais se destacam os organofosforados, materiais que apresentam efeito tóxico agudo para os seres humanos. Esses pesticidas contêm um átomo central de fósforo ao qual estão ligados outros átomos ou grupo de átomos como oxigênio, enxofre, grupos metoxi ou etoxi, ou um radical orgânico de cadeia longa. Os organofosforados são divididos em três subclasses: Tipo A, na qual o enxofre não se incorpora na molécula; Tipo B, na qual o oxigênio, que faz dupla ligação com fósforo, é substituído pelo enxofre; e Tipo C, no qual dois oxigênios são substituídos por enxofre. Um exemplo de pesticida organofosforado Tipo B, que apresenta grupo etoxi em sua fórmula estrutural, está representado em:",A: ; B: ; C: ; D: ; E:,1.52425,E,2010,agudo apresenta apresentam b c cadeia central classes contêm destacam divididos dois dupla efeito enxofre estrutural etoxi exemplo faz fórmula fósforo grupo grupos humanos incorpora ligados ligação longa materiais metoxi modernos molécula organofosforado organofosforados orgânico outros oxigênio oxigênios pesticida pesticidas quais radical representado seres subclasses substituído substituídos tipo três tóxico várias átomo átomos,A: ; B: ; C: ; D: 
81,"Durante uma obra em um clube, um grupo de trabalhadores teve de remover uma escultura de ferro maciço colocada no fundo de uma piscina vazia. Cinco trabalhadores amarraram cordas à escultura e tentaram puxá-la para cima, sem sucesso. Se a piscina for preenchida com água, ficará mais fácil para os trabalhadores removerem a escultura, pois a","A: escultura flutuará.; B: Dessa forma, os homens não precisarão fazer força para remover a escultura do fundo.; C: escultura ficará com peso menor.; D: Dessa forma, a intensidade da força necessária para elevar a escultura será menor.; E: água exercerá uma força na escultura proporcional a sua massa, e para cima. Esta força se somará à força que os trabalhadores fazem para anular a ação da força peso da escultura. água exercerá uma força na escultura para baixo, e esta passará a receber uma força ascendente do piso da piscina. Esta força ajudará a anular a ação da força peso na escultura. água exercerá uma força na escultura proporcional ao seu volume, e para cima. Esta força se somará à força que os trabalhadores fazem, podendo resultar em uma força ascendente maior que o peso da escultura.",1.19907,E,2010,amarraram cima cinco clube colocada cordas durante escultura ferro ficará fundo fácil grupo la maciço obra piscina pois preenchida puxá remover removerem sucesso tentaram trabalhadores vazia água,A: escultura flutuará; B: dessa escultura fazer forma força fundo homens precisarão remover; C: escultura ficará menor peso; D: dessa elevar escultura forma força intensidade menor necessária; E: ajudará anular ascendente ação baixo cima escultura exercerá fazem força maior massa passará peso piscina piso podendo proporcional receber resultar somará trabalhadores volume água
82,"As baterias de Ni-Cd muito utilizadas no nosso cotidiano não devem ser descartadas em lixos comuns uma vez que uma considerável quantidade de cádmio é volatilizada e emitida para o meio ambiente quando as baterias gastas são incineradas como componente do lixo. Com o objetivo de evitar a emissão de cádmio para a atmosfera durante a combustão é indicado que seja feita a reciclagem dos materiais dessas baterias. Uma maneira de separar o cádmio dos demais compostos presentes na bateria é realizar o processo de lixiviação ácida. Nela, tanto os metais (Cd, Ni e eventualmente Co) como os hidróxidos de íons metálicos Cd(OH)2(s), Ni(OH)2(s) , Co(OH)2(s) presentes na bateria, reagem com uma mistura ácida e são solubilizados. Em função da baixa seletividade (todos os íons metálicos são solubilizados), após a digestão ácida, é realizada uma etapa de extração dos metais com solventes orgânicos de acordo com a reação: M2+ (aq) + 2 HR(org)  MR2(org) + 2 H+ (aq) Onde : M2+ = Cd2+ , Ni2+ ou Co2+ HR = C16H34 –PO2 H : identificado no gráfico por X HR = C12H12 –PO2 H : identificado no gráfico por Y O gráfico mostra resultado da extração utilizando os solventes orgânicos X e Y em diferentes pH. A reação descrita no texto mostra o processo de extração dos metais por meio da reação com moléculas orgânicas, X e Y. Considerando-se as estruturas de X e Y e o processo de separação descrito, pode-se afirmar que",A: as moléculas X e Y atuam como extratores catiônicos uma vez que a parte polar da molécula troca o íon H+ pelo cátion do metal.; B: as moléculas X e Y atuam como extratores aniônicos uma vez que a parte polar da molécula troca o íon H+ pelo cátion do metal.; C: as moléculas X e Y atuam como extratores catiônicos uma vez que a parte apolar da molécula troca o íon pelo cátion do metal.; D: as moléculas X e Y atuam como extratores aniônicos uma vez que a parte polar da molécula troca o íon pelo cátion do metal.; E: as moléculas X e Y fazem ligações com os íons metálicos resultando em compostos com caráter apolar o que justifica a eficácia da extração.,1.87056,A,2010,acordo afirmar ambiente após aq atmosfera baixa bateria baterias cd co combustão componente compostos comuns considerando considerável cotidiano cádmio demais descartadas descrita descrito dessas devem diferentes digestão durante emissão emitida estruturas etapa eventualmente evitar extração feita função gastas gráfico h hidróxidos hr identificado incineradas indicado lixiviação lixo lixos maneira materiais meio metais metálicos mistura moléculas mostra nela ni objetivo oh onde org orgânicas orgânicos ph pode presentes processo quantidade reagem realizada realizar reação reciclagem resultado s seletividade separar separação solubilizados solventes tanto texto todos utilizadas utilizando vez volatilizada x y ácida íons,A: atuam catiônicos cátion extratores h metal molécula moléculas parte polar troca vez x y íon; B: aniônicos atuam cátion extratores h metal molécula moléculas parte polar troca vez x y íon; C: apolar atuam catiônicos cátion extratores metal molécula moléculas parte troca vez x y íon; D: aniônicos atuam cátion extratores metal molécula moléculas parte polar troca vez x y íon; E: apolar caráter compostos eficácia extração fazem justifica ligações metálicos moléculas resultando x y íons
83,"Ao colocar um pouco de açúcar na água e mexer até a obtenção de uma só fase, prepara-se uma solução. O mesmo acontece ao se adicionar um pouquinho de sal à água e misturar bem. Uma substância capaz de dissolver o soluto é denominada solvente; por exemplo, a água é um solvente para o açúcar, para o sal e para várias outras substâncias. A figura a seguir ilustra essa citação. Suponha que uma pessoa, para adoçar seu cafezinho, tenha utilizado 3,42 g de sacarose (massa molar igual a 342 g/mol) para uma xícara de 50 mℓ do líquido. Qual é a concentração final, em mol/ℓ, de sacarose nesse cafezinho?","A: 0,02 0,2 2 200 2000",1.28868,B,2010,acontece adicionar adoçar açúcar bem cafezinho capaz citação colocar concentração denominada dissolver exemplo fase figura final g igual ilustra líquido massa mexer misturar mol molar nesse obtenção outras pessoa pouco pouquinho prepara sacarose sal seguir soluto solução solvente substância substâncias suponha utilizado várias xícara água,A: 
84,"Um grupo de cientistas liderado por pesquisadores do Instituto de Tecnologia da Califórnia (Caltech), nos Estados Unidos, construiu o primeiro metamaterial que apresenta valor negativo do índice de refração relativo para a luz visível. Denomina-se metamaterial um material óptico artificial, tridimensional, formado por pequenas estruturas menores do que o comprimento de onda da luz, o que lhe dá propriedades e comportamentos que não são encontrados em materiais naturais. Esse material tem sido chamado de “canhoto”. Considerando o comportamento atípico desse metamaterial, qual é a figura que representa a refração da luz ao passar do ar para esse meio?",A: ; B: ; C: ; D: ; E:,1.29973,D,2010,apresenta ar artificial atípico califórnia caltech canhoto chamado cientistas comportamento comportamentos comprimento considerando construiu denomina desse dá encontrados estados estruturas figura formado grupo instituto liderado luz materiais material meio menores metamaterial naturais negativo onda passar pequenas pesquisadores primeiro propriedades refração relativo representa sido tecnologia tridimensional unidos valor visível índice óptico,A: ; B: ; C: ; D: 
85,"Decisão de asfaltamento da rodovia MG-010, acompanhada da introdução de espécies exóticas, e a prática de incêndios criminosos, ameaçam o sofisticado ecossistema do campo rupestre da reserva da Serra do Espinhaço. As plantas nativas desta região, altamente adaptadas a uma alta concentração de alumínio, que inibe o crescimento das raízes e dificultam a absorção de nutrientes e água, estão sendo substituídas por espécies invasoras que não teriam naturalmente adaptação para este ambiente, no entanto elas estão dominando as margens da rodovia, equivocadamente chamada de “estrada ecológica”. Possivelmente a entrada de espécies de plantas exóticas neste ambiente foi provocada pelo uso, neste empreendimento, de um tipo de asfalto (cimento-solo), que possui uma mistura rica em cálcio, que causou modificações químicas aos solos adjacentes à rodovia MG-010. Essa afirmação baseia-se no uso de cimento-solo, mistura rica em cálcio que","A: inibe a toxicidade do alumínio, elevando o pH dessas áreas.; B: inibe a toxicidade do alumínio, reduzindo o pH dessas áreas.; C: aumenta a toxicidade do alumínio, elevando o pH dessas áreas.; D: aumenta a toxicidade do alumínio, reduzindo o pH dessas áreas.; E: neutraliza a toxicidade do alumínio, reduzindo o pH dessas áreas.",1.6399,A,2010,absorção acompanhada adaptadas adaptação adjacentes afirmação alta altamente alumínio ambiente ameaçam asfaltamento asfalto baseia campo causou chamada cimento concentração crescimento criminosos cálcio decisão desta dificultam dominando ecológica ecossistema empreendimento entanto entrada equivocadamente espinhaço espécies estrada exóticas incêndios inibe introdução invasoras margens mg mistura modificações nativas naturalmente neste nutrientes plantas possivelmente possui provocada prática químicas raízes região reserva rica rodovia rupestre sendo serra sofisticado solo solos substituídas tipo uso água,A: alumínio dessas elevando inibe ph toxicidade áreas; B: alumínio dessas inibe ph reduzindo toxicidade áreas; C: alumínio aumenta dessas elevando ph toxicidade áreas; D: alumínio aumenta dessas ph reduzindo toxicidade áreas; E: alumínio dessas neutraliza ph reduzindo toxicidade áreas
86,"Três dos quatro tipos de testes atualmente empregados para a detecção de príons patogênicos em tecidos cerebrais de gado morto são mostrados nas figuras a seguir. Uma vez identificado um animal morto infectado, funcionários das agências de saúde pública e fazendeiros podem removê-lo do suprimento alimentar ou rastrear os alimentos infectados que o animal possa ter consumido. Analisando os testes I, II e III, para a detecção de príons patogênicos, identifique as condições em que os resultados foram positivos para a presença de príons nos três testes:","A: Animal A, lâmina B e gel A.; B: Animal A, lâmina A e gel B.; C: Animal B, lâmina A e gel B.; D: Animal B, lâmina B e gel A.; E: Animal A, lâmina B e gel B.",0.92652,C,2010,agências alimentar alimentos analisando animal atualmente cerebrais condições consumido detecção empregados fazendeiros figuras funcionários gado i identificado identifique ii iii infectado infectados lo morto mostrados patogênicos podem positivos possa presença príons pública quatro rastrear removê resultados saúde seguir suprimento tecidos ter testes tipos três vez,A: animal b gel lâmina; B: animal b gel lâmina; C: animal b gel lâmina; D: animal b gel lâmina; E: animal b gel lâmina
87,"De 15% a 20% da área de um canavial precisa ser renovada anualmente. Entre o período de corte e o de plantação de novas canas, os produtores estão optando por plantar leguminosas, pois elas fixam nitrogênio no solo, um adubo natural para a cana. Essa opção de rotação é agronomicamente favorável, de forma que municípios canavieiros são hoje grandes produtores de soja, amendoim e feijão. A rotação de culturas citada no texto pode beneficiar economicamente os produtores de cana porque","A: a decomposição da cobertura morta dessas culturas resulta em economia na aquisição de adubos industrializados.; B: o plantio de cana-de-açúcar propicia um solo mais adequado para o cultivo posterior da soja, do amendoim e do feijão.; C: as leguminosas absorvem do solo elementos químicos diferentes dos absorvidos pela cana, restabelecendo o equilíbrio do solo.; D: a queima dos restos vegetais do cultivo da canade-açúcar transforma-se em cinzas, sendo reincorporadas ao solo, o que gera economia na aquisição de adubo.; E: a soja, o amendoim e o feijão, além de possibilitarem a incorporação ao solo de determinadas moléculas disponíveis na atmosfera, são grãos comercializados no mercado produtivo.",1.01961,E,2010,adubo agronomicamente amendoim anualmente beneficiar cana canas canavial canavieiros citada corte culturas economicamente favorável feijão fixam forma grandes hoje leguminosas municípios natural nitrogênio novas optando opção período plantar plantação pode pois porque precisa produtores renovada rotação soja solo texto área,A: adubos aquisição cobertura culturas decomposição dessas economia industrializados morta resulta; B: adequado amendoim açúcar cana cultivo feijão plantio posterior propicia soja solo; C: absorvem absorvidos cana diferentes elementos equilíbrio leguminosas químicos restabelecendo solo; D: adubo aquisição açúcar canade cinzas cultivo economia gera queima reincorporadas restos sendo solo transforma vegetais; E: além amendoim atmosfera comercializados determinadas disponíveis feijão grãos incorporação mercado moléculas possibilitarem produtivo soja solo
88,"Diversos comportamentos e funções fisiológicas do nosso corpo são periódicos, sendo assim, são classificados como ritmo biológico. Quando o ritmo biológico responde a um período aproximado de 24 horas, ele é denominado ritmo circadiano. Esse ritmo diário é mantido pelas pistas ambientais de claro-escuro e determina comportamentos como o ciclo do sono-vigília e o da alimentação. Uma pessoa, em condições normais, acorda às 8 h e vai dormir às 21 h, mantendo seu ciclo de sono dentro do ritmo dia e noite. Imagine que essa mesma pessoa tenha sido mantida numa sala totalmente escura por mais de quinze dias. Ao sair de lá, ela dormia às 18 h e acordava às 3 h da manhã. Além disso, dormia mais vezes durante o dia, por curtos períodos de tempo, e havia perdido a noção da contagem dos dias, pois, quando saiu, achou que havia passado muito mais tempo no escuro. Em função das características observadas, conclui-se que a pessoa","A: apresentou aumento do seu período de sono contínuo e passou a dormir durante o dia, pois seu ritmo biológico foi alterado apenas no período noturno.; B: apresentou pouca alteração do seu ritmo circadiano, sendo que sua noção de tempo foi alterada somente pela sua falta de atenção à passagem do tempo.; C: estava com seu ritmo já alterado antes de entrar na sala, o que significa que apenas progrediu para um estado mais avançado de perda do ritmo biológico no escuro.; D: teve seu ritmo biológico alterado devido à ausência de luz e de contato com o mundo externo, no qual a noção de tempo de um dia é modulada pela presença ou ausência do sol.; E: deveria não ter apresentado nenhuma mudança do seu período de sono porque, na realidade, continua com o seu ritmo normal, independentemente do ambiente em que seja colocada.",-0.19051,D,2010,achou acorda acordava alimentação além ambientais aproximado assim biológico características ciclo circadiano claro classificados comportamentos conclui condições contagem corpo curtos denominado dentro determina dia dias disso diversos diário dormia dormir durante escura escuro fisiológicas função funções h havia horas imagine lá manhã mantendo mantida mantido mesma noite normais noção observadas passado perdido periódicos período períodos pessoa pistas pois quinze responde ritmo sair saiu sala sendo sido sono tempo totalmente vai vezes vigília,A: alterado apenas apresentou aumento biológico contínuo dia dormir durante noturno passou período pois ritmo sono; B: alterada alteração apresentou atenção circadiano falta noção passagem pouca ritmo sendo somente tempo; C: alterado antes apenas avançado biológico entrar escuro estado perda progrediu ritmo sala significa; D: alterado ausência biológico contato devido dia externo luz modulada mundo noção presença ritmo sol tempo; E: ambiente apresentado colocada continua deveria independentemente mudança nenhuma normal período porque realidade ritmo sono ter
89,"Deseja-se instalar uma estação de geração de energia elétrica em um município localizado no interior de um pequeno vale cercado de altas montanhas de difícil acesso. A cidade é cruzada por um rio, que é fonte de água para consumo, irrigação das lavouras de subsistência e pesca. Na região, que possui pequena extensão territorial, a incidência solar é alta o ano todo. A estação em questão irá abastecer apenas o município apresentado. Qual forma de obtenção de energia, entre as apresentadas, é a mais indicada para ser implantada nesse município de modo a causar o menor impacto ambiental?","A: Termelétrica, pois é possível utilizar a água do rio no sistema de refrigeração.; B: Eólica, pois a geografia do local é própria para a captação desse tipo de energia.; C: Nuclear, pois o modo de resfriamento de seus sistemas não afetaria a população.; D: Fotovoltaica, pois é possível aproveitar a energia solar que chega à superfície do local.; E: Hidrelétrica, pois o rio que corta o município é suficiente para abastecer a usina construída.",0.43465,D,2010,abastecer acesso alta altas ambiental ano apenas apresentadas apresentado causar cercado cidade consumo cruzada deseja difícil elétrica energia estação extensão fonte forma geração impacto implantada incidência indicada instalar interior irrigação irá lavouras localizado menor modo montanhas município nesse obtenção pequena pequeno pesca possui questão região rio solar subsistência territorial todo vale água,A: pois possível refrigeração rio sistema termelétrica utilizar água; B: captação desse energia eólica geografia local pois própria tipo; C: afetaria modo nuclear pois população resfriamento sistemas; D: aproveitar chega energia fotovoltaica local pois possível solar superfície; E: abastecer construída corta hidrelétrica município pois rio suficiente usina
90,"O lixão que recebia 130 toneladas de lixo e contaminava a região com o seu chorume (líquido derivado da decomposição de compostos orgânicos) foi recuperado, transformando-se em um aterro sanitário controlado, mudando a qualidade de vida e a paisagem e proporcionando condições dignas de trabalho para os que dele subsistiam. Quais procedimentos técnicos tornam o aterro sanitário mais vantajoso que o lixão, em relação às problemáticas abordadas no texto?","A: O lixo é recolhido e incinerado pela combustão a altas temperaturas.; B: O lixo hospitalar é separado para ser enterrado e sobre ele, colocada cal virgem.; C: O lixo orgânico e inorgânico é encoberto, e o chorume canalizado para ser tratado e neutralizado.; D: O lixo orgânico é completamente separado do lixo inorgânico, evitando a formação de chorume.; E: O lixo industrial é separado e acondicionado de forma adequada, formando uma bolsa de resíduos.",0.71518,C,2010,abordadas aterro chorume compostos condições contaminava controlado decomposição derivado dignas lixo lixão líquido mudando orgânicos paisagem problemáticas procedimentos proporcionando quais qualidade recebia recuperado região relação sanitário subsistiam texto toneladas tornam trabalho transformando técnicos vantajoso vida,A: altas combustão incinerado lixo recolhido temperaturas; B: cal colocada enterrado hospitalar lixo separado sobre virgem; C: canalizado chorume encoberto inorgânico lixo neutralizado orgânico tratado; D: chorume completamente evitando formação inorgânico lixo orgânico separado; E: acondicionado adequada bolsa forma formando industrial lixo resíduos separado
46,"Partículas suspensas em um fluido apresentam contínua movimentação aleatória, chamado movimento browniano, causado pelos choques das partículas que compõem o fluido. A ideia de um inventor era construir uma série de palhetas, montadas sobre um eixo, que seriam postas em movimento pela agitação das partículas ao seu redor. Como o movimento ocorreria igualmente em ambos os sentidos de rotação, o cientista concebeu um segundo elemento, um dente de engrenagem assimétrico. Assim, em escala muito pequena, este tipo de motor poderia executar trabalho, por exemplo, puxando um pequeno peso para cima. O esquema, que já foi testado, é mostrado a seguir. A explicação para a necessidade do uso da engrenagem com trava é:","A: O travamento do motor, para que ele não se solte aleatoriamente.; B: A seleção da velocidade, controlada pela pressão nos dentes da engrenagem.; C: O controle do sentido da velocidade tangencial, permitindo, inclusive, uma fácil leitura do seu valor.; D: A determinação do movimento, devido ao caráter aleatório, cuja tendência é o equilíbrio.; E: A escolha do ângulo a ser girado, sendo possível, inclusive, medi-lo pelo número de dentes da engrenagem.",2.47488,D,2011,agitação aleatória ambos apresentam assim assimétrico browniano causado chamado choques cientista cima compõem concebeu construir contínua dente eixo elemento engrenagem escala esquema executar exemplo explicação fluido ideia igualmente inventor montadas mostrado motor movimentação movimento necessidade ocorreria palhetas partículas pequena pequeno peso poderia postas puxando redor rotação seguir segundo sentidos sobre suspensas série testado tipo trabalho trava uso,A: aleatoriamente motor solte travamento; B: controlada dentes engrenagem pressão seleção velocidade; C: controle fácil inclusive leitura permitindo sentido tangencial valor velocidade; D: aleatório caráter cuja determinação devido equilíbrio movimento tendência; E: dentes engrenagem escolha girado inclusive lo medi número possível sendo ângulo
47,"Os personagens da figura estão representando uma situação hipotética de cadeia alimentar Suponha que, em cena anterior à apresentada, o homem tenha se alimentado de frutas e grãos que conseguiu coletar. Na hipótese de, nas próximas cenas, o tigre ser bem-sucedido e, posteriormente, servir de alimento aos abutres, tigre e abutres ocuparão, respectivamente, os níveis tróficos de",A: produtor e consumidor primário.; B: consumidor primário e consumidor secundário.; C: consumidor secundário e consumidor terciário.; D: consumidor terciário e produtor.; E: consumidor secundário e consumidor primário.,0.07698,C,2011,abutres alimentado alimentar alimento anterior apresentada bem cadeia cena cenas coletar conseguiu figura frutas grãos hipotética hipótese homem níveis ocuparão personagens posteriormente próximas representando respectivamente servir situação sucedido suponha tigre tróficos,A: consumidor primário produtor; B: consumidor primário secundário; C: consumidor secundário terciário; D: consumidor produtor terciário; E: consumidor primário secundário
48,"A produção de soro antiofídico é feita por meio da extração da peçonha de serpentes que, após tratamento, é introduzida em um cavalo. Em seguida são feitas sangrias para avaliar a concentração de anticorpos produzidos pelo cavalo. Quando essa concentração atinge o valor desejado, é realizada a sangria final para obtenção do soro. As hemácias são devolvidas ao animal, por meio de uma técnica denominada plasmaferese, a fim de reduzir os efeitos colaterais provocados pela sangria. A plasmaferese é importante, pois, se o animal ficar com uma baixa quantidade de hemácias, poderá apresentar",A: febre alta e constante.; B: redução de imunidade.; C: aumento da pressão arterial.; D: quadro de leucemia profunda.; E: problemas no transporte de oxigênio.,0.63064,E,2011,animal anticorpos antiofídico apresentar após atinge avaliar baixa cavalo colaterais concentração denominada desejado devolvidas efeitos extração feita feitas ficar fim final hemácias importante introduzida meio obtenção peçonha plasmaferese poderá pois produzidos produção provocados quantidade realizada reduzir sangria sangrias seguida serpentes soro tratamento técnica valor,A: alta constante febre; B: imunidade redução; C: arterial aumento pressão; D: leucemia profunda quadro; E: oxigênio problemas transporte
49,"Um paciente deu entrada em um pronto-socorro apresentando os seguintes sintomas: cansaço, dificuldade em respirar e sangramento nasal. O médico solicitou um hemograma ao paciente para definir um diagnóstico. Os resultados estão dispostos na tabela: Relacionando os sintomas apresentados pelo paciente com os resultados de seu hemograma, constata-se que","A: o sangramento nasal é devido à baixa quantidade de plaquetas, que são responsáveis pela coagulação sanguínea.; B: o cansaço ocorreu em função da quantidade de glóbulos brancos, que são responsáveis pela coagulação sanguínea.; C: a dificuldade respiratória decorreu da baixa quantidade de glóbulos vermelhos, que são responsáveis pela defesa imunológica.; D: o sangramento nasal é decorrente da baixa quantidade de glóbulos brancos, que são responsáveis pelo transporte de gases no sangue.; E: a dificuldade respiratória ocorreu pela quantidade de plaquetas, que são responsáveis pelo transporte de oxigênio no sangue.",0.4356,A,2011,apresentados apresentando cansaço constata definir deu diagnóstico dificuldade dispostos entrada hemograma médico nasal paciente pronto relacionando respirar resultados sangramento seguintes sintomas socorro solicitou tabela,A: baixa coagulação devido nasal plaquetas quantidade responsáveis sangramento sanguínea; B: brancos cansaço coagulação função glóbulos ocorreu quantidade responsáveis sanguínea; C: baixa decorreu defesa dificuldade glóbulos imunológica quantidade respiratória responsáveis vermelhos; D: baixa brancos decorrente gases glóbulos nasal quantidade responsáveis sangramento sangue transporte; E: dificuldade ocorreu oxigênio plaquetas quantidade respiratória responsáveis sangue transporte
50,"Um dos problemas dos combustíveis que contêm carbono é que sua queima produz dióxido de carbono. Portanto, uma característica importante, ao se escolher um combustível, é analisar seu calor de combustão (∆Hc º), definido como a energia liberada na queima completa de um mol de combustível no estado padrão. O quadro seguinte relaciona algumas substâncias que contêm carbono e seu ∆Hc º. Substância Fórmula ∆Hc º (kJ/mol) benzeno C6 H6 (l) -3 268 etanol C2 H5 OH (l) -1 368 glicose C6 H12O6 (s) -2 808 metano CH4 (g) -890 octano C8 H18 (l) -5 471 Neste contexto, qual dos combustíveis, quando queimado completamente, libera mais dióxido de carbono no ambiente pela mesma quantidade de energia produzida?",A: Benzeno.; B: Metano.; C: Glicose.; D: Octano.; E: Etanol.,1.84632,C,2011,algumas ambiente analisar benzeno calor característica carbono combustão combustíveis combustível completa completamente contexto contêm definido dióxido energia escolher estado etanol fórmula g glicose hc importante kj l libera liberada mesma metano mol neste octano oh padrão portanto problemas produz produzida quadro quantidade queima queimado relaciona s seguinte substância substâncias,A: benzeno; B: metano; C: glicose; D: octano; E: etanol
51,"Para evitar o desmatamento da Mata Atlântica nos arredores da cidade de Amargosa, no Recôncavo da Bahia, o Ibama tem atuado no sentido de fiscalizar, entre outras, as pequenas propriedades rurais que dependem da lenha proveniente das matas para a produção da farinha de mandioca, produto típico da região. Com isso, pequenos produtores procuram alternativas como o gás de cozinha, o que encarece a farinha. Uma alternativa viável, em curto prazo, para os produtores de farinha em Amargosa, que não cause danos à Mata Atlântica nem encareça o produto é a","A: construção, nas pequenas propriedades, de grandes fornos elétricos para torrar a mandioca.; B: plantação, em suas propriedades, de árvores para serem utilizadas na produção de lenha.; C: permissão, por parte do Ibama, da exploração da Mata Atlântica apenas pelos pequenos produtores.; D: construção de biodigestores, para a produção de gás combustível a partir de resíduos orgânicos da região.; E: coleta de carvão de regiões mais distantes, onde existe menor intensidade de fiscalização do Ibama.",0.57856,D,2011,alternativa alternativas amargosa arredores atlântica atuado bahia cause cidade cozinha curto danos dependem desmatamento encarece encareça evitar farinha fiscalizar gás ibama lenha mandioca mata matas outras pequenas pequenos prazo procuram produto produtores produção propriedades proveniente recôncavo região rurais sentido típico viável,A: construção elétricos fornos grandes mandioca pequenas propriedades torrar; B: lenha plantação produção propriedades serem utilizadas árvores; C: apenas atlântica exploração ibama mata parte pequenos permissão produtores; D: biodigestores combustível construção gás orgânicos partir produção região resíduos; E: carvão coleta distantes existe fiscalização ibama intensidade menor onde regiões
52,"Belém é cercada por 39 ilhas, e suas populações convivem com ameaças de doenças. O motivo, apontado por especialistas, é a poluição da água do rio, principal fonte de sobrevivência dos ribeirinhos. A diarreia é frequente nas crianças e ocorre como consequência da falta de saneamento básico, já que a população não tem acesso à água de boa qualidade. Como não há água potável, a alternativa é consumir a do rio. O procedimento adequado para tratar a água dos rios, a fim de atenuar os problemas de saúde causados por microrganismos a essas populações ribeirinhas é a",A: filtração.; B: cloração.; C: coagulação.; D: fluoretação.; E: decantação.,1.13389,B,2011,acesso adequado alternativa ameaças apontado atenuar belém boa básico causados cercada consequência consumir convivem crianças diarreia doenças especialistas falta fim fonte frequente ilhas microrganismos motivo ocorre poluição população populações potável principal problemas procedimento qualidade ribeirinhas ribeirinhos rio rios saneamento saúde sobrevivência tratar água,A: filtração; B: cloração; C: coagulação; D: fluoretação; E: decantação
53,"O vírus do papiloma humano (HPV, na sigla em inglês) causa o aparecimento de verrugas e infecção persistente, sendo o principal fator ambiental do câncer de colo de útero nas mulheres. O vírus pode entrar pela pele ou por mucosas do corpo, o qual desenvolve anticorpos contra a ameaça, embora em alguns casos a defesa natural do organismo não seja suficiente. Foi desenvolvida uma vacina contra o HPV, que reduz em até 90% as verrugas e 85,6% dos casos de infecção persistente em comparação com pessoas não vacinadas. O benefício da utilização dessa vacina é que pessoas vacinadas, em comparação com as não vacinadas, apresentam diferentes respostas ao vírus HPV em decorrência da",A: alta concentração de macrófagos.; B: elevada taxa de anticorpos específicos anti-HPV circulantes.; C: aumento na produção de hemácias após a infecção por vírus HPV.; D: rapidez na produção de altas concentrações de linfócitos matadores.; E: presença de células de memória que atuam na resposta secundária.,1.55768,E,2011,alguns ambiental ameaça anticorpos aparecimento apresentam benefício casos causa colo comparação contra corpo câncer decorrência defesa desenvolve desenvolvida dessa diferentes embora entrar fator hpv humano infecção inglês mucosas mulheres natural organismo papiloma pele persistente pessoas pode principal reduz respostas sendo sigla suficiente utilização vacina vacinadas verrugas vírus útero,A: alta concentração macrófagos; B: anti anticorpos circulantes elevada específicos hpv taxa; C: após aumento hemácias hpv infecção produção vírus; D: altas concentrações linfócitos matadores produção rapidez; E: atuam células memória presença resposta secundária
54,"Certas ligas estanho-chumbo com composição específica formam um eutético simples, o que significa que uma liga com essas características se comporta como uma substância pura, com um ponto de fusão definido, no caso 183 ºC. Essa é uma temperatura inferior mesmo ao ponto de fusão dos metais que compõem esta liga (o estanho puro funde a 232 ºC e o chumbo puro a 320 ºC), o que justifica sua ampla utilização na soldagem de componentes eletrônicos, em que o excesso de aquecimento deve sempre ser evitado. De acordo com as normas internacionais, os valores mínimo e máximo das densidades para essas ligas são de 8,74 g/mL e 8,82 g/mL, respectivamente. As densidades do estanho e do chumbo são 7,3 g/mL e 11,3 g/mL, respectivamente. Um lote contendo 5 amostras de solda estanhochumbo foi analisado por um técnico, por meio da determinação de sua composição percentual em massa, cujos resultados estão mostrados no quadro a seguir. Amostra Porcentagem de Sn (%) Porcentagem de Pb (%) I 60 40 II 62 38 III 65 35 IV 63 37 V 59 41 Com base no texto e na análise realizada pelo técnico, as amostras que atendem às normas internacionais são",A: I e II.; B: I e III.; C: II e IV.; D: III e V.; E: IV e V.,1.29865,C,2011,acordo amostra amostras ampla analisado análise aquecimento atendem base características caso certas chumbo componentes comporta composição compõem contendo cujos definido densidades determinação deve eletrônicos específica estanho estanhochumbo eutético evitado excesso formam funde fusão g i ii iii inferior internacionais iv justifica liga ligas lote massa meio metais ml mostrados máximo mínimo normas pb percentual ponto porcentagem pura puro quadro realizada respectivamente resultados seguir sempre significa simples sn solda soldagem substância temperatura texto técnico utilização v valores,A: i ii; B: i iii; C: ii iv; D: iii v; E: iv v
55,"No processo de industrialização da mamona, além do óleo que contém vários ácidos graxos, é obtida uma massa orgânica, conhecida como torta de mamona. Esta massa tem potencial para ser utilizada como fertilizante para o solo e como complemento em rações animais devido a seu elevado valor proteico. No entanto, a torta apresenta compostos tóxicos e alergênicos diferentemente do óleo da mamona. Para que a torta possa ser utilizada na alimentação animal, é necessário um processo de descontaminação. A característica presente nas substâncias tóxicas e alergênicas, que inviabiliza sua solubilização no óleo de mamona, é a",A: lipofilia.; B: hidrofilia.; C: hipocromia.; D: cromatofilia.; E: hiperpolarização.,2.23506,B,2011,alergênicas alergênicos alimentação além animais animal apresenta característica complemento compostos conhecida contém descontaminação devido diferentemente elevado entanto fertilizante graxos industrialização inviabiliza mamona massa necessário obtida orgânica possa potencial presente processo proteico rações solo solubilização substâncias torta tóxicas tóxicos utilizada valor vários ácidos óleo,A: lipofilia; B: hidrofilia; C: hipocromia; D: cromatofilia; E: hiperpolarização
56,"O manual de funcionamento de um captador de guitarra elétrica apresenta o seguinte texto: Esse captador comum consiste de uma bobina, fios condutores enrolados em torno de um ímã permanente. O campo magnético do ímã induz o ordenamento dos polos magnéticos na corda da guitarra, que está próxima a ele. Assim, quando a corda é tocada, as oscilações produzem variações, com o mesmo padrão, no fluxo magnético que atravessa a bobina. Isso induz uma corrente elétrica na bobina, que é transmitida até o amplificador e, daí, para o alto-falante. Um guitarrista trocou as cordas originais de sua guitarra, que eram feitas de aço, por outras feitas de náilon. Com o uso dessas cordas, o amplificador ligado ao instrumento não emitia mais som, porque a corda de náilon",A: isola a passagem de corrente elétrica da bobina para o alto-falante.; B: varia seu comprimento mais intensamente do que ocorre com o aço.; C: apresenta uma magnetização desprezível sob a ação do ímã permanente.; D: induz correntes elétricas na bobina mais intensas que a capacidade do captador.; E: oscila com uma frequência menor do que a que pode ser percebida pelo captador,0.97069,C,2011,alto amplificador apresenta assim atravessa aço bobina campo captador comum condutores consiste corda cordas corrente daí dessas elétrica emitia enrolados falante feitas fios fluxo funcionamento guitarra guitarrista induz instrumento ligado magnético magnéticos manual náilon ordenamento originais oscilações outras padrão permanente polos porque produzem próxima seguinte som texto tocada torno transmitida trocou uso variações ímã,A: alto bobina corrente elétrica falante isola passagem; B: aço comprimento intensamente ocorre varia; C: apresenta ação desprezível magnetização permanente sob ímã; D: bobina capacidade captador correntes elétricas induz intensas; E: captador frequência menor oscila percebida pode
57,"O controle biológico, técnica empregada no combate a espécies que causam danos e prejuízos aos seres humanos, é utilizado no combate à lagarta que se alimenta de folhas de algodoeiro. Algumas espécies de borboleta depositam seus ovos nessa cultura. A microvespa Trichogramma sp. introduz seus ovos nos ovos de outros insetos, incluindo os das borboletas em questão. Os embriões da vespa se alimentam do conteúdo desses ovos e impedem que as larvas de borboleta se desenvolvam. Assim, é possível reduzir a densidade populacional das borboletas até níveis que não prejudiquem a cultura. A técnica de controle biológico realizado pela microvespa Trichogramma sp. consiste na","A: introdução de um parasita no ambiente da espécie que se deseja combater.; B: introdução de um gene letal nas borboletas, a fim de diminuir o número de indivíduos.; C: competição entre a borboleta e a microvespa para a obtenção de recursos.; D: modificação do ambiente para selecionar indivíduos melhor adaptados.; E: aplicação de inseticidas a fim de diminuir o número de indivíduos que se deseja combater.",-0.02949,A,2011,algodoeiro algumas alimenta alimentam assim biológico borboleta borboletas causam combate consiste conteúdo controle cultura danos densidade depositam desenvolvam desses embriões empregada espécies folhas humanos impedem incluindo insetos introduz lagarta larvas microvespa nessa níveis outros ovos populacional possível prejudiquem prejuízos questão realizado reduzir seres sp trichogramma técnica utilizado vespa,A: ambiente combater deseja espécie introdução parasita; B: borboletas diminuir fim gene indivíduos introdução letal número; C: borboleta competição microvespa obtenção recursos; D: adaptados ambiente indivíduos melhor modificação selecionar; E: aplicação combater deseja diminuir fim indivíduos inseticidas número
58,"A pele humana, quando está bem hidratada, adquire boa elasticidade e aspecto macio e suave. Em contrapartida, quando está ressecada, perde sua elasticidade e se apresenta opaca e áspera. Para evitar o ressecamento da pele é necessário, sempre que possível, utilizar hidratantes umectantes, feitos geralmente à base de glicerina e polietilenoglicol: glicerina polietilenoglicol A análise da água de um lago que recebe a descarga de águas residuais provenientes de lavouras adubadas revelou as concentrações dos elementos carbono (21,2 mol/L), nitrogênio (1,2 mol/L) e fósforo (0,2 mol/L). Nessas condições, o nutriente limítrofe é o",A: ligações iônicas.; B: forças de London.; C: ligações covalentes.; D: forças dipolo-dipolo.; E: ligações de hidrogênio.,1.06139,E,2011,adquire adubadas análise apresenta aspecto base bem boa carbono concentrações condições contrapartida descarga elasticidade elementos evitar feitos fósforo geralmente glicerina hidratada hidratantes humana l lago lavouras limítrofe macio mol necessário nessas nitrogênio nutriente opaca pele perde polietilenoglicol possível provenientes recebe residuais ressecada ressecamento revelou sempre suave umectantes utilizar água águas áspera,A: iônicas ligações; B: forças london; C: covalentes ligações; D: dipolo forças; E: hidrogênio ligações
59,"A cal (óxido de cálcio, CaO), cuja suspensão em água é muito usada como uma tinta de baixo custo, dá uma tonalidade branca aos troncos de árvores. Essa é uma prática muito comum em praças públicas e locais privados, geralmente usada para combater a proliferação de parasitas. Essa aplicação, também chamada de caiação, gera um problema: elimina microrganismos benéficos para a árvore. A destruição do microambiente, no tronco de árvores pintadas com cal, é devida ao processo de","A: difusão, pois a cal se difunde nos corpos dos seres do microambiente e os intoxica.; B: osmose, pois a cal retira água do microambiente, tornando-o inviável ao desenvolvimento de microrganismos.; C: oxidação, pois a luz solar que incide sobre o tronco ativa fotoquimicamente a cal, que elimina os seres vivos do microambiente.; D: aquecimento, pois a luz do Sol incide sobre o tronco e aquece a cal, que mata os seres vivos do microambiente.; E: vaporização, pois a cal facilita a volatilização da água para a atmosfera, eliminando os seres vivos do microambiente.",1.75071,B,2011,aplicação baixo benéficos branca caiação cal cao chamada combater comum cuja custo cálcio destruição devida dá elimina gera geralmente locais microambiente microrganismos parasitas pintadas praças privados problema processo proliferação prática públicas suspensão tinta tonalidade tronco troncos usada água árvore árvores óxido,A: cal corpos difunde difusão intoxica microambiente pois seres; B: cal desenvolvimento inviável microambiente microrganismos osmose pois retira tornando água; C: ativa cal elimina fotoquimicamente incide luz microambiente oxidação pois seres sobre solar tronco vivos; D: aquece aquecimento cal incide luz mata microambiente pois seres sobre sol tronco vivos; E: atmosfera cal eliminando facilita microambiente pois seres vaporização vivos volatilização água
60,"Em um manual de um chuveiro elétrico são encontradas informações sobre algumas características técnicas, ilustradas no quadro, como a tensão de alimentação, a potência dissipada, o dimensionamento do disjuntor ou fusível, e a área da seção transversal dos condutores utilizados. Uma pessoa adquiriu um chuveiro do modelo A e, ao ler o manual, verificou que precisava ligá-lo a um disjuntor de 50 amperes. No entanto, intrigou-se com o fato de que o disjuntor a ser utilizado para uma correta instalação de um chuveiro do modelo B devia possuir amperagem 40% menor. Considerando-se os chuveiros de modelos A e B, funcionando à mesma potência de 4 400 W, a razão entre as suas respectivas resistências elétricas, RA e RB, que justifica a diferença de dimensionamento dos disjuntores, é mais próxima de:","A: 0,3.; B: 0,6.; C: 0,8.; D: 1,7.; E: 3,0.",1.33878,A,2011,adquiriu algumas alimentação amperagem amperes b características chuveiro chuveiros condutores considerando correta devia diferença dimensionamento disjuntor disjuntores dissipada elétricas elétrico encontradas entanto fato funcionando fusível ilustradas informações instalação intrigou justifica ler ligá lo manual menor mesma modelo modelos pessoa possuir potência precisava próxima quadro ra razão rb resistências respectivas seção sobre tensão transversal técnicas utilizado utilizados verificou w área,A: ; B: ; C: ; D: ; E: 
61,"Nos dias de hoje, podemos dizer que praticamente todos os seres humanos já ouviram em algum momento falar sobre o DNA e seu papel na hereditariedade da maioria dos organismos. Porém, foi apenas em 1952, um ano antes da descrição do modelo do DNA em dupla hélice por Watson e Crick, que foi confirmado sem sombra de dúvidas que o DNA é material genético. No artigo em que Watson e Crick descreveram a molécula de DNA, eles sugeriram um modelo de como essa molécula deveria se replicar. Em 1958, Meselson e Stahl realizaram experimentos utilizando isótopos pesados de nitrogênio que foram incorporados às bases nitrogenadas para avaliar como se daria a replicação da molécula. A partir dos resultados, confirmaram o modelo sugerido por Watson e Crick, que tinha como premissa básica o rompimento das pontes de hidrogênio entre as bases nitrogenadas. Considerando a estrutura da molécula de DNA e a posição das pontes de hidrogênio na mesma, os experimentos realizados por Meselson e Stahl a respeito da replicação dessa molécula levaram à conclusão de que","A: a replicação do DNA é conservativa, isto é, a fita dupla filha é recém-sintetizada e o filamento parental é conservado.; B: a replicação de DNA é dispersiva, isto é, as fitas filhas contêm DNA recém-sintetizado e parentais em cada uma das fitas.; C: a replicação é semiconservativa, isto é, as fitas filhas consistem de uma fita parental e uma recém-sintetizada.; D: a replicação do DNA é conservativa, isto é, as fitas filhas consistem de moléculas de DNA parental.; E: a replicação é semiconservativa, isto é, as fitas filhas consistem de uma fita molde e uma fita codificadora.",1.40218,C,2011,algum ano antes apenas artigo avaliar bases básica conclusão confirmado confirmaram considerando crick daria descreveram descrição dessa deveria dias dizer dna dupla dúvidas estrutura experimentos falar genético hereditariedade hidrogênio hoje humanos hélice incorporados isótopos levaram maioria material meselson mesma modelo molécula momento nitrogenadas nitrogênio organismos ouviram papel partir pesados podemos pontes porém posição praticamente premissa realizados realizaram replicar replicação respeito resultados rompimento seres sobre sombra stahl sugerido sugeriram todos utilizando watson,A: conservado conservativa dna dupla filamento filha fita parental recém replicação sintetizada; B: cada contêm dispersiva dna filhas fitas parentais recém replicação sintetizado; C: consistem filhas fita fitas parental recém replicação semiconservativa sintetizada; D: conservativa consistem dna filhas fitas moléculas parental replicação; E: codificadora consistem filhas fita fitas molde replicação semiconservativa
62,"A eutrofização é um processo em que rios, lagos e mares adquirem níveis altos de nutrientes, especialmente fosfatos e nitratos, provocando posterior acúmulo de matéria orgânica em decomposição. Os nutrientes são assimilados pelos produtores primários e o crescimento desses é controlado pelo nutriente limítrofe, que é o elemento menos disponível em relação à abundância necessária à sobrevivência dos organismos vivos. O ciclo representado na figura seguinte reflete a dinâmica dos nutrientes em um lago. A análise da água de um lago que recebe a descarga de águas residuais provenientes de lavouras adubadas revelou as concentrações dos elementos carbono (21,2 mol/L), nitrogênio (1,2 mol/L) e fósforo (0,2 mol/L). Nessas condições, o nutriente limítrofe é o",A: C ; B: N.; C: P.; D: CO2 .; E: PO4 3- .,1.91559,B,2011,abundância acúmulo adquirem adubadas altos análise assimilados carbono ciclo concentrações condições controlado crescimento decomposição descarga desses dinâmica disponível elemento elementos especialmente eutrofização figura fosfatos fósforo l lago lagos lavouras limítrofe mares matéria menos mol necessária nessas nitratos nitrogênio nutriente nutrientes níveis organismos orgânica posterior primários processo produtores provenientes provocando recebe reflete relação representado residuais revelou rios seguinte sobrevivência vivos água águas,A: c; B: n; C: p; D: ; E: 
63,"Para que uma substância seja colorida ela deve absorver luz na região do visível. Quando uma amostra absorve luz visível, a cor que percebemos é a soma das cores restantes que são refletidas ou transmitidas pelo objeto. A Figura 1 mostra o espectro de absorção para uma substância e é possível observar que há um comprimento de onda em que a intensidade de absorção é máxima. Um observador pode prever a cor dessa substância pelo uso da roda de cores (Figura 2): o comprimento de onda correspondente à cor do objeto é encontrado no lado oposto ao comprimento de onda da absorção máxima. Qual a cor da substância que deu origem ao espectro da Figura 1?",A: Azul.; B: Verde.; C: Violeta.; D: Laranja.; E: Vermelho.,0.95099,E,2011,absorve absorver absorção amostra colorida comprimento cor cores correspondente dessa deu deve encontrado espectro figura intensidade lado luz mostra máxima objeto observador observar onda oposto origem percebemos pode possível prever refletidas região restantes roda soma substância transmitidas uso visível,A: azul; B: verde; C: violeta; D: laranja; E: vermelho
64,"O mapa mostra a área de ocorrência da malária no mundo. Considerando-se sua distribuição na América do Sul, a malária pode ser classificada como","A: endemia, pois se concentra em uma área geográfica restrita desse continente.; B: peste, já que ocorre nas regiões mais quentes do continente.; C: epidemia, já que ocorre na maior parte do continente.; D: surto, pois apresenta ocorrência em áreas pequenas.; E: pandemia, pois ocorre em todo o continente.",0.74057,A,2011,américa classificada considerando distribuição malária mapa mostra mundo ocorrência pode sul área,A: concentra continente desse endemia geográfica pois restrita área; B: continente ocorre peste quentes regiões; C: continente epidemia maior ocorre parte; D: apresenta ocorrência pequenas pois surto áreas; E: continente ocorre pandemia pois todo
65,"Em 1999, a geneticista Emma Whitelaw desenvolveu um experimento no qual ratas prenhes foram submetidas a uma dieta rica em vitamina B12, ácido fólico e soja. Os filhotes dessas ratas, apesar de possuírem o gene para obesidade, não expressaram essa doença na fase adulta. A autora concluiu que a alimentação da mãe, durante a gestação, silenciou o gene da obesidade. Dez anos depois, as geneticistas Eva Jablonka e Gal Raz listaram 100 casos comprovados de traços adquiridos e transmitidos entre gerações de organismos, sustentando, assim, a epigenética, que estuda as mudanças na atividade dos genes que não envolvem alterações na sequência do DNA. Alguns cânceres esporádicos representam exemplos de
alteração epigenética, pois são ocasionados por",A: aneuploidia do cromossomo sexual X.; B: polipoidia dos cromossomos autossômicos.; C: mutação em genes autossômicos com expressão dominante.; D: substituição no gene da cadeia beta da hemoglobina.; E: inativação de genes por meio de modificações nas bases nitrogenadas.,3.19792,E,2011,adquiridos adulta alguns alimentação alteração alterações anos apesar assim atividade autora casos comprovados concluiu cânceres desenvolveu dessas dez dieta dna doença durante emma envolvem epigenética esporádicos estuda eva exemplos experimento expressaram fase filhotes fólico gal gene genes geneticista geneticistas gerações gestação jablonka listaram mudanças mãe obesidade ocasionados organismos pois possuírem prenhes ratas raz representam rica sequência silenciou soja submetidas sustentando transmitidos traços vitamina whitelaw ácido,A: aneuploidia cromossomo sexual x; B: autossômicos cromossomos polipoidia; C: autossômicos dominante expressão genes mutação; D: beta cadeia gene hemoglobina substituição; E: bases genes inativação meio modificações nitrogenadas
66,"Um motor só poderá realizar trabalho se receber uma quantidade de energia de outro sistema. No caso, a energia armazenada no combustível é, em parte, liberada durante a combustão para que o aparelho possa funcionar. Quando o motor funciona, parte da energia convertida ou transformada na combustão não pode ser utilizada para a realização de trabalho. Isso significa dizer que há vazamento da energia em outra forma.  Um motor só poderá realizar trabalho se receber uma quantidade de energia de outro sistema. No caso, a energia armazenada no combustível é, em parte, liberada durante a combustão para que o aparelho possa funcionar. Quando o motor funciona, parte da energia convertida ou transformada na combustão não pode ser utilizada para a realização de trabalho. Isso significa dizer que há vazamento da energia em outra forma.",A: liberação de calor dentro do motor ser impossível.; B: realização de trabalho pelo motor ser incontrolável.; C: conversão integral de calor em trabalho ser impossível.; D: transformação de energia térmica em cinética ser impossível.; E: utilização de energia potencial do combustível ser incontrolável.,0.65233,C,2011,aparelho armazenada caso combustão combustível convertida dizer durante energia forma funciona funcionar liberada motor outra outro parte pode poderá possa quantidade realizar realização receber significa sistema trabalho transformada utilizada vazamento,A: calor dentro impossível liberação motor; B: incontrolável motor realização trabalho; C: calor conversão impossível integral trabalho; D: cinética energia impossível transformação térmica; E: combustível energia incontrolável potencial utilização
67,"O processo de interpretação de imagens capturadas por sensores instalados a bordo de satélites que imageiam determinadas faixas ou bandas do espectro de radiação eletromagnética (REM) baseia-se na interação dessa radiação com os objetos presentes sobre a superfície terrestre. Uma das formas de avaliar essa interação é por meio da quantidade de energia refletida pelos objetos. A relação entre a refletância de um dado objeto e o comprimento de onda da REM é conhecida como curva de comportamento espectral ou assinatura espectral do objeto, como mostrado na figura, para objetos comuns na superfície terrestre. De acordo com as curvas de assinatura espectral apresentadas na figura, para que se obtenha a melhor discriminação dos alvos mostrados, convém selecionar a banda correspondente a que comprimento de onda em micrômetros (µm)?","A: 0,4 a 0,5.; B: 0,5 a 0,6.; C: 0,6 a 0,7.; D: 0,7 a 0,8.; E: 0,8 a 0,9.",2.57131,E,2011,acordo alvos apresentadas assinatura avaliar banda bandas baseia bordo capturadas comportamento comprimento comuns conhecida convém correspondente curva curvas dado dessa determinadas discriminação eletromagnética energia espectral espectro faixas figura formas imageiam imagens instalados interação interpretação meio melhor micrômetros mostrado mostrados objeto objetos obtenha onda presentes processo quantidade radiação refletida refletância relação rem satélites selecionar sensores sobre superfície terrestre,A: ; B: ; C: ; D: ; E: 
68,"Um instituto de pesquisa norte-americano divulgou recentemente ter criado uma “célula sintética”, uma bactéria chamada de Mycoplasma mycoides. Os pesquisadores montaram uma sequência de nucleotídeos, que formam o único cromossomo dessa bactéria, o qual foi introduzido em outra espécie de bactéria, a Mycoplasma capricolum. Após a introdução, o cromossomo da M. capricolum foi neutralizado e o cromossomo artificial da M. mycoides começou a gerenciar a célula, produzindo suas proteínas. A importância dessa inovação tecnológica para a comunidade científica se deve à","A: possibilidade de sequenciar os genomas de bactérias para serem usados como receptoras de cromossomos artificiais.; B: capacidade de criação, pela ciência, de novas formas de vida, utilizando substâncias como carboidratos e lipídios.; C: possibilidade de produção em massa da bactéria Mycoplasma capricolum para sua distribuição em ambientes naturais.; D: possibilidade de programar geneticamente microrganismos ou seres mais complexos para produzir medicamentos, vacinas e combustíveis.; E: capacidade da bactéria Mycoplasma capricolum de expressar suas proteínas na bactéria sintética e estas serem usadas na indústria.",0.51757,D,2011,americano após artificial bactéria capricolum chamada científica começou comunidade criado cromossomo célula dessa deve divulgou espécie formam gerenciar importância inovação instituto introduzido introdução m montaram mycoides mycoplasma neutralizado norte nucleotídeos outra pesquisa pesquisadores produzindo proteínas recentemente sequência sintética tecnológica ter único,A: artificiais bactérias cromossomos genomas possibilidade receptoras sequenciar serem usados; B: capacidade carboidratos ciência criação formas lipídios novas substâncias utilizando vida; C: ambientes bactéria capricolum distribuição massa mycoplasma naturais possibilidade produção; D: combustíveis complexos geneticamente medicamentos microrganismos possibilidade produzir programar seres vacinas; E: bactéria capacidade capricolum expressar indústria mycoplasma proteínas serem sintética usadas
69,"Os sintomas mais sérios da Gripe A, causada pelo vírus H1N1, foram apresentados por pessoas mais idosas e por gestantes. O motivo aparente é a menor imunidade desses grupos contra o vírus. Para aumentar a imunidade populacional relativa ao vírus da gripe A, o governo brasileiro distribuiu vacinas para os grupos mais suscetíveis. A vacina contra o H1N1, assim como qualquer outra vacina contra agentes causadores de doenças infectocontagiosas, aumenta a imunidade das pessoas porque",A: possui anticorpos contra o agente causador da doença.; B: possui proteínas que eliminam o agente causador da doença.; C: estimula a produção de glóbulos vermelhos pela medula óssea.; D: possui linfócitos; B: e T que neutralizam o agente causador da doença.; E: estimula a produção de anticorpos contra o agente causador da doença.,0.02999,E,2011,agentes aparente apresentados assim aumenta aumentar brasileiro causada causadores contra desses distribuiu doenças gestantes governo gripe grupos idosas imunidade infectocontagiosas menor motivo outra pessoas populacional porque qualquer relativa sintomas suscetíveis sérios vacina vacinas vírus,A: agente anticorpos causador contra doença possui; B: agente causador doença eliminam possui proteínas; C: estimula glóbulos medula produção vermelhos óssea; D: linfócitos possui; B: agente causador doença neutralizam t; E: agente anticorpos causador contra doença estimula produção
70,"Um curioso estudante, empolgado com a aula de circuito elétrico que assistiu na escola, resolve desmontar sua lanterna. Utilizando-se da lâmpada e da pilha, retiradas do equipamento, e de um fio com as extremidades descascadas, faz as seguintes ligações com a intenção de acender a lâmpada: A importância dessa inovação tecnológica para a comunidade científica se deve à","A: (1), (3), (6); B: (3), (4), (5); C: (1), (3), (5); D: (1), (3), (7); E: (1), (2), (5)",1.3984,D,2011,acender assistiu aula científica circuito comunidade curioso descascadas desmontar dessa deve elétrico empolgado equipamento escola estudante extremidades faz fio importância inovação intenção lanterna ligações lâmpada pilha resolve retiradas seguintes tecnológica utilizando,A: ; B: ; C: ; D: ; E: 
71,"Os biocombustíveis de primeira geração são derivados da soja, milho e cana-de-açúcar e sua produção ocorre através da fermentação. Biocombustíveis derivados de material celulósico ou biocombustíveis de segunda geração — coloquialmente chamados de “gasolina de capim” — são aqueles produzidos a partir de resíduos de madeira (serragem, por exemplo), talos de milho, palha de trigo ou capim de crescimento rápido e se apresentam como uma alternativa para os problemas enfrentados pelos de primeira geração, já que as matérias-primas são baratas e abundantes. O texto mostra um dos pontos de vista a respeito do uso dos biocombustíveis na atualidade, os quais","A: são matrizes energéticas com menor carga de poluição para o ambiente e podem propiciar a geração de novos empregos, entretanto, para serem oferecidos com baixo custo, a tecnologia da degradação da celulose nos biocombustíveis de segunda geração deve ser extremamente eficiente.; B: oferecem múltiplas dificuldades, pois a produção é de alto custo, sua implantação não gera empregos, e deve-se ter cuidado com o risco ambiental, pois eles oferecerem os mesmos riscos que o uso de combustíveis fósseis.; C: sendo de segunda geração, são produzidos por uma tecnologia que acarreta problemas sociais, sobretudo decorrente do fato de a matéria-prima ser abundante e facilmente encontrada, o que impede a geração de novos empregos.; D: sendo de primeira e segunda geração, são produzidos por tecnologias que devem passar por uma avaliação criteriosa quanto ao uso, pois uma enfrenta o problema da falta de espaço para plantio da matéria-prima e a outra impede a geração de novas fontes de emprego.; E: podem acarretar sérios problemas econômicos e sociais, pois a substituição do uso de petróleo afeta negativamente toda uma cadeia produtiva na medida em que exclui diversas fontes de emprego nas refinarias, postos de gasolina e no transporte de petróleo e gasolina.",,A,2011,abundantes alternativa apresentam através atualidade açúcar baratas biocombustíveis cana capim celulósico chamados coloquialmente crescimento derivados enfrentados exemplo fermentação gasolina geração madeira material matérias milho mostra ocorre palha partir pontos primas primeira problemas produzidos produção quais respeito resíduos rápido segunda serragem soja talos texto trigo uso vista,A: ambiente baixo biocombustíveis carga celulose custo degradação deve eficiente empregos energéticas entretanto extremamente geração matrizes menor novos oferecidos podem poluição propiciar segunda serem tecnologia; B: alto ambiental combustíveis cuidado custo deve dificuldades empregos fósseis gera implantação mesmos múltiplas oferecem oferecerem pois produção risco riscos ter uso; C: abundante acarreta decorrente empregos encontrada facilmente fato geração impede matéria novos prima problemas produzidos segunda sendo sobretudo sociais tecnologia; D: avaliação criteriosa devem emprego enfrenta espaço falta fontes geração impede matéria novas outra passar plantio pois prima primeira problema produzidos quanto segunda sendo tecnologias uso; E: acarretar afeta cadeia diversas econômicos emprego exclui fontes gasolina medida negativamente petróleo podem pois postos problemas produtiva refinarias sociais substituição sérios toda transporte uso
72,"A bile é produzida pelo fígado, armazenada na vesícula biliar e tem papel fundamental na digestão de lipídeos. Os sais biliares são esteroides sintetizados no fígado a partir do colesterol, e sua rota de síntese envolve várias etapas. Partindo do ácido cólico representado na figura, ocorre a formação dos ácidos glicocólico e taurocólico; o prefixo glico- significa a presença de um resíduo do aminoácido glicina e o prefixo tauro-, do aminoácido taurina. A combinação entre o ácido cólico e a glicina ou taurina origina a função amida, formada pela reação entre o grupo amina desses aminoácidos e o grupo",A: carboxila do ácido cólico.; B: aldeído do ácido cólico.; C: hidroxila do ácido cólico.; D: cetona do ácido cólico.; E: éster do ácido cólico.,1.43777,A,2011,amida amina aminoácido aminoácidos armazenada bile biliar biliares colesterol combinação cólico desses digestão envolve esteroides etapas figura formada formação fundamental função fígado glicina glico glicocólico grupo lipídeos ocorre origina papel partindo partir prefixo presença produzida reação representado resíduo rota sais significa sintetizados síntese taurina tauro taurocólico vesícula várias ácido ácidos,A: carboxila cólico ácido; B: aldeído cólico ácido; C: cólico hidroxila ácido; D: cetona cólico ácido; E: cólico ácido éster
73,"Em um experimento realizado para determinar a densidade da água de um lago, foram utilizados alguns materiais conforme ilustrado: um dinamômetro D com graduação de 0 N a 50 N e um cubo maciço e homogêneo de 10 cm de aresta e 3 kg de massa. Inicialmente, foi conferida a calibração do dinamômetro, constatando-se a leitura de 30 N quando o cubo era preso ao dinamômetro e suspenso no ar. Ao mergulhar o cubo na água do lago, até que metade do seu volume ficasse submersa, foi registrada a leitura de 24 N no dinamômetro. Considerando que a aceleração da gravidade local é de 10 m/s2 , a densidade da água do lago, em g/cm3 , é","A: 0,6.; B: 1,2.; C: 1,5.; D: 2,4.; E: 4,8.",1.73884,B,2011,aceleração alguns ar aresta calibração cm conferida conforme considerando constatando cubo d densidade determinar dinamômetro experimento ficasse g graduação gravidade homogêneo ilustrado inicialmente kg lago leitura local m maciço massa materiais mergulhar metade n preso realizado registrada submersa suspenso utilizados volume água,A: ; B: ; C: ; D: ; E: 
74,"Uma equipe de cientistas lançará uma expedição ao Titanic para criar um detalhado mapa 3D que “vai tirar, virtualmente, o Titanic do fundo do mar para o público”. A expedição ao local, a 4 quilômetros de profundidade no Oceano Atlântico, está sendo apresentada como a mais sofisticada expedição científica ao Titanic. Ela utilizará tecnologias de imagem e sonar que nunca tinham sido aplicadas ao navio, para obter o mais completo inventário de seu conteúdo. Esta complementação é necessária em razão das condições do navio, naufragado há um século. No problema apresentado para gerar imagens através de camadas de sedimentos depositados no navio, o sonar é mais adequado, pois a",A: propagação da luz na água ocorre a uma velocidade maior que a do som neste meio.; B: absorção da luz ao longo de uma camada de água é facilitada enquanto a absorção do som não.; C: refração da luz a uma grande profundidade acontece com uma intensidade menor que a do som.; D: atenuação da luz nos materiais analisados é distinta da atenuação de som nestes mesmos materiais.; E: reflexão da luz nas camadas de sedimentos é menos intensa do que a reflexão do som neste material.,1.37136,D,2011,adequado aplicadas apresentada apresentado atlântico através camadas cientistas científica complementação completo condições conteúdo criar depositados detalhado equipe expedição fundo gerar imagem imagens inventário lançará local mapa mar naufragado navio necessária nunca obter oceano pois problema profundidade público quilômetros razão sedimentos sendo sido sofisticada sonar século tecnologias tirar titanic utilizará vai virtualmente,A: luz maior meio neste ocorre propagação som velocidade água; B: absorção camada enquanto facilitada longo luz som água; C: acontece grande intensidade luz menor profundidade refração som; D: analisados atenuação distinta luz materiais mesmos nestes som; E: camadas intensa luz material menos neste reflexão sedimentos som
75,"Os refrigerantes têm-se tornado cada vez mais o alvo de políticas públicas de saúde. Os de cola apresentam ácido fosfórico, substância prejudicial à fixação de cálcio, o mineral que é o principal componente da matriz dos dentes. A cárie é um processo dinâmico de desequilíbrio do processo de desmineralização dentária, perda de minerais em razão da acidez. Sabese que o principal componente do esmalte do dente é um sal denominado hidroxiapatita. O refrigerante, pela presença da sacarose, faz decrescer o pH do biofilme (placa bacteriana), provocando a desmineralização do esmalte dentário. Os mecanismos de defesa salivar levam de 20 a 30 minutos para normalizar o nível do pH, remineralizando o dente. A equação química seguinte representa esse processo: Considerando que uma pessoa consuma refrigerantes diariamente, poderá ocorrer um processo de desmineralização dentária, devido ao aumento da concentração de","A: OH- , que reage com os íons Ca2+, deslocando o equilíbrio para a direita.; B: H+, que reage com as hidroxilas OH- , deslocando o equilíbrio para a direita.; C: OH- , que reage com os íons Ca2+, deslocando o equilíbrio para a esquerda.; D: H+, que reage com as hidroxilas OH- , deslocando o equilíbrio para a esquerda.; E: Ca2+, que reage com as hidroxilas OH- , deslocando o equilíbrio para a esquerda.",0.81039,B,2011,acidez alvo apresentam aumento bacteriana biofilme cada cola componente concentração considerando consuma cálcio cárie decrescer defesa denominado dente dentes dentária dentário desequilíbrio desmineralização devido diariamente dinâmico equação esmalte faz fixação fosfórico hidroxiapatita levam matriz mecanismos minerais mineral minutos normalizar nível ocorrer perda pessoa ph placa poderá políticas prejudicial presença principal processo provocando públicas química razão refrigerante refrigerantes remineralizando representa sabese sacarose sal salivar saúde seguinte substância tornado têm vez ácido,A: deslocando direita equilíbrio oh reage íons; B: deslocando direita equilíbrio h hidroxilas oh reage; C: deslocando equilíbrio esquerda oh reage íons; D: deslocando equilíbrio esquerda h hidroxilas oh reage; E: deslocando equilíbrio esquerda hidroxilas oh reage
76,"Diferente do que o senso comum acredita, as lagartas de borboletas não possuem voracidade generalizada. Um estudo mostrou que as borboletas de asas transparentes da família Ithomiinae, comuns na Floresta Amazônica e na Mata Atlântica, consomem, sobretudo, plantas da família Solanaceae, a mesma do tomate. Contudo, os ancestrais dessas borboletas consumiam espécies vegetais da família Apocinaceae, mas a quantidade dessas plantas parece não ter sido suficiente para garantir o suprimento alimentar dessas borboletas. Dessa forma, as solanáceas tornaram-se uma opção de alimento, pois são abundantes na Mata Atlântica e na Floresta Amazônica. Nesse texto, a ideia do senso comum é confrontada com os conhecimentos científicos, ao se entender que as larvas das borboletas Ithomiinae encontradas atualmente na Mata Atlântica e na Floresta Amazônica, apresentam",A: facilidade em digerir todas as plantas desses locais.; B: interação com as plantas hospedeiras da família Apocinaceae.; C: adaptação para se alimentar de todas as plantas desses locais.; D: voracidade indiscriminada por todas as plantas existentes nesses locais.; E: especificidade pelas plantas da família Solanaceae existentes nesses locais.,1.8193,E,2011,abundantes acredita alimentar alimento amazônica ancestrais apocinaceae apresentam asas atlântica atualmente borboletas científicos comum comuns confrontada conhecimentos consomem consumiam contudo dessa dessas diferente encontradas entender espécies estudo família floresta forma garantir generalizada ideia ithomiinae lagartas larvas mata mesma mostrou nesse opção parece plantas pois possuem quantidade senso sido sobretudo solanaceae solanáceas suficiente suprimento ter texto tomate tornaram transparentes vegetais voracidade,A: desses digerir facilidade locais plantas todas; B: apocinaceae família hospedeiras interação plantas; C: adaptação alimentar desses locais plantas todas; D: existentes indiscriminada locais nesses plantas todas voracidade; E: especificidade existentes família locais nesses plantas solanaceae
77,"Para medir o tempo de reação de uma pessoa, pode-se realizar a seguinte experiência: I. Mantenha uma régua (com cerca de 30 cm) suspensa verticalmente, segurando-a pela extremidade superior, de modo que o zero da régua esteja situado na extremidade inferior. II. A pessoa deve colocar os dedos de sua mão, em forma de pinça, próximos do zero da régua, sem tocá-la. III. Sem aviso prévio, a pessoa que estiver segurando a régua deve soltá-la. A outra pessoa deve procurar segurá-la o mais rapidamente possível e observar a posição onde conseguiu segurar a régua, isto é, a distância que ela percorre durante a queda. O quadro seguinte mostra a posição em que três pessoas conseguiram segurar a régua e os respectivos tempos de reação. Distância percorrida pela régua durante a queda (metro) Tempo de reação (segundo) A distância percorrida pela régua aumenta mais rapidamente que o tempo de reação porque a","A: energia mecânica da régua aumenta, o que a faz cair mais rápido.; B: resistência do ar aumenta, o que faz a régua cair com menor velocidade.; C: aceleração de queda da régua varia, o que provoca um movimento acelerado.; D: força peso da régua tem valor constante, o que gera um movimento acelerado.; E: velocidade da régua é constante, o que provoca uma passagem linear de tempo.",5.86198,D,2011,aumenta aviso cerca cm colocar conseguiram conseguiu dedos deve distância durante experiência extremidade forma i ii iii inferior la mantenha medir metro modo mostra mão observar onde outra percorre percorrida pessoa pessoas pinça pode porque posição possível procurar prévio próximos quadro queda rapidamente realizar reação respectivos régua seguinte segundo segurando segurar segurá situado soltá superior suspensa tempo tempos tocá três verticalmente zero,A: aumenta cair energia faz mecânica rápido régua; B: ar aumenta cair faz menor resistência régua velocidade; C: acelerado aceleração movimento provoca queda régua varia; D: acelerado constante força gera movimento peso régua valor; E: constante linear passagem provoca régua tempo velocidade
78,"Um tipo de vaso sanitário que vem substituindo as válvulas de descarga está esquematizado na figura. Ao acionar a alavanca, toda a água do tanque é escoada e aumenta o nível no vaso, até cobrir o sifão. De acordo com o Teorema de Stevin, quanto maior a profundidade, maior a pressão. Assim, a água desce levando os rejeitos até o sistema de esgoto. A válvula da caixa de descarga se fecha e ocorre o seu enchimento. Em relação às válvulas de descarga, esse tipo de sistema proporciona maior economia de água. A característica de funcionamento que garante essa economia é devida",A: à altura do sifão de água.; B: ao volume do tanque de água.; C: à altura do nível de água no vaso.; D: ao diâmetro do distribuidor de água.; E: à eficiência da válvula de enchimento do tanque.,0.37435,B,2011,acionar acordo alavanca assim aumenta caixa característica cobrir descarga desce devida economia enchimento escoada esgoto esquematizado fecha figura funcionamento garante levando maior nível ocorre pressão profundidade proporciona quanto rejeitos relação sanitário sifão sistema stevin substituindo tanque teorema tipo toda vaso vem válvula válvulas água,A: altura sifão água; B: tanque volume água; C: altura nível vaso água; D: distribuidor diâmetro água; E: eficiência enchimento tanque válvula
79,"Moradores sobreviventes da tragédia que destruiu aproximadamente 60 casas no Morro do Bumba, na Zona Norte de Niterói (RJ), ainda defendem a hipótese de o deslizamento ter sido causado por uma explosão provocada por gás metano, visto que esse local foi um lixão entre os anos 1960 e 1980. O gás mencionado no texto é produzido","A: como subproduto da respiração aeróbia bacteriana.; B: pela degradação anaeróbia de matéria orgânica por bactérias.; C: como produto da fotossíntese de organismos pluricelulares autotróficos.; D: pela transformação química do gás carbônico em condições anaeróbias.; E: pela conversão, por oxidação química, do gás carbônico sob condições aeróbias.",2.72363,B,2011,ainda anos aproximadamente bumba casas causado defendem deslizamento destruiu explosão gás hipótese lixão local mencionado metano moradores morro niterói norte produzido provocada rj sido sobreviventes ter texto tragédia visto zona,A: aeróbia bacteriana respiração subproduto; B: anaeróbia bactérias degradação matéria orgânica; C: autotróficos fotossíntese organismos pluricelulares produto; D: anaeróbias carbônico condições gás química transformação; E: aeróbias carbônico condições conversão gás oxidação química sob
80,"Segundo dados do Balanço Energético Nacional de 2008, do Ministério das Minas e Energia, a matriz energética brasileira é composta por hidrelétrica (80%), termelétrica (19,9%) e eólica (0,1%). Nas termelétricas, esse percentual é dividido conforme o combustível usado, sendo: gás natural (6,6%), biomassa (5,3%), derivados de petróleo (3,3%), energia nuclear (3,1%) e carvão mineral (1,6%). Com a geração de eletricidade da biomassa, pode-se considerar que ocorre uma compensação do carbono liberado na queima do material vegetal pela absorção desse elemento no crescimento das plantas. Entretanto, estudos indicam que as emissões de metano (CH4 ) das hidrelétricas podem ser comparáveis às emissões de CO2 das termelétricas. No Brasil, em termos do impacto das fontes de energia no crescimento do efeito estufa, quanto à emissão de gases, as hidrelétricas seriam consideradas como uma fonte","A: limpa de energia, contribuindo para minimizar os efeitos deste fenômeno.; B: eficaz de energia, tomando-se o percentual de oferta e os benefícios verificados.; C: limpa de energia, não afetando ou alterando os níveis dos gases do efeito estufa.; D: poluidora, colaborando com níveis altos de gases de efeito estufa em função de seu potencial de oferta.; E: alternativa, tomando-se por referência a grande emissão de gases de efeito estufa das demais fontes geradoras.",1.62683,D,2011,absorção balanço biomassa brasil brasileira carbono carvão combustível comparáveis compensação composta conforme consideradas considerar crescimento dados derivados desse dividido efeito elemento eletricidade emissão emissões energia energética energético entretanto estudos estufa eólica fonte fontes gases geração gás hidrelétrica hidrelétricas impacto indicam liberado material matriz metano minas mineral ministério nacional natural nuclear ocorre percentual petróleo plantas pode podem quanto queima segundo sendo termelétrica termelétricas termos usado vegetal,A: contribuindo deste efeitos energia fenômeno limpa minimizar; B: benefícios eficaz energia oferta percentual tomando verificados; C: afetando alterando efeito energia estufa gases limpa níveis; D: altos colaborando efeito estufa função gases níveis oferta poluidora potencial; E: alternativa demais efeito emissão estufa fontes gases geradoras grande referência tomando
81,"O peróxido de hidrogênio é comumente utilizado como antisséptico e alvejante. Também pode ser empregado em trabalhos de restauração de quadros enegrecidos e no clareamento de dentes. Na presença de soluções ácidas de oxidantes, como o permanganato de potássio, este óxido decompõe-se, conforme a equação a seguir: 5 H2 O2 (aq) + 2 KMnO4 (aq) + 3 H2 SO4 (aq) 5 O2 (g) + 2 MnSO4 (aq) + K2 SO4 (aq) + 8 H2 O (l) De acordo com a estequiometria da reação descrita, a quantidade de permanganato de potássio necessária para reagir completamente com 20,0 mL de uma solução 0,1 mol/L de peróxido de hidrogênio é igual a","A: 2,0×100 mol.; B: 2,0×10-3 mol.; C: 8,0×10-1 mol.; D: 8,0×10-4 mol.; E: 5,0×10-3 mol.",-1.10221,D,2011,acordo alvejante antisséptico aq clareamento completamente comumente conforme decompõe dentes descrita empregado enegrecidos equação estequiometria g hidrogênio igual l ml mol necessária oxidantes permanganato peróxido pode potássio presença quadros quantidade reagir reação restauração seguir solução soluções trabalhos utilizado ácidas óxido,A: mol ×; B: mol ×; C: mol ×; D: mol ×; E: mol ×
82,"Os vaga-lumes machos e fêmeas emitem sinais luminosos para se atraírem para o acasalamento. O macho reconhece a fêmea de sua espécie e, atraído por ela, vai ao seu encontro. Porém, existe um tipo de vaga-lume, o Photuris, cuja fêmea engana e atrai os machos de outro tipo, o Photinus, fingindo ser desse gênero. Quando o macho Photinus se aproxima da fêmea Photuris, muito maior que ele, é atacado e devorado por ela. a relação descrita no texto, entre a fêmea do gênero Photuris e o macho do gênero Photinus, é um exemplo de",A: comensalismo.; B: inquilinismo.; C: cooperação.; D: predatismo.; E: mutualismo.,2.34929,D,2011,acasalamento aproxima atacado atrai atraído atraírem cuja descrita desse devorado emitem encontro engana espécie exemplo existe fingindo fêmea fêmeas gênero lume lumes luminosos macho machos maior outro photinus photuris porém reconhece relação sinais texto tipo vaga vai,A: comensalismo; B: inquilinismo; C: cooperação; D: predatismo; E: mutualismo
83,"O etanol é considerado um biocombustível promissor, pois, sob o ponto de vista do balanço de carbono, possui uma taxa de emissão praticamente igual a zero. Entretanto, esse não é o único ciclo biogeoquímico associado à produção de etanol. O plantio da canade-açúcar, matéria-prima para a produção de etanol, envolve a adição de macronutrientes como enxofre, nitrogênio, fósforo e potássio, principais elementos envolvidos no crescimento de um vegetal. O nitrogênio incorporado ao solo, como consequência da atividade descrita anteriormente, é transformado em nitrogênio ativo e afetará o meio ambiente, causando","A: o acúmulo de sais insolúveis, desencadeando um processo de salinificação do solo.; B: a eliminação de microrganismos existentes no solo responsáveis pelo processo de desnitrificação.; C: a contaminação de rios e lagos devido à alta solubilidade de íons como NO3 - e NH4 + em água.; D: a diminuição do pH do solo pela presença de NH3 , que reage com a água, formando o NH4 OH (aq).; E: a diminuição da oxigenação do solo, uma vez que o nitrogênio ativo forma espécies químicas do tipo NO2 , NO3 - , N2 O.",1.19762,C,2011,adição afetará ambiente anteriormente associado atividade ativo açúcar balanço biocombustível biogeoquímico canade carbono causando ciclo consequência considerado crescimento descrita elementos emissão entretanto envolve envolvidos enxofre etanol fósforo igual incorporado macronutrientes matéria meio nitrogênio plantio pois ponto possui potássio praticamente prima principais produção promissor sob solo taxa transformado vegetal vista zero único,A: acúmulo desencadeando insolúveis processo sais salinificação solo; B: desnitrificação eliminação existentes microrganismos processo responsáveis solo; C: alta contaminação devido lagos rios solubilidade água íons; D: aq diminuição formando oh ph presença reage solo água; E: ativo diminuição espécies forma nitrogênio oxigenação químicas solo tipo vez
84,"Ao diminuir o tamanho de um orifício atravessado por um feixe de luz, passa menos luz por intervalo de tempo, e próximo da situação de completo fechamento do orifício, verifica-se que a luz apresenta um comportamento como o ilustrado nas figuras. Sabe-se que o som, dentro de suas particularidades, também pode se comportar dessa forma. Em qual das situações a seguir está representado o fenômeno descrito no texto?","A: Ao se esconder atrás de um muro, um menino ouve a conversa de seus colegas.; B: Ao gritar diante de um desfiladeiro, uma pessoa ouve a repetição do seu próprio grito.; C: Ao encostar o ouvido no chão, um homem percebe o som de uma locomotiva antes de ouvi-lo pelo ar.; D: Ao ouvir uma ambulância se aproximando, uma pessoa percebe o som mais agudo do que quando aquela se afasta.; E: Ao emitir uma nota musical muito aguda, uma cantora de ópera faz com que uma taça de cristal se despedace.",-0.36102,A,2011,apresenta atravessado completo comportamento comportar dentro descrito dessa diminuir fechamento feixe fenômeno figuras forma ilustrado intervalo luz menos orifício particularidades passa pode próximo representado sabe seguir situação situações som tamanho tempo texto verifica,A: atrás colegas conversa esconder menino muro ouve; B: desfiladeiro diante gritar grito ouve pessoa próprio repetição; C: antes ar chão encostar homem lo locomotiva ouvi ouvido percebe som; D: afasta agudo ambulância aproximando ouvir percebe pessoa som; E: aguda cantora cristal despedace emitir faz musical nota taça ópera
85,"Um dos processos usados no tratamento do lixo é a incineração, que apresenta vantagens e desvantagens. Em São Paulo, por exemplo, o lixo é queimado a altas temperaturas e parte da energia liberada é transformada em energia elétrica. No entanto, a incineração provoca a emissão de poluentes na atmosfera. Uma forma de minimizar a desvantagem da incineração, destacada no texto, é",A: aumentar o volume do lixo incinerado para aumentar a produção de energia elétrica.; B: fomentar o uso de filtros nas chaminés dos incineradores para diminuir a poluição do ar.; C: aumentar o volume do lixo para baratear os custos operacionais relacionados ao processo.; D: fomentar a coleta seletiva de lixo nas cidades para aumentar o volume de lixo incinerado.; E: diminuir a temperatura de incineração do lixo para produzir maior quantidade de energia elétrica.,0.37061,B,2011,altas apresenta atmosfera destacada desvantagem desvantagens elétrica emissão energia entanto exemplo forma incineração liberada lixo minimizar parte paulo poluentes processos provoca queimado temperaturas texto transformada tratamento usados vantagens,A: aumentar elétrica energia incinerado lixo produção volume; B: ar chaminés diminuir filtros fomentar incineradores poluição uso; C: aumentar baratear custos lixo operacionais processo relacionados volume; D: aumentar cidades coleta fomentar incinerado lixo seletiva volume; E: diminuir elétrica energia incineração lixo maior produzir quantidade temperatura
86,"Uma das modalidades presentes nas olimpíadas é o salto com vara. As etapas de um dos saltos de um atleta estão representadas na figura: Desprezando-se as forças dissipativas (resistência do ar e atrito), para que o salto atinja a maior altura possível, ou seja, o máximo de energia seja conservada, é necessário que","A: a energia cinética, representada na etapa I, seja totalmente convertida em energia potencial elástica representada na etapa IV.; B: a energia cinética, representada na etapa II, seja totalmente convertida em energia potencial gravitacional, representada na etapa IV.; C: a energia cinética, representada na etapa I, seja totalmente convertida em energia potencial gravitacional, representada na etapa III.; D: a energia potencial gravitacional, representada na etapa II, seja totalmente convertida em energia potencial elástica, representada na etapa IV.; E: a energia potencial gravitacional, representada na etapa I, seja totalmente convertida em energia potencial elástica, representada na etapa III.",0.69393,C,2011,altura ar atinja atleta atrito conservada desprezando dissipativas energia etapas figura forças maior modalidades máximo necessário olimpíadas possível presentes representadas resistência salto saltos vara,A: cinética convertida elástica energia etapa i iv potencial representada totalmente; B: cinética convertida energia etapa gravitacional ii iv potencial representada totalmente; C: cinética convertida energia etapa gravitacional i iii potencial representada totalmente; D: convertida elástica energia etapa gravitacional ii iv potencial representada totalmente; E: convertida elástica energia etapa gravitacional i iii potencial representada totalmente
87,"Os Bichinhos e O Homem Arca de Noé Toquinho & Vinicius de Moraes Nossa irmã, a mosca É feia e tosca Enquanto que o mosquito É mais bonito Nosso irmão besouro Que é feito de couro Mal sabe voar Nossa irmã, a barata Bichinha mais chata É prima da borboleta Que é uma careta Nosso irmão, o grilo Que vive dando estrilo Só pra chatear O poema acima sugere a existência de relações de afinidade ente os animais citados e nós, seres humanos. Respeitando a liberdade poética dos autores, a unidade taxonômica que expressa a afinidade existente entre nós e estes animais é",A: o filo.; B: o reino.; C: a classe.; D: a família.; E: a espécie.,0.82654,B,2011,acima afinidade animais arca autores barata besouro bichinha bichinhos bonito borboleta careta chata chatear citados couro dando enquanto ente estrilo existente existência expressa feia feito grilo homem humanos irmã irmão liberdade mal moraes mosca mosquito noé poema poética pra prima relações respeitando sabe seres sugere taxonômica toquinho tosca unidade vinicius vive voar,A: filo; B: reino; C: classe; D: família; E: espécie
88,"Certas espécies de algas são capazes de absorver rapidamente compostos inorgânicos presentes na água, acumulando-os durante seu crescimento. Essa capacidade fez com que se pensasse em usá-las como biofiltros para a limpeza de ambientes aquáticos contaminados, removendo, por exemplo, nitrogênio e fósforo de resíduos orgânicos e metais pesados provenientes de rejeitos industriais lançados nas águas. Na técnica do cultivo integrado, animais e algas crescem de forma associada, promovendo um maior equilíbrio ecológico. A utilização da técnica do cultivo integrado de animais e algas representa uma proposta favorável a um ecossistema mais equilibrado porque","A: os animais eliminam metais pesados, que são usados pelas algas para a síntese de biomassa.; B: os animais fornecem excretas orgânicos nitrogenados, que são transformados em gás carbônico pelas algas.; C: as algas usam os resíduos nitrogenados liberados pelos animais e eliminam gás carbônico na fotossíntese, usado na respiração aeróbica.; D: as algas usam os resíduos nitrogenados provenientes do metabolismo dos animais e, durante a síntese de compostos orgânicos, liberam oxigênio para o ambiente.; E: as algas aproveitam os resíduos do metabolismo dos animais e, durante a quimiossíntese de compostos orgânicos, liberam oxigênio para o ambiente.",-1.80092,D,2011,absorver acumulando algas ambientes animais aquáticos associada biofiltros capacidade capazes certas compostos contaminados crescem crescimento cultivo durante ecológico ecossistema equilibrado equilíbrio espécies exemplo favorável fez forma fósforo industriais inorgânicos integrado lançados las limpeza maior metais nitrogênio orgânicos pensasse pesados porque presentes promovendo proposta provenientes rapidamente rejeitos removendo representa resíduos técnica usá utilização água águas,A: algas animais biomassa eliminam metais pesados síntese usados; B: algas animais carbônico excretas fornecem gás nitrogenados orgânicos transformados; C: aeróbica algas animais carbônico eliminam fotossíntese gás liberados nitrogenados respiração resíduos usado usam; D: algas ambiente animais compostos durante liberam metabolismo nitrogenados orgânicos oxigênio provenientes resíduos síntese usam; E: algas ambiente animais aproveitam compostos durante liberam metabolismo orgânicos oxigênio quimiossíntese resíduos
89,"Durante as estações chuvosas, aumentam no Brasil as campanhas de prevenção à dengue, que têm como objetivo a redução da proliferação do mosquito Aedes aegypti, transmissor do vírus da dengue. Que proposta preventiva poderia ser efetivada para diminuir a reprodução desse mosquito?","A: Colocação de telas nas portas e janelas, pois o mosquito necessita de ambientes cobertos e fechados para a sua reprodução.; B: Substituição das casas de barro por casas de alvenaria, haja vista que o mosquito se reproduz na parede das casas de barro.; C: Remoção dos recipientes que possam acumular água, porque as larvas do mosquito se desenvolvem nesse meio.; D: Higienização adequada de alimentos, visto que as larvas do mosquito se desenvolvem nesse tipo de substrato.; E: Colocação de filtros de água nas casas, visto que a reprodução do mosquito acontece em águas contaminadas.",0.13736,C,2011,aedes aegypti aumentam brasil campanhas chuvosas dengue desse diminuir durante efetivada estações mosquito objetivo poderia preventiva prevenção proliferação proposta redução reprodução transmissor têm vírus,A: ambientes cobertos colocação fechados janelas mosquito necessita pois portas reprodução telas; B: alvenaria barro casas mosquito parede reproduz substituição vista; C: acumular desenvolvem larvas meio mosquito nesse porque possam recipientes remoção água; D: adequada alimentos desenvolvem higienização larvas mosquito nesse substrato tipo visto; E: acontece casas colocação contaminadas filtros mosquito reprodução visto água águas
90,"De acordo com o relatório “A grande sombra da pecuária” (Livestock’s Long Shadow), feito pela Organização das Nações Unidas para a Agricultura e a Alimentação, o gado é responsável por cerca de 18% do aquecimento global, uma contribuição maior que a do setor de transportes. A criação de gado em larga escala contribui para o aquecimento global por meio da emissão de",A: metano durante o processo de digestão.; B: óxido nitroso durante o processo de ruminação.; C: clorofluorcarbono durante o transporte de carne.; D: óxido nitroso durante o processo respiratório.; E: dióxido de enxofre durante o consumo de pastagens.,-0.07671,A,2011,acordo agricultura alimentação aquecimento cerca contribui contribuição criação emissão escala feito gado global grande larga livestock long maior meio nações organização pecuária relatório responsável s setor shadow sombra transportes unidas,A: digestão durante metano processo; B: durante nitroso processo ruminação óxido; C: carne clorofluorcarbono durante transporte; D: durante nitroso processo respiratório óxido; E: consumo dióxido durante enxofre pastagens
46,"Músculos artificiais são dispositivos feitos com plásticos inteligentes que respondem a uma corrente elétrica com um movimento mecânico. A oxidação e redução de um polímero condutor criam cargas positivas e/ou negativas no material, que são compensadas com a inserção ou expulsão de cátions ou ânions. Por exemplo, na figura os filmes escuros são de polipirrol e o filme branco é de um eletrólito polimérico contendo um sal inorgânico. Quando o polipirrol sofre oxidação, há a inserção de ânions para compensar a carga positiva no polímero e o filme se expande. Na outra face do dispositivo o filme de polipirrol sofre redução, expulsando ânions, e o filme se contrai. Pela montagem, em sanduíche, o sistema todo se movimenta de forma harmônica, conforme mostrado na figura. A camada central de eletrólito polimérico é importante porque","A: absorve a irradiação de partículas carregadas, emitidas pelo aquecimento elétrico dos filmes de polipirrol.; B: permite a difusão dos íons promovida pela aplicação de diferença de potencial, fechando o circuito elétrico.; C: mantém um gradiente térmico no material para promover a dilatação/contração térmica de cada filme de polipirrol.; D: permite a condução de elétrons livres, promovida pela aplicação de diferença de potencial, gerando corrente elétrica.; E: promove a polarização das moléculas poliméricas, o que resulta no movimento gerado pela aplicação de diferença de potencial.",2.652,B,2013,artificiais branco camada carga cargas central compensadas compensar condutor conforme contendo contrai corrente criam cátions dispositivo dispositivos eletrólito elétrica escuros exemplo expande expulsando expulsão face feitos figura filme filmes forma harmônica importante inorgânico inserção inteligentes material mecânico montagem mostrado movimenta movimento músculos negativas outra oxidação plásticos polimérico polipirrol polímero porque positiva positivas redução respondem sal sanduíche sistema sofre todo ânions,A: absorve aquecimento carregadas elétrico emitidas filmes irradiação partículas polipirrol; B: aplicação circuito diferença difusão elétrico fechando permite potencial promovida íons; C: cada contração dilatação filme gradiente mantém material polipirrol promover térmica térmico; D: aplicação condução corrente diferença elétrica elétrons gerando livres permite potencial promovida; E: aplicação diferença gerado moléculas movimento polarização poliméricas potencial promove resulta
47,"O brasileiro consome em média 500 miligramas de cálcio por dia, quando a quantidade recomendada é o dobro. Uma alimentação balanceada é a melhor decisão para evitar problemas no futuro, como a osteoporose, uma doença que atinge os ossos. Ela se caracteriza pela diminuição substancial de massa óssea, tornando os ossos frágeis e mais suscetíveis a fraturas. Considerando-se o valor de 6 × 1023 mol–1 para a constante de Avogadro e a massa molar do cálcio igual a 40 g/mol, qual a quantidade mínima diária de átomos de cálcio a ser ingerida para que uma pessoa supra suas necessidades?","A: 7,5 × 1021; B: 1,5 × 1022; C: 7,5 × 1023; D: 1,5 × 1025; E: 4,8 × 1025",1.1322,B,2013,alimentação atinge avogadro balanceada brasileiro caracteriza considerando consome constante cálcio decisão dia diminuição diária dobro doença evitar fraturas frágeis futuro g igual ingerida massa melhor miligramas mol molar média mínima necessidades ossos osteoporose pessoa problemas quantidade recomendada substancial supra suscetíveis tornando valor átomos óssea,A: ; B: ; C: ; D: ; E: 
48,"Em um experimento foram utilizadas duas garrafas PET, uma pintada de branco e a outra de preto, acopladas cada uma a um termômetro. No ponto médio da distância entre as garrafas, foi mantida acesa, durante alguns minutos, uma lâmpada incandescente. Em seguida a lâmpada foi desligada. Durante o experimento, foram monitoradas as temperaturas das garrafas: a) enquanto a lâmpada permaneceu acesa e b) após a lâmpada ser desligada e atingirem equilíbrio térmico com o ambiente. A taxa de variação da temperatura da garrafa preta, em comparação à da branca, durante todo experimento, foi",A: igual no aquecimento e igual no resfriamento.; B: maior no aquecimento e igual no resfriamento.; C: menor no aquecimento e igual no resfriamento.; D: maior no aquecimento e menor no resfriamento.; E: maior no aquecimento e maior no resfriamento.,2.0771,E,2013,acesa acopladas alguns ambiente após atingirem b branca branco cada comparação desligada distância duas durante enquanto equilíbrio experimento garrafa garrafas incandescente lâmpada mantida minutos monitoradas médio outra permaneceu pet pintada ponto preta preto seguida taxa temperatura temperaturas termômetro todo térmico utilizadas variação,A: aquecimento igual resfriamento; B: aquecimento igual maior resfriamento; C: aquecimento igual menor resfriamento; D: aquecimento maior menor resfriamento; E: aquecimento maior resfriamento
49,"Glicose marcada com nuclídeos de carbono-11 é utilizada na medicina para se obter imagens tridimensionais do cérebro, por meio de tomografia de emissão de pósitrons. A desintegração do carbono-11 gera um pósitron, com tempo de meia-vida de 20,4 min, de acordo com a equação da reação nuclear: A partir da injeção de glicose marcada com esse nuclídeo, o tempo de aquisição de uma imagem de tomografia é de cinco meias-vidas. Considerando que o medicamento contém 1,00 g do carbono-11, a massa, em miligramas, do nuclídeo restante, após a aquisição da imagem, é mais próxima de","A: 0,200.; B: 0,969.; C: 9,80.; D: 31,3.; E: 200.",1.3952,D,2013,acordo após aquisição carbono cinco considerando contém cérebro desintegração emissão equação g gera glicose imagem imagens injeção marcada massa medicamento medicina meia meias meio miligramas min nuclear nuclídeo nuclídeos obter partir próxima pósitron pósitrons reação restante tempo tomografia tridimensionais utilizada vida vidas,A: ; B: ; C: ; D: ; E: 
50,"Milhares de pessoas estavam morrendo de varíola humana no final do século XVIII. Em 1796, o médico Edward Jenner (1749-1823) inoculou em um menino de 8 anos o pus extraído de feridas de vacas contaminadas com o vírus da varíola bovina, que causa uma doença branda em humanos. O garoto contraiu uma infecção benigna e, dez dias depois, estava recuperado. Meses depois, Jenner inoculou, no mesmo menino, o pus varioloso humano, que causava muitas mortes. O menino não adoeceu. Considerando o resultado do experimento, qual a contribuição desse médico para a saúde humana?",A: A prevenção de diversas doenças infectocontagiosas em todo o mundo.; B: A compreensão de que vírus podem se multiplicar em matéria orgânica.; C: O tratamento para muitas enfermidades que acometem milhões de pessoas.; D: O estabelecimento da ética na utilização de crianças em modelos experimentais.; E: A explicação de que alguns vírus de animais podem ser transmitidos para os humanos.,0.5244,A,2013,adoeceu anos benigna bovina branda causa causava considerando contaminadas contraiu contribuição desse dez dias doença edward experimento extraído feridas final garoto humana humano humanos infecção inoculou jenner menino meses milhares morrendo mortes muitas médico pessoas pus recuperado resultado saúde século vacas varioloso varíola vírus xviii,A: diversas doenças infectocontagiosas mundo prevenção todo; B: compreensão matéria multiplicar orgânica podem vírus; C: acometem enfermidades milhões muitas pessoas tratamento; D: crianças estabelecimento experimentais modelos utilização ética; E: alguns animais explicação humanos podem transmitidos vírus
51,"Química Verde pode ser definida como a criação, o desenvolvimento e a aplicação de produtos e processos químicos para reduzir ou eliminar o uso e a geração de substâncias nocivas à saúde humana e ao ambiente. Sabe-se que algumas fontes energéticas desenvolvidas pelo homem exercem, ou têm potencial para exercer, em algum nível, impactos ambientais negativos. À luz da Química Verde, métodos devem ser desenvolvidos para eliminar ou reduzir a poluição do ar causada especialmente pelas",A: hidrelétricas.; B: termelétricas.; C: usinas geotérmicas.; D: fontes de energia solar.; E: fontes de energia eólica,0.5114,B,2013,algum algumas ambientais ambiente aplicação ar causada criação definida desenvolvidas desenvolvidos desenvolvimento devem eliminar energéticas especialmente exercem exercer fontes geração homem humana impactos luz métodos negativos nocivas nível pode poluição potencial processos produtos química químicos reduzir sabe saúde substâncias têm uso verde,A: hidrelétricas; B: termelétricas; C: geotérmicas usinas; D: energia fontes solar; E: energia eólica fontes
52,"Em viagens de avião, é solicitado aos passageiros o desligamento de todos os aparelhos cujo funcionamento envolva a emissão ou a recepção de ondas eletromagnéticas. O procedimento é utilizado para eliminar fontes de radiação que possam interferir nas comunicações via rádio dos pilotos com a torre de controle. A propriedade das ondas emitidas que justifica o procedimento adotado é o fato de",A: terem fases opostas.; B: serem ambas audíveis.; C: terem intensidades inversas.; D: serem de mesma amplitude.; E: terem frequências próximas.,-0.3633,E,2013,adotado aparelhos avião comunicações controle cujo desligamento eletromagnéticas eliminar emissão emitidas envolva fato fontes funcionamento interferir justifica ondas passageiros pilotos possam procedimento propriedade radiação recepção rádio solicitado todos torre utilizado via viagens,A: fases opostas terem; B: ambas audíveis serem; C: intensidades inversas terem; D: amplitude mesma serem; E: frequências próximas terem
53,"As serpentes que habitam regiões de seca podem ficar em jejum por um longo período de tempo devido à escassez de alimento. Assim, a sobrevivência desses predadores está relacionada ao aproveitamento máximo dos nutrientes obtidos com a presa capturada. De acordo com essa situação, essas serpentes apresentam alterações morfológicas e fisiológicas, como o aumento das vilosidades intestinais e a intensificação da irrigação sanguínea na porção interna dessas estruturas. A função do aumento das vilosidades intestinais para essas serpentes é maximizar o(a)",A: comprimento do trato gastrointestinal para caber mais alimento.; B: área de contato com o conteúdo intestinal para absorção dos nutrientes.; C: liberação de calor via irrigação sanguínea para controle térmico do sistema digestório.; D: secreção de enzimas digestivas para aumentar a degradação proteica no estômago.; E: processo de digestão para diminuir o tempo de permanência do alimento no intestino.,0.5373,B,2013,acordo alimento alterações apresentam aproveitamento assim aumento capturada dessas desses devido escassez estruturas ficar fisiológicas função habitam intensificação interna intestinais irrigação jejum longo maximizar morfológicas máximo nutrientes obtidos período podem porção predadores presa regiões relacionada sanguínea seca serpentes situação sobrevivência tempo vilosidades,A: alimento caber comprimento gastrointestinal trato; B: absorção contato conteúdo intestinal nutrientes área; C: calor controle digestório irrigação liberação sanguínea sistema térmico via; D: aumentar degradação digestivas enzimas estômago proteica secreção; E: alimento digestão diminuir intestino permanência processo tempo
54,"O uso de embalagens plásticas descartáveis vem crescendo em todo o mundo, juntamente com o problema ambiental gerado por seu descarte inapropriado. O politereftalato de etileno (PET), cuja estrutura é mostrada, tem sido muito utilizado na indústria de refrigerantes e pode ser reciclado e reutilizado. Uma das opções possíveis envolve a produção de matérias-primas, como o etilenoglicol (1,2-etanodiol), a partir de objetos compostos de PET pós-consumo. Com base nas informações do texto, uma alternativa para a obtenção de etilenoglicol a partir do PET é a",A: solubilização dos objetos.; B: combustão dos objetos.; C: trituração dos objetos.; D: hidrólise dos objetos.; E: fusão dos objetos.,1.5675,D,2013,alternativa ambiental base compostos consumo crescendo cuja descarte descartáveis embalagens envolve estrutura etanodiol etileno etilenoglicol gerado inapropriado indústria informações juntamente matérias mostrada mundo objetos obtenção opções partir pet plásticas pode politereftalato possíveis primas problema produção pós reciclado refrigerantes reutilizado sido texto todo uso utilizado vem,A: objetos solubilização; B: combustão objetos; C: objetos trituração; D: hidrólise objetos; E: fusão objetos
55,"A pílula anticoncepcional é um dos métodos contraceptivos de maior segurança, sendo constituída basicamente de dois hormônios sintéticos semelhantes aos hormônios produzidos pelo organismo feminino, o estrogênio (E) e a progesterona (P). Em um experimento médico, foi analisado o sangue de uma mulher que ingeriu ininterruptamente um comprimido desse medicamento por dia durante seis meses. Qual gráfico representa a concentração sanguínea desses hormônios durante o período do experimento?",A; B; C; D; E,3.0754,A,2013,analisado anticoncepcional basicamente comprimido concentração constituída contraceptivos desse desses dia dois durante estrogênio experimento feminino gráfico hormônios ingeriu ininterruptamente maior medicamento meses mulher médico métodos organismo p período produzidos progesterona pílula representa sangue sanguínea segurança seis semelhantes sendo sintéticos,
56,"A imagem representa uma ilustração retirada do livro De Motu Cordis, de autoria do médico inglês Willian Harvey, que fez importantes contribuições para o entendimento do processo de circulação do sangue no corpo humano. No experimento ilustrado, Harvey, após aplicar um torniquete (A) no braço de um voluntário e esperar alguns vasos incharem, pressionava-os em um ponto (H). Mantendo o ponto pressionado, deslocava o conteúdo de sangue em direção ao cotovelo, percebendo que um trecho do vaso sanguíneo permanecia vazio após esse processo (H-O). A demonstração de Harvey permite estabelecer a relação entre circulação sanguínea e",A: pressão arterial.; B: válvulas venosas.; C: circulação linfática.; D: contração cardíaca.; E: transporte de gases.,2.1622,B,2013,alguns aplicar após autoria braço circulação conteúdo contribuições cordis corpo cotovelo demonstração deslocava direção entendimento esperar estabelecer experimento fez h harvey humano ilustrado ilustração imagem importantes incharem inglês livro mantendo motu médico percebendo permanecia permite ponto pressionado pressionava processo relação representa retirada sangue sanguínea sanguíneo torniquete trecho vaso vasos vazio voluntário willian,A: arterial pressão; B: venosas válvulas; C: circulação linfática; D: cardíaca contração; E: gases transporte
57,"Para realizar um experimento com uma garrafa PET cheia d´água, perfurou-se a lateral da garrafa em três posições a diferentes alturas. Com a garrafa tampada, a água não vazou por nenhum dos orifícios, e, com a garrafa destampada, observou-se o escoamento da água conforme ilustrado na figura. Como a pressão atmosférica interfere no escoamento da água, nas situações com a garrafa tampada e destampada, respectivamente?","A: Impede a saída de água, por ser maior que a pressão interna; não muda a velocidade de escoamento, que só depende da pressão da coluna de água.; B: Impede a saída de água, por ser maior que a pressão interna; altera a velocidade de escoamento, que é proporcional à pressão atmosférica na altura do furo.; C: Impede a entrada de ar, por ser menor que a pressão interna; altera a velocidade de escoamento, que é proporcional à pressão atmosférica na altura do furo.; D: Impede a saída de água, por ser maior que a pressão interna; regula a velocidade de escoamento, que só depende da pressão atmosférica.; E: Impede a entrada de ar, por ser menor que a pressão interna; não muda a velocidade de escoamento, que só depende da pressão da coluna de água.",2.0489,A,2013,alturas atmosférica cheia conforme d destampada diferentes escoamento experimento figura garrafa ilustrado interfere lateral nenhum observou orifícios perfurou pet posições pressão realizar respectivamente situações tampada três vazou água,A: coluna depende escoamento impede interna maior muda pressão saída velocidade água; B: altera altura atmosférica escoamento furo impede interna maior pressão proporcional saída velocidade água; C: altera altura ar atmosférica entrada escoamento furo impede interna menor pressão proporcional velocidade; D: atmosférica depende escoamento impede interna maior pressão regula saída velocidade água; E: ar coluna depende entrada escoamento impede interna menor muda pressão velocidade água
58,"O citral, substância de odor fortemente cítrico, é obtido a partir de algumas plantas como o capim-limão, cujo óleo essencial possui aproximadamente 80%, em massa, da substância. Uma de suas aplicações é na fabricação de produtos que atraem abelhas, especialmente do gênero Apis, pois seu cheiro é semelhante a um dos feromônios liberados por elas. Sua fórmula molecular é C10H16O, com uma cadeia alifática de oito carbonos, duas insaturações, nos carbonos 2 e 6; e dois grupos substituintes metila, nos carbonos 3 e 7. O citral possui dois isômeros geométricos, sendo o trans o que mais contribui para o forte odor. Para que se consiga atrair um maior número de abelhas para uma determinada região, a molécula que deve estar presente em alta concentração no produto a ser utilizado é:",A; B; C; D; E,2.3327,A,2013,abelhas algumas alifática alta apis aplicações aproximadamente atraem atrair cadeia capim carbonos cheiro citral concentração consiga contribui cujo cítrico determinada deve dois duas especialmente essencial fabricação feromônios forte fortemente fórmula geométricos grupos gênero insaturações isômeros liberados limão maior massa metila molecular molécula número obtido odor oito partir plantas pois possui presente produto produtos região semelhante sendo substituintes substância trans utilizado óleo,
59,"Plantas terrestres que ainda estão em fase de crescimento fixam grandes quantidades de CO2, utilizando-o para formar novas moléculas orgânicas, e liberam grande quantidade de O2. No entanto, em florestas maduras, cujas árvores já atingiram o equilíbrio, o consumo de O2 pela respiração tende a igualar sua produção pela fotossíntese. A morte natural de árvores nessas florestas afeta temporariamente a concentração de O2 e de CO2 próximo à superfície do solo onde elas caíram. A concentração de O2 próximo ao solo, no local da queda, será","A: menor, pois haverá consumo de O2 durante a decomposição dessas árvores.; B: maior, pois haverá economia de O2 pela ausência das árvores mortas.; C: maior, pois haverá liberação de O2 durante a fotossíntese das árvores jovens.; D: igual, pois haverá consumo e produção de O2 pelas árvores maduras restantes.; E: menor, pois haverá redução de O2 pela falta da fotossíntese realizada pelas árvores mortas.",1.5516,A,2013,afeta ainda atingiram caíram concentração consumo crescimento cujas entanto equilíbrio fase fixam florestas formar fotossíntese grande grandes igualar liberam local maduras moléculas morte natural nessas novas onde orgânicas plantas produção próximo quantidade quantidades queda respiração solo superfície temporariamente tende terrestres utilizando árvores,A: consumo decomposição dessas durante haverá menor pois árvores; B: ausência economia haverá maior mortas pois árvores; C: durante fotossíntese haverá jovens liberação maior pois árvores; D: consumo haverá igual maduras pois produção restantes árvores; E: falta fotossíntese haverá menor mortas pois realizada redução árvores
60,"As fêmeas de algumas espécies de aranhas, escorpiões e de outros invertebrados predam os machos após a cópula e inseminação. Como exemplo, fêmeas canibais do inseto conhecido como louva-a-deus, Tenodera aridofolia, possuem até 63% da sua dieta composta por machos parceiros. Para as fêmeas, o canibalismo sexual pode assegurar a obtenção de nutrientes importantes na reprodução. Com esse incremento na dieta, elas geralmente produzem maior quantidade de ovos. Apesar de ser um comportamento aparentemente desvantajoso para os machos, o canibalismo sexual evoluiu nesses táxons animais porque",A: promove a maior ocupação de diferentes nichos ecológicos pela espécie.; B: favorece o sucesso reprodutivo individual de ambos os parentais.; C: impossibilita a transmissão de genes do macho para a prole.; D: impede a sobrevivência e reprodução futura do macho.; E: reduz a variabilidade genética da população.,0.8017,B,2013,algumas animais aparentemente apesar após aranhas aridofolia assegurar canibais canibalismo comportamento composta conhecido cópula desvantajoso deus dieta escorpiões espécies evoluiu exemplo fêmeas geralmente importantes incremento inseminação inseto invertebrados louva machos maior nesses nutrientes obtenção outros ovos parceiros pode porque possuem predam produzem quantidade reprodução sexual tenodera táxons,A: diferentes ecológicos espécie maior nichos ocupação promove; B: ambos favorece individual parentais reprodutivo sucesso; C: genes impossibilita macho prole transmissão; D: futura impede macho reprodução sobrevivência; E: genética população reduz variabilidade
61,"Para oferecer acessibilidade aos portadores de dificuldades de locomoção, é utilizado, em ônibus e automóveis, o elevador hidráulico. Nesse dispositivo é usada uma bomba elétrica, para forçar um fluido a passar de uma tubulação estreita para outra mais larga, e dessa forma acionar um pistão que movimenta a plataforma. Considere um elevador hidráulico cuja área da cabeça do pistão seja cinco vezes maior do que a área da tubulação que sai da bomba. Desprezando o atrito e considerando uma aceleração gravitacional de 10 m/s2, deseja-se elevar uma pessoa de 65 kg em uma cadeira de rodas de 15 kg sobre a plataforma de 20 kg. Qual deve ser a força exercida pelo motor da bomba sobre o fluido, para que o cadeirante seja elevado com velocidade constante?",A: 20 N; B: 100 N; C: 200 N; D: 1 000 N; E: 5 000 N,1.7126,C,2013,aceleração acessibilidade acionar atrito automóveis bomba cabeça cadeira cadeirante cinco considerando considere constante cuja deseja desprezando dessa deve dificuldades dispositivo elevado elevador elevar elétrica estreita exercida fluido forma força forçar gravitacional hidráulico kg larga locomoção m maior motor movimenta nesse oferecer outra passar pessoa pistão plataforma portadores rodas sai sobre tubulação usada utilizado velocidade vezes área ônibus,A: n; B: n; C: n; D: n; E: n
62,"A estratégia de obtenção de plantas transgênicas pela inserção de transgenes em cloroplastos, em substituição à metodologia clássica de inserção do transgene no núcleo da célula hospedeira, resultou no aumento quantitativo da produção de proteínas recombinantes com diversas finalidades biotecnológicas. O mesmo tipo de estratégia poderia ser utilizada para produzir proteínas recombinantes em células de organismos eucarióticos não fotossintetizantes, como as leveduras, que são usadas para produção comercial de várias proteínas recombinantes e que podem ser cultivadas em grandes fermentadores. Considerando a estratégia metodológica descrita, qual organela celular poderia ser utilizada para inserção de transgenes em leveduras?",A: Lisossomo.; B: Mitocôndria.; C: Peroxissomo.; D: Complexo golgiense.; E: Retículo endoplasmático.,1.9594,B,2013,aumento biotecnológicas celular cloroplastos clássica comercial considerando cultivadas célula células descrita diversas estratégia eucarióticos fermentadores finalidades fotossintetizantes grandes hospedeira inserção leveduras metodologia metodológica núcleo obtenção organela organismos plantas podem poderia produzir produção proteínas quantitativo recombinantes resultou substituição tipo transgene transgenes transgênicas usadas utilizada várias,A: lisossomo; B: mitocôndria; C: peroxissomo; D: complexo golgiense; E: endoplasmático retículo
63,"No Brasil, cerca de 80% da energia elétrica advém de hidrelétricas, cuja construção implica o represamento de rios. A formação de um reservatório para esse fim, por sua vez, pode modificar a ictiofauna local. Um exemplo é o represamento do Rio Paraná, onde se observou o desaparecimento de peixes cascudos quase que simultaneamente ao aumento do número de peixes de espécies exóticas introduzidas, como o mapará e a corvina, as três espécies com nichos ecológicos semelhantes. Nessa modificação da ictiofauna, o desaparecimento de cascudos é explicado pelo(a)",A: redução do fluxo gênico da espécie nativa.; B: diminuição da competição intraespecífica.; C: aumento da competição interespecífica.; D: isolamento geográfico dos peixes.; E: extinção de nichos ecológicos.,0.6152,C,2013,advém aumento brasil cascudos cerca construção corvina cuja desaparecimento ecológicos elétrica energia espécies exemplo explicado exóticas fim formação hidrelétricas ictiofauna implica introduzidas local mapará modificar modificação nessa nichos número observou onde paraná peixes pode quase represamento reservatório rio rios semelhantes simultaneamente três vez,A: espécie fluxo gênico nativa redução; B: competição diminuição intraespecífica; C: aumento competição interespecífica; D: geográfico isolamento peixes; E: ecológicos extinção nichos
64,"Uma das etapas do tratamento da água é a desinfecção, sendo a cloração o método mais empregado. Esse método consiste na dissolução do gás cloro numa solução sob pressão e sua aplicação na água a ser desinfectada. As equações das reações químicas envolvidas são: A ação desinfetante é controlada pelo ácido hipocloroso, que possui um potencial de desinfecção cerca de 80 vezes superior ao ânion hipoclorito. O pH do meio é importante, porque influencia na extensão com que o ácido hipocloroso se ioniza. Para que a desinfecção seja mais efetiva, o pH da água a ser tratada deve estar mais próximo de",A: 0.; B: 5.; C: 7.; D: 9.; E: 14.,3.194,B,2013,aplicação ação cerca cloração cloro consiste controlada desinfectada desinfecção desinfetante deve dissolução efetiva empregado envolvidas equações etapas extensão gás hipoclorito hipocloroso importante influencia ioniza meio método ph porque possui potencial pressão próximo químicas reações sendo sob solução superior tratada tratamento vezes ácido água ânion,A: ; B: ; C: ; D: ; E: 
65,"Uma manifestação comum das torcidas em estádios de futebol é a ola mexicana. Os espectadores de uma linha, sem sair do lugar e sem se deslocarem lateralmente, ficam de pé e se sentam, sincronizados com os da linha adjacente. O efeito coletivo se propaga pelos espectadores do estádio, formando uma onda progressiva, conforme ilustração. Calcula-se que a velocidade de propagação dessa “onda humana” é 45 km/h, e que cada período de oscilação contém 16 pessoas, que se levantam e sentam organizadamente e distanciadas entre si por 80 cm. Nessa ola mexicana, a frequência da onda, em hertz, é um valor mais próximo de","A: 0,3.; B: 0,5.; C: 1,0.; D: 1,9.; E: 3,7.",1.584,C,2013,adjacente cada calcula cm coletivo comum conforme contém deslocarem dessa distanciadas efeito espectadores estádio estádios ficam formando frequência futebol h hertz humana ilustração km lateralmente levantam linha lugar manifestação mexicana nessa ola onda organizadamente oscilação período pessoas progressiva propaga propagação próximo pé sair sentam si sincronizados torcidas valor velocidade,A: ; B: ; C: ; D: ; E: 
66,"Para serrar ossos e carnes congeladas, um açougueiro utiliza uma serra de fita que possui três polias e um motor. O equipamento pode ser montado de duas formas diferentes, P e Q. Por questão de segurança, é necessário que a serra possua menor velocidade linear. Por qual montagem o açougueiro deve optar e qual a justificativa desta opção?","A: Q, pois as polias 1 e 3 giram com velocidades lineares iguais em pontos periféricos e a que tiver maior raio terá menor frequência.; B: Q, pois as polias 1 e 3 giram com frequências iguais e a que tiver maior raio terá menor velocidade linear em um ponto periférico.; C: P, pois as polias 2 e 3 giram com frequências diferentes e a que tiver maior raio terá menor velocidade linear em um ponto periférico.; D: P, pois as polias 1 e 2 giram com diferentes velocidades lineares em pontos periféricos e a que tiver menor raio terá maior frequência.; E: Q, pois as polias 2 e 3 giram com diferentes velocidades lineares em pontos periféricos e a que tiver maior raio terá menor frequência",2.024,A,2013,açougueiro carnes congeladas desta deve diferentes duas equipamento fita formas justificativa linear menor montado montagem motor necessário optar opção ossos p pode polias possua possui q questão segurança serra serrar três utiliza velocidade,A: frequência giram iguais lineares maior menor periféricos pois polias pontos q raio velocidades; B: frequências giram iguais linear maior menor periférico pois polias ponto q raio velocidade; C: diferentes frequências giram linear maior menor p periférico pois polias ponto raio velocidade; D: diferentes frequência giram lineares maior menor p periféricos pois polias pontos raio velocidades; E: diferentes frequência giram lineares maior menor periféricos pois polias pontos q raio velocidades
67,"Sabe-se que o aumento da concentração de gases como CO2, CH4 e N2O na atmosfera é um dos fatores responsáveis pelo agravamento do efeito estufa. A agricultura é uma das atividades humanas que pode contribuir tanto para a emissão quanto para o sequestro desses gases, dependendo do manejo da matéria orgânica do solo. De que maneira as práticas agrícolas podem ajudar a minimizar o agravamento do efeito estufa?",A: Evitando a rotação de culturas.; B: Liberando o CO2 presente no solo.; C: Aumentando a quantidade de matéria orgânica do solo.; D: Queimando a matéria orgânica que se deposita no solo.; E: Atenuando a concentração de resíduos vegetais do solo.,1.5069,C,2013,agravamento agricultura agrícolas ajudar atividades atmosfera aumento concentração contribuir dependendo desses efeito emissão estufa fatores gases humanas maneira manejo matéria minimizar orgânica pode podem práticas quanto responsáveis sabe sequestro solo tanto,A: culturas evitando rotação; B: liberando presente solo; C: aumentando matéria orgânica quantidade solo; D: deposita matéria orgânica queimando solo; E: atenuando concentração resíduos solo vegetais
68,"O glifosato (C3 H8 NO5 P) é um herbicida pertencente ao grupo químico das glicinas, classificado como não seletivo. Esse composto possui os grupos funcionais carboxilato, amino e fosfonato. A degradação do glifosato no solo é muito rápida e realizada por grande variedade de microrganismos, que usam o produto como fonte de energia e fósforo. Os produtos da degradação são o ácido aminometilfosfônico (AMPA) e o N-metilglicina (sarcosina): A partir do texto e dos produtos de degradação apresentados, a estrutura química que representa o glifosato é:",A; B; C; D; E,1.9007,B,2013,amino aminometilfosfônico ampa apresentados carboxilato classificado composto degradação energia estrutura fonte fosfonato funcionais fósforo glicinas glifosato grande grupo grupos herbicida metilglicina microrganismos n p partir pertencente possui produto produtos química químico realizada representa rápida sarcosina seletivo solo texto usam variedade ácido,
69,"A formação frequente de grandes volumes de pirita (FeS2) em uma variedade de depósitos minerais favorece a formação de soluções ácidas ferruginosas, conhecidas como “drenagem ácida de minas”. Esse fenômeno tem sido bastante pesquisado pelos cientistas e representa uma grande preocupação entre os impactos da mineração no ambiente. Em contato com oxigênio, a 25 °C, a pirita sofre reação, de acordo com a equação química: Para corrigir os problemas ambientais causados por essa drenagem, a substância mais recomendada a ser adicionada ao meio é o",A: sulfeto de sódio.; B: cloreto de amônio.; C: dióxido de enxofre.; D: dióxido de carbono.; E: carbonato de cálcio.,1.174,E,2013,acordo adicionada ambientais ambiente bastante c causados cientistas conhecidas contato corrigir depósitos drenagem equação favorece fenômeno ferruginosas formação frequente grande grandes impactos meio minas minerais mineração oxigênio pesquisado pirita preocupação problemas química reação recomendada representa sido sofre soluções substância variedade volumes ácida ácidas,A: sulfeto sódio; B: amônio cloreto; C: dióxido enxofre; D: carbono dióxido; E: carbonato cálcio
70,"Cinco casais alegavam ser os pais de um bebê. A confirmação da paternidade foi obtida pelo exame de DNA. O resultado do teste está esquematizado na figura, em que cada casal apresenta um padrão com duas bandas de DNA (faixas, uma para o suposto pai e outra para a suposta mãe), comparadas à do bebê. Que casal pode ser considerado como pais biológicos do bebê?",A: 1; B: 2; C: 3; D: 4; E: 5,-0.2251,C,2013,alegavam apresenta bandas bebê biológicos cada casais casal cinco comparadas confirmação considerado dna duas esquematizado exame faixas figura mãe obtida outra padrão pai pais paternidade pode resultado suposta suposto teste,A: ; B: ; C: ; D: ; E: 
71,"A varfarina é um fármaco que diminui a agregação plaquetária, e por isso é utilizada como anticoagulante, desde que esteja presente no plasma, com uma concentração superior a 1,0 mg/L. Entretanto, concentrações plasmáticas superiores a 4,0 mg/L podem desencadear hemorragias. As moléculas desse fármaco ficam retidas no espaço intravascular e dissolvidas exclusivamente no plasma, que representa aproximadamente 60% do sangue em volume. Em um medicamento, a varfarina é administrada por via intravenosa na forma de solução aquosa, com concentração de 3,0 mg/mL. Um indivíduo adulto, com volume sanguíneo total de 5,0 L, será submetido a um tratamento com solução injetável desse medicamento. Qual é o máximo volume da solução do medicamento que pode ser administrado a esse indivíduo, pela via intravenosa, de maneira que não ocorram hemorragias causadas pelo anticoagulante?","A: 1,0 mL; B: 1,7 mL; C: 2,7 mL; D: 4,0 mL; E: 6,7 mL",1.6832,D,2013,administrada administrado adulto agregação anticoagulante aproximadamente aquosa causadas concentração concentrações desde desencadear desse diminui dissolvidas entretanto espaço exclusivamente ficam forma fármaco hemorragias indivíduo injetável intravascular intravenosa l maneira medicamento mg ml moléculas máximo ocorram plaquetária plasma plasmáticas pode podem presente representa retidas sangue sanguíneo solução submetido superior superiores total tratamento utilizada varfarina via volume,A: ml; B: ml; C: ml; D: ml; E: ml
72,"Um eletricista analisa o diagrama de uma instalação elétrica residencial para planejar medições de tensão e corrente em uma cozinha. Nesse ambiente existem uma geladeira (G), uma tomada (T) e uma lâmpada (L), conforme a figura. O eletricista deseja medir a tensão elétrica aplicada à geladeira, a corrente total e a corrente na lâmpada. Para isso, ele dispõe de um voltímetro (V) e dois amperímetros (A). Para realizar essas medidas, o esquema da ligação desses instrumentos está representado em:",A; B; C; D; E,2.0308,E,2013,ambiente amperímetros analisa aplicada conforme corrente cozinha deseja desses diagrama dispõe dois eletricista elétrica esquema existem figura g geladeira instalação instrumentos l ligação lâmpada medidas medir medições nesse planejar realizar representado residencial t tensão tomada total v voltímetro,
73,"Uma indústria está escolhendo uma linhagem de microalgas que otimize a secreção de polímeros comestíveis, os quais são obtidos do meio de cultura de crescimento. Na figura podem ser observadas as proporções de algumas organelas presentes no citoplasma de cada linhagem. Qual é a melhor linhagem para se conseguir maior rendimento de polímeros secretados no meio de cultura?",A: I; B: II; C: III; D: IV; E: V,1.7951,A,2013,algumas cada citoplasma comestíveis conseguir crescimento cultura escolhendo figura indústria linhagem maior meio melhor microalgas observadas obtidos organelas otimize podem polímeros presentes proporções quais rendimento secretados secreção,A: i; B: ii; C: iii; D: iv; E: v
74,"Eu também podia decompor a água, se fosse salgada ou acidulada, usando a pilha de Daniell como fonte de força. Lembro o prazer extraordinário que sentia ao decompor um pouco de água em uma taça para ovos quentes, vendo-a separar-se em seus elementos, o oxigênio em um eletrodo, o hidrogênio no outro. A eletricidade de uma pilha de 1 volt parecia tão fraca, e no entanto podia ser suficiente para desfazer um composto químico, a água... O fragmento do romance de Oliver Sacks relata a separação dos elementos que compõem a água. O princípio do método apresentado é utilizado industrialmente na",A: obtenção de ouro a partir de pepitas.; B: obtenção de calcário a partir de rochas.; C: obtenção de alumínio a partir da bauxita.; D: obtenção de ferro a partir de seus óxidos.; E: obtenção de amônia a partir de hidrogênio e nitrogênio.,2.0899,C,2013,acidulada apresentado composto compõem daniell decompor desfazer elementos eletricidade eletrodo entanto extraordinário fonte força fraca fragmento hidrogênio industrialmente lembro método oliver outro ovos oxigênio parecia pilha podia pouco prazer princípio quentes químico relata romance sacks salgada sentia separar separação suficiente taça tão usando utilizado vendo volt água,A: obtenção ouro partir pepitas; B: calcário obtenção partir rochas; C: alumínio bauxita obtenção partir; D: ferro obtenção partir óxidos; E: amônia hidrogênio nitrogênio obtenção partir
75,"O chuveiro elétrico é um dispositivo capaz de transformar energia elétrica em energia térmica, o que possibilita a elevação da temperatura da água. Um chuveiro projetado para funcionar em 110 V pode ser adaptado para funcionar em 220 V, de modo a manter inalterada sua potência. Uma das maneiras de fazer essa adaptação é trocar a resistência do chuveiro por outra, de mesmo material e com o(a)",A: dobro do comprimento do fio.; B: metade do comprimento do fio.; C: metade da área da seção reta do fio.; D: quádruplo da área da seção reta do fio.; E: quarta parte da área da seção reta do fio.,1.9937,E,2013,adaptado adaptação capaz chuveiro dispositivo elevação elétrica elétrico energia fazer funcionar inalterada maneiras manter material modo outra pode possibilita potência projetado resistência temperatura transformar trocar térmica v água,A: comprimento dobro fio; B: comprimento fio metade; C: fio metade reta seção área; D: fio quádruplo reta seção área; E: fio parte quarta reta seção área
76,"Uma pessoa necessita da força de atrito em seus pés para se deslocar sobre uma superfície. Logo, uma pessoa que sobe uma rampa em linha reta será auxiliada pela força de atrito exercida pelo chão em seus pés. Em relação ao movimento dessa pessoa, quais são a direção e o sentido da força de atrito mencionada no texto?",A: Perpendicular ao plano e no mesmo sentido do movimento.; B: Paralelo ao plano e no sentido contrário ao movimento.; C: Paralelo ao plano e no mesmo sentido do movimento.; D: Horizontal e no mesmo sentido do movimento.; E: Vertical e sentido para cima.,1.9545,C,2013,atrito auxiliada chão deslocar dessa direção exercida força linha logo mencionada movimento necessita pessoa pés quais rampa relação reta sentido sobe sobre superfície texto,A: movimento perpendicular plano sentido; B: contrário movimento paralelo plano sentido; C: movimento paralelo plano sentido; D: horizontal movimento sentido; E: cima sentido vertical
77,"A produção de aço envolve o aquecimento do minério de ferro, junto com carvão (carbono) e ar atmosférico em uma série de reações de oxirredução. O produto é chamado de ferro-gusa e contém cerca de 3,3% de carbono. Uma forma de eliminar o excesso de carbono é a oxidação a partir do aquecimento do ferro-gusa com gás oxigênio puro. Os dois principais produtos formados são aço doce (liga de ferro com teor de 0,3% de carbono restante) e gás carbônico. As massas molares aproximadas dos elementos carbono e oxigênio são, respectivamente, 12 g/mol e 16 g/mol. Considerando que um forno foi alimentado com 2,5 toneladas de ferro-gusa, a massa de gás carbônico formada, em quilogramas, na produção de aço doce, é mais próxima de",A: 28.; B: 75.; C: 175.; D: 275.; E: 303.,3.1881,D,2013,alimentado aproximadas aquecimento ar atmosférico aço carbono carbônico carvão cerca chamado considerando contém doce dois elementos eliminar envolve excesso ferro forma formada formados forno g gusa gás junto liga massa massas minério mol molares oxidação oxigênio oxirredução partir principais produto produtos produção próxima puro quilogramas reações respectivamente restante série teor toneladas,A: ; B: ; C: ; D: ; E: 
78,"A contaminação pelo vírus da rubéola é especialmente preocupante em grávidas, devido à síndrome da rubéola congênita (SRC), que pode levar ao risco de aborto e malformações congênitas. Devido a campanhas de vacinação específicas, nas últimas décadas houve uma grande diminuição de casos de rubéola entre as mulheres, e, a partir de 2008, as campanhas se intensificaram e têm dado maior enfoque à vacinação de homens jovens. Considerando a preocupação com a ocorrência da SRC, as campanhas passaram a dar enfoque à vacinação dos homens, porque eles",A: ficam mais expostos a esse vírus.; B: transmitem o vírus a mulheres gestantes.; C: passam a infecção diretamente para o feto.; D: transferem imunidade às parceiras grávidas.; E: são mais sucetíveis a esse vírus que as mulheres.,0.9461,B,2013,aborto campanhas casos congênita congênitas considerando contaminação dado dar devido diminuição décadas enfoque especialmente específicas grande grávidas homens intensificaram jovens levar maior malformações mulheres ocorrência partir passaram pode porque preocupante preocupação risco rubéola src síndrome têm vacinação vírus últimas,A: expostos ficam vírus; B: gestantes mulheres transmitem vírus; C: diretamente feto infecção passam; D: grávidas imunidade parceiras transferem; E: mulheres sucetíveis vírus
79,"Um circuito em série é formado por uma pilha, uma lâmpada incandescente e uma chave interruptora. Ao se ligar a chave, a lâmpada acende quase instantaneamente, irradiando calor e luz. Popularmente, associa-se o fenômeno da irradiação de energia a um desgaste da corrente elétrica, ao atravessar o filamento da lâmpada, e à rapidez com que a lâmpada começa a brilhar. Essa explicação está em desacordo com o modelo clássico de corrente. De acordo com o modelo mencionado, o fato de a lâmpada acender quase instantaneamente está relacionado à rapidez com que",A: o fluido elétrico se desloca no circuito.; B: as cargas negativas móveis atravessam o circuito.; C: a bateria libera cargas móveis para o filamento da lâmpada.; D: o campo elétrico se estabelece em todos os pontos do circuito.; E: as cargas positivas e negativas se chocam no filamento da lâmpada.,2.8441,D,2013,acende acender acordo associa atravessar brilhar calor chave circuito clássico começa corrente desacordo desgaste elétrica energia explicação fato fenômeno filamento formado incandescente instantaneamente interruptora irradiando irradiação ligar luz lâmpada mencionado modelo pilha popularmente quase rapidez relacionado série,A: circuito desloca elétrico fluido; B: atravessam cargas circuito móveis negativas; C: bateria cargas filamento libera lâmpada móveis; D: campo circuito elétrico estabelece pontos todos; E: cargas chocam filamento lâmpada negativas positivas
80,"Estudos de fluxo de energia em ecossistemas demonstram que a alta produtividade nos manguezais está diretamente relacionada às taxas de produção primária líquida e à rápida reciclagem dos nutrientes. Como exemplo de seres vivos encontrados nesse ambiente, temos: aves, caranguejos, insetos, peixes e algas. Dos grupos de seres vivos citados, os que contribuem diretamente para a manutenção dessa produtividade no referido ecossistema são",A: aves.; B: algas.; C: peixes.; D: insetos.; E: caranguejos.,0.5307,B,2013,algas alta ambiente aves caranguejos citados contribuem demonstram dessa diretamente ecossistema ecossistemas encontrados energia estudos exemplo fluxo grupos insetos líquida manguezais manutenção nesse nutrientes peixes primária produtividade produção reciclagem referido relacionada rápida seres taxas vivos,A: aves; B: algas; C: peixes; D: insetos; E: caranguejos
81,"Entre as substâncias usadas para o tratamento de água está o sulfato de alumínio que, em meio alcalino, forma partículas em suspensão na água, às quais as impurezas presentes no meio se aderem. O método de separação comumente usado para retirar o sulfato de alumínio com as impurezas aderidas é a",A: flotação.; B: levigação.; C: ventilação.; D: peneiração.; E: centrifugação.,1.1538,A,2013,aderem aderidas alcalino alumínio comumente forma impurezas meio método partículas presentes quais retirar separação substâncias sulfato suspensão tratamento usadas usado água,A: flotação; B: levigação; C: ventilação; D: peneiração; E: centrifugação
82,"Em um piano, o Dó central e a próxima nota Dó (Dó maior) apresentam sons parecidos, mas não idênticos. É possível utilizar programas computacionais para expressar o formato dessas ondas sonoras em cada uma das situações como apresentado nas figuras, em que estão indicados intervalos de tempo idênticos (T). A razão entre as frequências do Dó central e do Dó maior é de:",A: 1/2; B: 2; C: 1; D: 1/4; E: 4,1.705,A,2013,apresentado apresentam cada central computacionais dessas dó expressar figuras formato frequências idênticos indicados intervalos maior nota ondas parecidos piano possível programas próxima razão situações sonoras sons t tempo utilizar,A: ; B: ; C: ; D: ; E: 
83,"Medir temperatura é fundamental em muitas aplicações, e apresentar a leitura em mostradores digitais é bastante prático. O seu funcionamento é baseado na correspondência entre valores de temperatura e de diferença de potencial elétrico. Por exemplo, podemos usar o circuito elétrico apresentado, no qual o elemento sensor de temperatura ocupa um dos braços do circuito (Rs) e a dependência da resistência com a temperatura é conhecida. Para um valor de temperatura em que RS = 100 Ω, a leitura apresentada pelo voltímetro será de","A: + 6,2 V.; B: + 1,7 V.; C: + 0,3 V.; D: – 0,3 V.; E: – 6,2 V.",3.3857,D,2013,aplicações apresentada apresentado apresentar baseado bastante braços circuito conhecida correspondência dependência diferença digitais elemento elétrico exemplo funcionamento fundamental leitura medir mostradores muitas ocupa podemos potencial prático resistência rs sensor temperatura usar valor valores voltímetro,A: v; B: v; C: v; D: v; E: v
84,"Apesar de belos e impressionantes, corais exóticos encontrados na Ilha Grande podem ser uma ameaça ao equilíbrio dos ecossistemas do litoral do Rio de Janeiro. Originários do Oceano Pacífico, esses organismos foram trazidos por plataformas de petróleo e outras embarcações, provavelmente na década de 1980, e disputam com as espécies nativas elementos primordiais para a sobrevivência, como espaço e alimento. Organismos invasores são a segunda maior causa de perda de biodiversidade, superados somente pela destruição direta de hábitats pela ação do homem. As populações de espécies invasoras crescem indefinidamente e ocupam o espaço de organismos nativos. As populações de espécies invasoras crescem bastante por terem a vantagem de",A: não apresentarem genes deletérios no seu pool gênico.; B: não possuírem parasitas e predadores naturais presentes no ambiente exótico.; C: apresentarem características genéticas para se adaptarem a qualquer clima ou condição ambiental.; D: apresentarem capacidade de consumir toda a variedade de alimentos disponibilizados no ambiente exótico.; E: apresentarem características fisiológicas que lhes conferem maior tamanho corporal que o das espécies nativas.,0.3834,B,2013,alimento ameaça apesar ação bastante belos biodiversidade causa corais crescem destruição direta disputam década ecossistemas elementos embarcações encontrados equilíbrio espaço espécies exóticos grande homem hábitats ilha impressionantes indefinidamente invasoras invasores janeiro litoral maior nativas nativos oceano ocupam organismos originários outras pacífico perda petróleo plataformas podem populações primordiais provavelmente rio segunda sobrevivência somente superados terem trazidos vantagem,A: apresentarem deletérios genes gênico pool; B: ambiente exótico naturais parasitas possuírem predadores presentes; C: adaptarem ambiental apresentarem características clima condição genéticas qualquer; D: alimentos ambiente apresentarem capacidade consumir disponibilizados exótico toda variedade; E: apresentarem características conferem corporal espécies fisiológicas maior nativas tamanho
85,"Desenvolve-se um dispositivo para abrir automaticamente uma porta no qual um botão, quando acionado, faz com que uma corrente elétrica i = 6 A percorra uma barra condutora de comprimento L = 5 cm, cujo ponto médio está preso a uma mola de constante elástica k = 5 × 10–2 N/cm. O sistema mola-condutor está imerso em um campo magnético uniforme perpendicular ao plano. Quando acionado o botão, a barra sairá da posição de equilíbrio a uma velocidade média de 5 m/s e atingirá a catraca em 6 milisegundos, abrindo a porta. A intensidade do campo magnético, para que o dispostivo funcione corretamente, é de",A: 5 × 10–1 T.; B: 5 × 10–2 T.; C: 5 × 101 T.; D: 2 × 10–2 T.; E: 2 × 100 T.,2.88,A,2013,abrindo abrir acionado atingirá automaticamente barra botão campo catraca cm comprimento condutor condutora constante corrente corretamente cujo desenvolve dispositivo dispostivo elástica elétrica equilíbrio faz funcione i imerso intensidade k l m magnético milisegundos mola média médio n percorra perpendicular plano ponto porta posição preso s sairá sistema uniforme velocidade,A: t; B: t; C: t; D: t; E: t
86,"As fraldas descartáveis que contêm o polímero poliacrilato de sódio (1) são mais eficientes na retenção de água que as fraldas de pano convencionais, constituídas de fibras de celulose (2). A maior eficiência dessas fraldas descartáveis, em relação às de pano, deve-se às","A: interações dipolo-dipolo mais fortes entre o poliacrilato e a água, em relação às ligações de hidrogênio entre a celulose e as moléculas de água.; B: interações íon-íon mais fortes entre o poliacrilato e as moléculas de água, em relação às ligações de hidrogênio entre a celulose e as moléculas de água.; C: ligações de hidrogênio mais fortes entre o poliacrilato e a água, em relação às interações íon-dipolo entre a celulose e as moléculas de água.; D: ligações de hidrogênio mais fortes entre o poliacrilato e as moléculas de água, em relação às interações dipolo induzido-dipolo induzido entre a celulose e as moléculas de água.; E: interações íon-dipolo mais fortes entre o poliacrilato e as moléculas de água, em relação às ligações de hidrogênio entre a celulose e as moléculas de água.",2.4916,E,2013,celulose constituídas contêm convencionais descartáveis dessas deve eficientes eficiência fibras fraldas maior pano poliacrilato polímero relação retenção sódio água,A: celulose dipolo fortes hidrogênio interações ligações moléculas poliacrilato relação água; B: celulose fortes hidrogênio interações ligações moléculas poliacrilato relação água íon; C: celulose dipolo fortes hidrogênio interações ligações moléculas poliacrilato relação água íon; D: celulose dipolo fortes hidrogênio induzido interações ligações moléculas poliacrilato relação água; E: celulose dipolo fortes hidrogênio interações ligações moléculas poliacrilato relação água íon
87,"Em um dia sem vento, ao saltar de um avião, um paraquedista cai verticalmente até atingir a velocidade limite. No instante em que o paraquedas é aberto (instante TA), ocorre a diminuição de sua velocidade de queda. Algum tempo após a abertura do paraquedas, ele passa a ter velocidade de queda constante, que possibilita sua aterrissagem em segurança. Que gráfico representa a força resultante sobre o paraquedista, durante o seu movimento de queda?",A; B; C; D; E,2.1657,B,2013,aberto abertura algum após aterrissagem atingir avião cai constante dia diminuição durante força gráfico instante limite movimento ocorre paraquedas paraquedista passa possibilita queda representa resultante saltar segurança sobre ta tempo ter velocidade vento verticalmente,
88,"Para a identificação de um rapaz vítima de acidente, fragmentos de tecidos foram retirados e submetidos à extração de DNA nuclear, para comparação com o DNA disponível dos possíveis familiares (pai, avô materno, avó materna, filho e filha). Como o teste com o DNA nuclear não foi conclusivo, os peritos optaram por usar também DNA mitocondrial, para dirimir dúvidas. Para identificar o corpo, os peritos devem verificar se há homologia entre o DNA mitocondrial do rapaz e o DNA mitocondrial do(a)",A: pai.; B: filho.; C: filha.; D: avó materna.; E: avô materno.,1.283,D,2013,acidente avó avô comparação conclusivo corpo devem dirimir disponível dna dúvidas extração familiares filha filho fragmentos homologia identificar identificação materna materno mitocondrial nuclear optaram pai peritos possíveis rapaz retirados submetidos tecidos teste usar verificar vítima,A: pai; B: filho; C: filha; D: avó materna; E: avô materno
89,"Aquecedores solares usados em residências têm o objetivo de elevar a temperatura da água até 70 °C. No entanto, a temperatura ideal da água para um banho é de 30 °C. Por isso, deve-se misturar a água aquecida com a água à temperatura ambiente de um outro reservatório, que se encontra a 25 °C. Qual a razão entre a massa de água quente e a massa de água fria na mistura para um banho à temperatura ideal?","A 0,111.; B 0,125.; C 0,357.; D 0,428.; E 0,833.",1.8499,B,2013,ambiente aquecedores aquecida banho c deve elevar encontra entanto fria ideal massa mistura misturar objetivo outro quente razão reservatório residências solares temperatura têm usados água,
90,"As moléculas de nanoputians lembram figuras humanas e foram criadas para estimular o interesse de jovens na compreensão da linguagem expressa em fórmulas estruturais, muito usadas em química orgânica. Um exemplo é o NanoKid, representado na figura: Em que parte do corpo do NanoKid existe carbono quaternário?",A: Mãos.; B: Cabeça.; C: Tórax.; D: Abdômen.; E: Pés.,0.3737,A,2013,carbono compreensão corpo criadas estimular estruturais exemplo existe expressa figura figuras fórmulas humanas interesse jovens lembram linguagem moléculas nanokid nanoputians orgânica parte quaternário química representado usadas,A: mãos; B: cabeça; C: tórax; D: abdômen; E: pés
46,"Para diminuir o acúmulo de lixo e o desperdício de materiais de valor econômico e, assim, reduzir a exploração de recursos naturais, adotou-se, em escala internacional, a política dos três erres: Redução, Reutilização e Reciclagem. Um exemplo de reciclagem é a utilização de",A: garrafas de vidro retornáveis para cerveja ou refrigerante.; B: latas de alumínio como material para fabricação de lingotes.; C: sacos plásticos de supermercado como acondicionantes de lixo caseiro.; D: embalagens plásticas vazias e limpas para acondicionar outros alimentos.; E: garrafas PET recortadas em tiras para fabricação de cerdas de vassouras.,1.096,B,2012,acúmulo adotou assim desperdício diminuir econômico erres escala exemplo exploração internacional lixo materiais naturais política reciclagem recursos reduzir redução reutilização três utilização valor,A: cerveja garrafas refrigerante retornáveis vidro; B: alumínio fabricação latas lingotes material; C: acondicionantes caseiro lixo plásticos sacos supermercado; D: acondicionar alimentos embalagens limpas outros plásticas vazias; E: cerdas fabricação garrafas pet recortadas tiras vassouras
47,"Um dos problemas ambientais vivenciados pela agricultura hoje em dia é a compactação do solo, devida ao intenso tráfego de máquinas cada vez mais pesadas, reduzindo a produtividade das culturas. Uma das formas de prevenir o problema de compactação do solo é substituir os pneus dos tratores por pneus mais","A: largos, reduzindo a pressão sobre o solo.; B: estreitos, reduzindo a pressão sobre o solo.; C: largos, aumentando a pressão sobre o solo.; D: estreitos, aumentando a pressão sobre o solo.; E: altos, reduzindo a pressão sobre o solo.",0.371,A,2012,agricultura ambientais cada compactação culturas devida dia formas hoje intenso máquinas pesadas pneus prevenir problema problemas produtividade reduzindo solo substituir tratores tráfego vez vivenciados,A: largos pressão reduzindo sobre solo; B: estreitos pressão reduzindo sobre solo; C: aumentando largos pressão sobre solo; D: aumentando estreitos pressão sobre solo; E: altos pressão reduzindo sobre solo
48,"O milho transgênico é produzido a partir da manipulação do milho original, com a transferência, para este, de um gene de interesse retirado de outro organismo de espécie diferente. A característica de interesse será manifestada em decorrência",A: do incremento do DNA a partir da duplicação do gene transferido.; B: da transcrição do RNA transportador a partir do gene transferido.; C: da expressão de proteínas sintetizadas a partir do DNA não hibridizado.; D: da síntese de carboidratos a partir da ativação do DNA do milho original.; E: da tradução do RNA mensageiro sintetizado a partir do DNA recombinante.;,1.766,E,2012,característica decorrência diferente espécie gene interesse manifestada manipulação milho organismo original outro partir produzido retirado transferência transgênico,A: dna duplicação gene incremento partir transferido; B: gene partir rna transcrição transferido transportador; C: dna expressão hibridizado partir proteínas sintetizadas; D: ativação carboidratos dna milho original partir síntese; E: dna mensageiro partir recombinante rna sintetizado tradução
49,"A produção mundial de alimentos poderia se reduzir a 40% da atual sem a aplicação de controle sobre as pragas agrícolas. Por outro lado, o uso frequente dos agrotóxicos pode causar contaminação em solos, águas superficiais e subterrâneas, atmosfera e alimentos. Os biopesticidas, tais como a piretrina e a coronopilina, têm sido uma alternativa na diminuição dos prejuízos econômicos, sociais e ambientais gerados pelos agrotóxicos. Identifique as funções orgânicas presentes simultaneamente nas estruturas dos dois biopesticidas apresentados:",A: Éter e éster.; B: Cetona e éster.; C: Álcool e cetona.; D: Aldeído e cetona.; E: Éter e ácido carboxílico.,1.118,B,2012,agrotóxicos agrícolas alimentos alternativa ambientais aplicação apresentados atmosfera atual biopesticidas causar contaminação controle coronopilina diminuição dois econômicos estruturas frequente funções gerados identifique lado mundial orgânicas outro piretrina pode poderia pragas prejuízos presentes produção reduzir sido simultaneamente sobre sociais solos subterrâneas superficiais tais têm uso águas,A: éster éter; B: cetona éster; C: cetona álcool; D: aldeído cetona; E: carboxílico ácido éter
50,"Os carrinhos de brinquedo podem ser de vários tipos. Dentre eles, há os movidos a corda, em que uma mola em seu interior é comprimida quando a criança puxa o carrinho para trás. Ao ser solto, o carrinho entra em movimento enquanto a mola volta à sua forma inicial. O processo de conversão de energia que ocorre no carrinho descrito também é verificado em",A: um dínamo.; B: um freio de automóvel.; C: um motor a combustão.; D: uma usina hidroelétrica.; E: uma atiradeira (estilingue).,-0.203,E,2012,brinquedo carrinho carrinhos comprimida conversão corda criança dentre descrito energia enquanto entra forma inicial interior mola movidos movimento ocorre podem processo puxa solto tipos trás verificado volta vários,A: dínamo; B: automóvel freio; C: combustão motor; D: hidroelétrica usina; E: atiradeira estilingue
51,"Pesticidas são contaminantes ambientais altamente tóxicos aos seres vivos e, geralmente, com grande persistência ambiental. A busca por novas formas de eliminação dos pesticidas tem aumentado nos últimos anos, uma vez que as técnicas atuais são economicamente dispendiosas e paliativas. A biorremediação de pesticidas utilizando microrganismos tem se mostrado uma técnica muito promissora para essa finalidade, por apresentar vantagens econômicas e ambientais. Para ser utilizado nesta técnica promissora, um microrganismo deve ser capaz de","A: transferir o contaminante do solo para a água.; B: absorver o contaminante sem alterá-lo quimicamente.; C: apresentar alta taxa de mutação ao longo das gerações.; D: estimular o sistema imunológico do homem contra o contaminante.; E: metabolizar o contaminante, liberando subprodutos menos tóxicos ou atóxicos.",0.266,E,2012,altamente ambientais ambiental anos apresentar atuais aumentado biorremediação busca capaz contaminantes deve dispendiosas economicamente econômicas eliminação finalidade formas geralmente grande microrganismo microrganismos mostrado nesta novas paliativas persistência pesticidas promissora seres técnica técnicas tóxicos utilizado utilizando vantagens vez vivos últimos,A: contaminante solo transferir água; B: absorver alterá contaminante lo quimicamente; C: alta apresentar gerações longo mutação taxa; D: contaminante contra estimular homem imunológico sistema; E: atóxicos contaminante liberando menos metabolizar subprodutos tóxicos
52,"Medidas de saneamento básico são fundamentais no processo de promoção de saúde e qualidade de vida da população. Muitas vezes, a falta de saneamento está relacionada com o aparecimento de várias doenças. Nesse contexto, um paciente dá entrada em um pronto atendimento relatando que há 30 dias teve contato com águas de enchente. Ainda informa que nesta localidade não há rede de esgoto e drenagem de águas pluviais e que a coleta de lixo é inadequada. Ele apresenta os seguintes sintomas: febre, dor de cabeça e dores musculares. Relacionando os sintomas apresentados com as condições sanitárias da localidade, há indicações de que o paciente apresenta um caso de",A: difteria.; B: botulismo.; C: tuberculose.; D: leptospirose.; E: meningite meningocócica.,-0.639,D,2012,ainda aparecimento apresenta apresentados atendimento básico cabeça caso coleta condições contato contexto dias doenças dor dores drenagem dá enchente entrada esgoto falta febre fundamentais inadequada indicações informa lixo localidade medidas muitas musculares nesse nesta paciente pluviais população processo promoção pronto qualidade rede relacionada relacionando relatando saneamento sanitárias saúde seguintes sintomas vezes vida várias águas,A: difteria; B: botulismo; C: tuberculose; D: leptospirose; E: meningite meningocócica
53,"O rótulo de um desodorante aerossol informa ao consumidor que o produto possui em sua composição os gases isobutano, butano e propano, dentre outras substâncias. Além dessa informação, o rótulo traz, ainda, a inscrição “Não contém CFC”. As reações a seguir, que ocorrem na estratosfera, justificam a não utilização de CFC (clorofluorcarbono ou Freon) nesse desodorante: I) CF2 Cℓ2 CF2 Cℓ + Cℓ UV II) Cℓ + O3 O2 • + CℓO • • • A preocupação com as possíveis ameaças à camada de ozônio (O3) baseia-se na sua principal função: proteger a matéria viva na Terra dos efeitos prejudiciais dos raios solares ultravioleta. A absorção da radiação ultravioleta pelo ozônio estratosférico é intensa o suficiente para eliminar boa parte da fração de ultravioleta que é prejudicial à vida. A finalidade da utilização dos gases isobutano, butano e propano neste aerossol é","A: substituir o CFC, pois não reagem com o ozônio, servindo como gases propelentes em aerossóis.; B: servir como propelentes, pois, como são muito reativos, capturam o Freon existente livre na atmosfera, impedindo a destruição do ozônio.; C: reagir com o ar, pois se decompõem espontaneamente em dióxido de carbono (CO2) e água (H2O), que não atacam o ozônio.; D: impedir a destruição do ozônio pelo CFC, pois os hidrocarbonetos gasosos reagem com a radiação UV, liberando hidrogênio (H2), que reage com o oxigênio do ar (O2), formando água (H2O).;E: destruir o CFC, pois reagem com a radiação UV, liberando carbono (C), que reage com o oxigênio do ar (O2), formando dióxido de carbono (CO2), que é inofensivo para a camada de ozônio.",0.736,A,2012,absorção aerossol ainda além ameaças baseia boa butano camada cfc clorofluorcarbono composição consumidor contém dentre desodorante dessa efeitos eliminar estratosfera estratosférico finalidade fração freon função gases i ii informa informação inscrição intensa isobutano justificam matéria nesse neste ocorrem outras ozônio parte possui possíveis prejudiciais prejudicial preocupação principal produto propano proteger radiação raios reações rótulo seguir solares substâncias suficiente terra traz ultravioleta utilização uv vida viva,A: aerossóis cfc gases ozônio pois propelentes reagem servindo substituir; B: atmosfera capturam destruição existente freon impedindo livre ozônio pois propelentes reativos servir; C: ar atacam carbono decompõem dióxido espontaneamente ozônio pois reagir água; D: ar cfc destruição formando gasosos hidrocarbonetos hidrogênio impedir liberando oxigênio ozônio pois radiação reage reagem uv água; E: ar c camada carbono cfc destruir dióxido formando inofensivo liberando oxigênio ozônio pois radiação reage reagem uv
54,"Em um dia de chuva muito forte, constatou-se uma goteira sobre o centro de uma piscina coberta, formando um padrão de ondas circulares. Nessa situação, observou-se que caíam duas gotas a cada segundo. A distância entre duas cristas consecutivas era de 25 cm e cada uma delas se aproximava da borda da piscina com velocidade de 1,0 m/s. Após algum tempo a chuva diminuiu e a goteira passou a cair uma vez por segundo. Com a diminuição da chuva, a distância entre as cristas e a velocidade de propagação da onda se tornaram, respectivamemente,","A: maior que 25 cm e maior que 1,0 m/s.; B: maior que 25 cm e igual a 1,0 m/s.; C: menor que 25 cm e menor que 1,0 m/s.; D: menor que 25 cm e igual a 1,0 m/s.; E: igual a 25 cm e igual a 1,0 m/s.",0.957,B,2012,algum aproximava após borda cada cair caíam centro chuva circulares cm coberta consecutivas constatou cristas dia diminuiu diminuição distância duas formando forte gotas goteira m nessa observou onda ondas padrão passou piscina propagação respectivamemente s segundo situação sobre tempo tornaram velocidade vez,A: cm m maior s; B: cm igual m maior s; C: cm m menor s; D: cm igual m menor s; E: cm igual m s
55,"O mecanismo que permite articular uma porta (de um móvel ou de acesso) é a dobradiça. Normalmente, são necessárias duas ou mais dobradiças para que a porta seja fixada no móvel ou no portal, permanecendo em equilíbrio e podendo ser articulada com facilidade. No plano, o diagrama vetorial das forças que as dobradiças exercem na porta está representado em",A; B; C; D; E,2.17,D,2012,acesso articulada articular diagrama dobradiça dobradiças duas equilíbrio exercem facilidade fixada forças mecanismo móvel necessárias normalmente permanecendo permite plano podendo porta portal representado vetorial,
56,"A figura representa um dos modelos de um sistema de interações entre seres vivos. Ela apresenta duas propriedades, P1 e P2, que interagem em I, para afetar uma terceira propriedade, P3, quando o sistema é alimentado por uma fonte de energia, E. Essa figura pode simular um sistema de campo em que P1 representa as plantas verdes; P2 um animal herbívoro e P3, um animal onívoro. A função interativa I representa a proporção de",A: herbivoria entre P1 e P2.; B: polinização entre P1 e P2.; C: P3 utilizada na alimentação de P1 e P2.; D: P1 ou P2 utilizada na alimentação de P3.; E: energia de P1 e de P2 que saem do sistema.,0.897,D,2012,afetar alimentado animal apresenta campo duas energia figura fonte função herbívoro i interagem interativa interações modelos onívoro plantas pode proporção propriedade propriedades representa seres simular sistema terceira verdes vivos,A: herbivoria; B: polinização; C: alimentação utilizada; D: alimentação utilizada; E: energia saem sistema
57,"Muitas espécies de plantas lenhosas são encontradas no cerrado brasileiro. Para a sobrevivência nas condições de longos períodos de seca e queimadas periódicas, próprias desse ecossistema, essas plantas desenvolveram estruturas muito peculiares. As estruturas adaptativas mais apropriadas para a sobrevivência desse grupo de plantas nas condições ambientais do referido ecossistema são:","A: Cascas finas e sem sulcos ou fendas.; B: Caules estreitos e retilíneos.; C: Folhas estreitas e membranosas.; D: Gemas apicais com densa pilosidade.; E: Raízes superficiais, em geral, aéreas.",2.965,D,2012,adaptativas ambientais apropriadas brasileiro cerrado condições desenvolveram desse ecossistema encontradas espécies estruturas grupo lenhosas longos muitas peculiares periódicas períodos plantas próprias queimadas referido seca sobrevivência,A: cascas fendas finas sulcos; B: caules estreitos retilíneos; C: estreitas folhas membranosas; D: apicais densa gemas pilosidade; E: aéreas geral raízes superficiais
58,"A própolis é um produto natural conhecido por suas propriedades anti-inflamatórias e cicatrizantes. Esse material contém mais de 200 compostos identificados até o momento. Dentre eles, alguns são de estrutura simples, como é o caso do C6 H5 CO2 CH2 CH3, cuja estrutura está mostrada a seguir. O ácido carboxílico e o álcool capazes de produzir o éster em apreço por meio da reação de esterificação são, respectivamente,",A: ácido benzoico e etanol.; B: ácido propanoico e hexanol.; C: ácido fenilacético e metanol.; D: ácido propiônico e cicloexanol.; E: ácido acético e álcool benzílico.,0.811,A,2012,alguns anti apreço capazes carboxílico caso cicatrizantes compostos conhecido contém cuja dentre esterificação estrutura identificados inflamatórias material meio momento mostrada natural produto produzir propriedades própolis reação respectivamente seguir simples ácido álcool éster,A: benzoico etanol ácido; B: hexanol propanoico ácido; C: fenilacético metanol ácido; D: cicloexanol propiônico ácido; E: acético benzílico ácido álcool
59,"No Japão, um movimento nacional para a promoção da luta contra o aquecimento global leva o slogan: 1 pessoa, 1 dia, 1 kg de CO2  a menos! A ideia é cada pessoa reduzir em 1 kg a quantidade de CO2 emitida todo dia, por meio de pequenos gestos ecológicos, como diminuir a queima de gás de cozinha. Considerando um processo de combustão completa de um gás de cozinha composto exclusivamente por butano (C4 H10), a mínima quantidade desse gás que um japonês deve deixar de queimar para atender à meta diária, apenas com esse gesto, é de","A: 0,25 kg.; B: 0,33 kg.; C: 1,0 kg.; D: 1,3 kg.; E: 3,0 kg. ",1.372,B,2012,apenas aquecimento atender butano cada combustão completa composto considerando contra cozinha deixar desse deve dia diminuir diária ecológicos emitida exclusivamente gesto gestos global gás ideia japonês japão kg leva luta meio menos meta movimento mínima nacional pequenos pessoa processo promoção quantidade queima queimar reduzir slogan todo,A: kg; B: kg; C: kg; D: kg; E: kg
60,"Para melhorar a mobilidade urbana na rede metroviária é necessário minimizar o tempo entre estações. Para isso a administração do metrô de uma grande cidade adotou o seguinte procedimento entre duas estações: a locomotiva parte do repouso com aceleração constante por um terço do tempo de percurso, mantém a velocidade constante por outro terço e reduz sua velocidade com desaceleração constante no trecho final, até parar. Qual é o gráfico de posição (eixo vertical) em função do tempo (eixo horizontal) que representa o movimento desse trem?",A; B; C; D; E,1.315,C,2012,aceleração administração adotou cidade constante desaceleração desse duas eixo estações final função grande gráfico horizontal locomotiva mantém melhorar metroviária metrô minimizar mobilidade movimento necessário outro parar parte percurso posição procedimento rede reduz repouso representa seguinte tempo terço trecho trem urbana velocidade vertical,
61,"A eficiência das lâmpadas pode ser comparada utilizando a razão, considerada linear, entre a quantidade de luz produzida e o consumo. A quantidade de luz é medida pelo fluxo luminoso, cuja unidade é o lúmen (lm). O consumo está relacionado à potência elétrica da lâmpada que é medida em watt (W). Por exemplo, uma lâmpada incandescente de 40 W emite cerca de 600 lm, enquanto uma lâmpada fluorescente de 40 W emite cerca de 3 000 lm. A eficiência de uma lâmpada incandescente de 40 W é","A: maior que a de uma lâmpada fluorescente de 8 W, que produz menor quantidade de luz.; B: maior que a de uma lâmpada fluorescente de 40 W, que produz menor quantidade de luz.; C: menor que a de uma lâmpada fluorescente de 8 W, que produz a mesma quantidade de luz.; D: menor que a de uma lâmpada fluorescente de 40 W, pois consome maior quantidade de energia.; E: igual a de uma lâmpada fluorescente de 40 W, que consome a mesma quantidade de energia. ",1.226,C,2012,cerca comparada considerada consumo cuja eficiência elétrica emite enquanto exemplo fluorescente fluxo incandescente linear lm luminoso luz lâmpada lâmpadas lúmen medida pode potência produzida quantidade razão relacionado unidade utilizando w watt,A: fluorescente luz lâmpada maior menor produz quantidade w; B: fluorescente luz lâmpada maior menor produz quantidade w; C: fluorescente luz lâmpada menor mesma produz quantidade w; D: consome energia fluorescente lâmpada maior menor pois quantidade w; E: consome energia fluorescente igual lâmpada mesma quantidade w
62,"Não é de hoje que o homem cria, artificialmente, variedades de peixes por meio da hibridação. Esta é uma técnica muito usada pelos cientistas e pelos piscicultores porque os híbridos resultantes, em geral, apresentam maior valor comercial do que a média de ambas as espécies parentais, além de reduzir a sobrepesca no ambiente natural. Sem controle, esses animais podem invadir rios e lagos naturais, se reproduzir e",A: originar uma nova espécie poliploide.; B: substituir geneticamente a espécie natural.; C: ocupar o primeiro nível trófico no hábitat aquático.; D: impedir a interação biológica entre as espécies parentais.; E: produzir descendentes com o código genético modificado.,2.288,B,2012,além ambas ambiente animais apresentam artificialmente cientistas comercial controle cria espécies geral hibridação hoje homem híbridos invadir lagos maior meio média naturais natural parentais peixes piscicultores podem porque reduzir reproduzir resultantes rios sobrepesca técnica usada valor variedades,A: espécie nova originar poliploide; B: espécie geneticamente natural substituir; C: aquático hábitat nível ocupar primeiro trófico; D: biológica espécies impedir interação parentais; E: código descendentes genético modificado produzir
63,"Há milhares de anos o homem faz uso da biotecnologia para a produção de alimentos como pães, cervejas e vinhos. Na fabricação de pães, por exemplo, são usados fungos unicelulares, chamados de leveduras, que são comercializados como fermento biológico. Eles são usados para promover o crescimento da massa, deixando-a leve e macia. O crescimento da massa do pão pelo processo citado é resultante da ",A: liberação de gás carbônico.; B: formação de ácido lático.; C: formação de água.; D: produção de ATP.; E: liberação de calor. ,0.65,A,2012,alimentos anos biológico biotecnologia cervejas chamados citado comercializados crescimento deixando exemplo fabricação faz fermento fungos homem leve leveduras macia massa milhares processo produção promover pães pão resultante unicelulares usados uso vinhos,A: carbônico gás liberação; B: formação lático ácido; C: formação água; D: atp produção; E: calor liberação
64,"Alguns povos indígenas ainda preservam suas tradições realizando a pesca com lanças, demonstrando uma notável habilidade. Para fisgar um peixe em um lago com águas tranquilas o índio deve mirar abaixo da posição em que enxerga o peixe. Ele deve proceder dessa forma porque os raios de luz",A: refletidos pelo peixe não descrevem uma trajetória retilínea no interior da água.; B: emitidos pelos olhos do índio desviam sua trajetória quando passam do ar para a água.; C: espalhados pelo peixe são refletidos pela superfície da água.; D: emitidos pelos olhos do índio são espalhados pela superfície da água.; E: refletidos pelo peixe desviam sua trajetória quando passam da água para o ar. ,0.865,E,2012,abaixo ainda alguns demonstrando dessa deve enxerga fisgar forma habilidade indígenas lago lanças luz mirar notável peixe pesca porque posição povos preservam proceder raios realizando tradições tranquilas águas índio,A: descrevem interior peixe refletidos retilínea trajetória água; B: ar desviam emitidos olhos passam trajetória água índio; C: espalhados peixe refletidos superfície água; D: emitidos espalhados olhos superfície água índio; E: ar desviam passam peixe refletidos trajetória água
65,"Os vegetais biossintetizam determinadas substâncias (por exemplo, alcaloides e flavonoides), cuja estrutura química e concentração variam num mesmo organismo em diferentes épocas do ano e estágios de desenvolvimento. Muitas dessas substâncias são produzidas para a adaptação do organismo às variações ambientais (radiação UV, temperatura, parasitas, herbívoros, estímulo a polinizadores etc.) ou fisiológicas (crescimento, envelhecimento etc.). As variações qualitativa e quantitativa na produção dessas substâncias durante um ano são possíveis porque o material genético do indivíduo",A: sofre constantes recombinações para adaptar-se.; B: muda ao longo do ano e em diferentes fases da vida.; C: cria novos genes para biossíntese de substâncias específicas.; D: altera a sequência de bases nitrogenadas para criar novas substâncias.; E: possui genes transcritos diferentemente de acordo com cada necessidade.,1.289,E,2012,adaptação alcaloides ambientais ano biossintetizam concentração crescimento cuja desenvolvimento dessas determinadas diferentes durante envelhecimento estrutura estágios estímulo etc exemplo fisiológicas flavonoides genético herbívoros indivíduo material muitas organismo parasitas polinizadores porque possíveis produzidas produção qualitativa quantitativa química radiação substâncias temperatura uv variam variações vegetais épocas,A: adaptar constantes recombinações sofre; B: ano diferentes fases longo muda vida; C: biossíntese cria específicas genes novos substâncias; D: altera bases criar nitrogenadas novas sequência substâncias; E: acordo cada diferentemente genes necessidade possui transcritos
66,"O benzeno é um hidrocarboneto aromático presente no petróleo, no carvão e em condensados de gás natural. Seus metabólitos são altamente tóxicos e se depositam na medula óssea e nos tecidos gordurosos. O limite de exposição pode causar anemia, câncer (leucemia) e distúrbios do comportamento. Em termos de reatividade química, quando um eletrófilo se liga ao benzeno, ocorre a formação de um intermediário, o carbocátion. Por fim, ocorre a adição ou substituição eletrofílica. Com base no texto e no gráfico do progresso da reação apresentada, as estruturas químicas encontradas em I, II e III são, respectivamente:",A; B; C; D; E,2.311,A,2012,adição altamente anemia apresentada aromático base benzeno carbocátion carvão causar comportamento condensados câncer depositam distúrbios eletrofílica eletrófilo encontradas estruturas exposição fim formação gordurosos gráfico gás hidrocarboneto i ii iii intermediário leucemia liga limite medula metabólitos natural ocorre petróleo pode presente progresso química químicas reatividade reação respectivamente substituição tecidos termos texto tóxicos óssea,
67,O manual que acompanha uma ducha higiênica informa que a pressão mínima da água para o seu funcionamento apropriado é de 20 kPa. A figura mostra a instalação hidráulica com a caixa d’água e o cano ao qual deve ser conectada a ducha. O valor da pressão da água na ducha está associado à altura,A: h1.; B: h2.; C: h3.; D: h4.; E: h5.,1.767,C,2012,acompanha altura apropriado associado caixa cano conectada d deve ducha figura funcionamento hidráulica higiênica informa instalação kpa manual mostra mínima pressão valor água,A: ; B: ; C: ; D: ; E: 
68,"O menor tamanduá do mundo é solitário e tem hábitos noturnos, passa o dia repousando, geralmente em um emaranhado de cipós, com o corpo curvado de tal maneira que forma uma bola. Quando em atividade, se locomove vagarosamente e emite som semelhante a um assobio. A cada gestação, gera um único filhote. A cria é deixada em uma árvore à noite e é amamentada pela mãe até que tenha idade para procurar alimento. As fêmeas adultas têm territórios grandes e o território de um macho inclui o de várias fêmeas, o que significa que ele tem sempre diversas pretendentes à disposição para namorar! Essa descrição sobre o tamanduá diz respeito ao seu",A: hábitat.; B: biótopo.; C: nível trófico.; D: nicho ecológico.; E: potencial biótico.,1.513,D,2012,adultas alimento amamentada assobio atividade bola cada cipós corpo cria curvado deixada descrição dia disposição diversas diz emaranhado emite filhote forma fêmeas gera geralmente gestação grandes hábitos idade inclui locomove macho maneira menor mundo mãe namorar noite noturnos passa pretendentes procurar repousando respeito semelhante sempre significa sobre solitário som tal tamanduá território territórios têm vagarosamente várias árvore único,A: hábitat; B: biótopo; C: nível trófico; D: ecológico nicho; E: biótico potencial
69,"Uma dona de casa acidentalmente deixou cair na geladeira a água proveniente do degelo de um peixe, o que deixou um cheiro forte e desagradável dentro do eletrodoméstico. Sabe-se que o odor característico de peixe se deve às aminas e que esses compostos se comportam como bases. Na tabela são listadas as concentrações hidrogeniônicas de alguns materiais encontrados na cozinha, que a dona de casa pensa em utilizar na limpeza da geladeira. Dentre os materiais listados, quais são apropriados para amenizar esse odor?","A: Álcool ou sabão.; B: Suco de limão ou álcool.; C: Suco de limão ou vinagre.; D: Suco de limão, leite ou sabão.; E: Sabão ou carbonato de sódio/barrilha. ",0.753,C,2012,acidentalmente alguns amenizar aminas apropriados bases cair característico casa cheiro comportam compostos concentrações cozinha degelo deixou dentre dentro desagradável deve dona eletrodoméstico encontrados forte geladeira hidrogeniônicas limpeza listadas listados materiais odor peixe pensa proveniente quais sabe tabela utilizar água,A: sabão álcool; B: limão suco álcool; C: limão suco vinagre; D: leite limão sabão suco; E: barrilha carbonato sabão sódio
70,"Em uma planície, ocorreu um acidente ambiental em decorrência do derramamento de grande quantidade de um hidrocarboneto que se apresenta na forma pastosa à temperatura ambiente. Um químico ambiental utilizou uma quantidade apropriada de uma solução de para-dodecil-benzenossulfonato de sódio, um agente tensoativo sintético, para diminuir os impactos desse acidente. Essa intervenção produz resultados positivos para o ambiente porque","A: promove uma reação de substituição no hidrocarboneto, tornando-o menos letal ao ambiente.; B: a hidrólise do para-dodecil-benzenossulfonato de sódio produz energia térmica suficiente para vaporizar o hidrocarboneto.; C: a mistura desses reagentes provoca a combustão do hidrocarboneto, o que diminui a quantidade dessa substância na natureza.; D: a solução de para-dodecil-benzenossulfonato possibilita a solubilização do hidrocarboneto.; E: o reagente adicionado provoca uma solidificação do hidrocarboneto, o que facilita sua retirada do ambiente.",2.546,D,2012,acidente agente ambiental ambiente apresenta apropriada benzenossulfonato decorrência derramamento desse diminuir dodecil forma grande hidrocarboneto impactos intervenção ocorreu pastosa planície porque positivos produz quantidade químico resultados sintético solução sódio temperatura tensoativo utilizou,A: ambiente hidrocarboneto letal menos promove reação substituição tornando; B: benzenossulfonato dodecil energia hidrocarboneto hidrólise produz suficiente sódio térmica vaporizar; C: combustão dessa desses diminui hidrocarboneto mistura natureza provoca quantidade reagentes substância; D: benzenossulfonato dodecil hidrocarboneto possibilita solubilização solução; E: adicionado ambiente facilita hidrocarboneto provoca reagente retirada solidificação
71,"Suponha que você seja um consultor e foi contratado para assessorar a implantação de uma matriz energética em um pequeno país com as seguintes características: região plana, chuvosa e com ventos constantes, dispondo de poucos recursos hídricos e sem reservatórios de combustíveis fósseis. De acordo com as características desse país, a matriz energética de menor impacto e risco ambientais é a baseada na energia","A: dos biocombustíveis, pois tem menor impacto ambiental e maior disponibilidade.; B: solar, pelo seu baixo custo e pelas características do país favoráveis à sua implantação.; C: nuclear, por ter menor risco ambiental e ser adequada a locais com menor extensão territorial.; D: hidráulica, devido ao relevo, à extensão territorial do país e aos recursos naturais disponíveis.; E: eólica, pelas características do país e por não gerar gases do efeito estufa nem resíduos de operação.;",-0.365,E,2012,acordo ambientais assessorar baseada características chuvosa combustíveis constantes consultor contratado desse dispondo energia energética fósseis hídricos impacto implantação matriz menor país pequeno plana poucos recursos região reservatórios risco seguintes suponha ventos,A: ambiental biocombustíveis disponibilidade impacto maior menor pois; B: baixo características custo favoráveis implantação país solar; C: adequada ambiental extensão locais menor nuclear risco ter territorial; D: devido disponíveis extensão hidráulica naturais país recursos relevo territorial; E: características efeito estufa eólica gases gerar operação país resíduos
72,"Uma empresa de transportes precisa efetuar a entrega de uma encomenda o mais breve possível. Para tanto, a equipe de logística analisa o trajeto desde a empresa até o local da entrega. Ela verifica que o trajeto apresenta dois trechos de distâncias diferentes e velocidades máximas permitidas diferentes. No primeiro trecho, a velocidade máxima permitida é de 80 km/h e a distância a ser percorrida é de 80 km. No segundo trecho, cujo comprimento vale 60 km, a velocidade máxima permitida é 120 km/h. Supondo que as condições de trânsito sejam favoráveis para que o veículo da empresa ande continuamente na velocidade máxima permitida, qual será o tempo necessário, em horas, para a realização da entrega?","A: 0,7; B: 1,4; C: 1,5; D: 2,0; E: 3,0",0.118,C,2012,analisa ande apresenta breve comprimento condições continuamente cujo desde diferentes distância distâncias dois efetuar empresa encomenda entrega equipe favoráveis h horas km local logística máxima máximas necessário percorrida permitida permitidas possível precisa primeiro realização segundo supondo tanto tempo trajeto transportes trecho trechos trânsito vale velocidade velocidades verifica veículo,A: ; B: ; C: ; D: ; E: 
73,"Para ligar ou desligar uma mesma lâmpada a partir de dois interruptores, conectam-se os interruptores para que a mudança de posição de um deles faça ligar ou desligar a lâmpada, não importando qual a posição do outro. Esta ligação é conhecida como interruptores paralelos. Este interruptor é uma chave de duas posições constituída por um polo e dois terminais, conforme mostrado nas figuras de um mesmo interruptor. Na Posição I a chave conecta o polo ao terminal superior, e na Posição II a chave o conecta ao terminal inferior. O circuito que cumpre a finalidade de funcionamento descrita no texto é:",A; B; C; D; E,2.336,E,2012,chave circuito conecta conectam conforme conhecida constituída cumpre descrita desligar dois duas faça figuras finalidade funcionamento i ii importando inferior interruptor interruptores ligar ligação lâmpada mesma mostrado mudança outro paralelos partir polo posição posições superior terminais terminal texto,
74,"A característica que permite identificar um planeta no céu é o seu movimento relativo às estrelas fixas. Se observarmos a posição de um planeta por vários dias, verificaremos que sua posição em relação às estrelas fixas se modifica regularmente. A figura destaca o movimento de Marte observado em intervalos de 10 dias, registrado da Terra. Qual a causa da forma da trajetória do planeta Marte registrada na figura?","A: A maior velocidade orbital da Terra faz com que, em certas épocas, ela ultrapasse Marte.; B: A presença de outras estrelas faz com que sua trajetória seja desviada por meio da atração gravitacional.; C: A órbita de Marte, em torno do Sol, possui uma forma elíptica mais acentuada que a dos demais planetas.; D: A atração gravitacional entre a Terra e Marte faz com que este planeta apresente uma órbita irregular em torno do Sol.; E: A proximidade de Marte com Júpiter, em algumas épocas do ano, faz com que a atração gravitacional de Júpiter interfira em seu movimento.",2.452,A,2012,característica causa céu destaca dias estrelas figura fixas forma identificar intervalos marte modifica movimento observado observarmos permite planeta posição registrada registrado regularmente relativo relação terra trajetória verificaremos vários,A: certas faz maior marte orbital terra ultrapasse velocidade épocas; B: atração desviada estrelas faz gravitacional meio outras presença trajetória; C: acentuada demais elíptica forma marte planetas possui sol torno órbita; D: apresente atração faz gravitacional irregular marte planeta sol terra torno órbita; E: algumas ano atração faz gravitacional interfira júpiter marte movimento proximidade épocas
75,"Em certos locais, larvas de moscas, criadas em arroz cozido, são utilizadas como iscas para pesca. Alguns criadores, no entanto, acreditam que essas larvas surgem espontaneamente do arroz cozido, tal como preconizado pela teoria da geração espontânea. Essa teoria começou a ser refutada pelos cientistas ainda no século XVII, a partir dos estudos de Redi e Pasteur, que mostraram experimentalmente que","A: seres vivos podem ser criados em laboratório.; B: a vida se originou no planeta a partir de microrganismos.; C: o ser vivo é oriundo da reprodução de outro ser vivo pré-existente.; D: seres vermiformes e microrganismos são evolutivamente aparentados.; E: vermes e microrganismos são gerados pela matéria existente nos cadáveres e nos caldos nutritivos, respectivamente.",1.038,C,2012,acreditam ainda alguns arroz certos cientistas começou cozido criadas criadores entanto espontaneamente espontânea estudos experimentalmente geração iscas larvas locais moscas mostraram partir pasteur pesca preconizado redi refutada surgem século tal teoria utilizadas xvii,A: criados laboratório podem seres vivos; B: microrganismos originou partir planeta vida; C: existente oriundo outro pré reprodução vivo; D: aparentados evolutivamente microrganismos seres vermiformes; E: cadáveres caldos existente gerados matéria microrganismos nutritivos respectivamente vermes
76,"Os tubos de PVC, material organoclorado sintético, são normalmente utilizados como encanamento na construção civil. Ao final da sua vida útil, uma das formas de descarte desses tubos pode ser a incineração. Nesse processo libera-se HCℓ (g), cloreto de hidrogênio, dentre outras substâncias. Assim, é necessário um tratamento para evitar o problema da emissão desse poluente. Entre as alternativas possíveis para o tratamento, é apropriado canalizar e borbulhar os gases provenientes da incineração em",A: água dura.; B: água de cal.; C: água salobra.; D: água destilada.; E: água desmineralizada.,1.158,B,2012,alternativas apropriado assim borbulhar canalizar civil cloreto construção dentre descarte desse desses emissão encanamento evitar final formas g gases hidrogênio incineração libera material necessário nesse normalmente organoclorado outras pode poluente possíveis problema processo provenientes pvc sintético substâncias tratamento tubos utilizados vida útil,A: dura água; B: cal água; C: salobra água; D: destilada água; E: desmineralizada água
77,"Um consumidor desconfia que a balança do supermercado não está aferindo corretamente a massa dos produtos. Ao chegar a casa resolve conferir se a balança estava descalibrada. Para isso, utiliza um recipiente provido de escala volumétrica, contendo 1,0 litro d’água. Ele coloca uma porção dos legumes que comprou dentro do recipiente e observa que a água atinge a marca de 1,5 litro e também que a porção não ficara totalmente submersa, com 1/3 de seu volume fora d’água. Para concluir o teste, o consumidor, com ajuda da internet, verifica que a densidade dos legumes, em questão, é a metade da densidade da água, onde, rágua = 1 g/cm3. No supermercado a balança registrou a massa da porção de legumes igual a 0,500 kg (meio quilograma). Considerando que o método adotado tenha boa precisão, o consumidor concluiu que a balança estava descalibrada e deveria ter registrado a massa da porção de legumes igual a","A: 0,073 kg.; B: 0,167 kg.; C: 0,250 kg.; D: 0,375 kg.; E: 0,750 kg.",1.592,D,2012,adotado aferindo ajuda atinge balança boa casa chegar coloca comprou concluir concluiu conferir considerando consumidor contendo corretamente d densidade dentro descalibrada desconfia deveria escala ficara g igual internet kg legumes litro marca massa meio metade método observa onde porção precisão produtos provido questão quilograma recipiente registrado registrou resolve rágua submersa supermercado ter teste totalmente utiliza verifica volume volumétrica água,A: kg; B: kg; C: kg; D: kg; E: kg
78,"Os freios ABS são uma importante medida de segurança no trânsito, os quais funcionam para impedir o travamento das rodas do carro quando o sistema de freios é acionado, liberando as rodas quando estão no limiar do deslizamento. Quando as rodas travam, a força de frenagem é governada pelo atrito cinético. As representações esquemáticas da força de atrito f at entre os pneus e a pista, em função da pressão p aplicada no pedal de freio, para carros sem ABS e com ABS, respectivamente, são:",A; B; C; D; E,1.583,A,2012,abs acionado aplicada at atrito carro carros cinético deslizamento esquemáticas f força freio freios frenagem funcionam função governada impedir importante liberando limiar medida p pedal pista pneus pressão quais representações respectivamente rodas segurança sistema travam travamento trânsito,
79,"O armazenamento de certas vitaminas no organismo apresenta grande dependência de sua solubilidade. Por exemplo, vitaminas hidrossolúveis devem ser incluídas na dieta diária, enquanto vitaminas lipossolúveis são armazenadas em quantidades suficientes para evitar doenças causadas pela sua carência. A seguir são apresentadas as estuturas químicas de cinco vitaminas necessárias ao organismo. Dentre as vitaminas apresentadas na figura, aquela que necessita de maior suplementação diária é",A: I.; B: II.; C: III.; D: IV.; E: V,1.225,C,2012,apresenta apresentadas armazenadas armazenamento carência causadas certas cinco dentre dependência devem dieta diária doenças enquanto estuturas evitar exemplo figura grande hidrossolúveis incluídas lipossolúveis maior necessita necessárias organismo quantidades químicas seguir solubilidade suficientes suplementação vitaminas,A: i; B: ii; C: iii; D: iv; E: v
80,A condição física apresentada pelo personagem da tirinha é um fator de risco que pode desencadear doenças como,A: anemia.; B: beribéri.; C: diabetes.; D: escorbuto.; E: fenilcetonúria.,-0.14,C,2012,apresentada condição desencadear doenças fator física personagem pode risco tirinha,A: anemia; B: beribéri; C: diabetes; D: escorbuto; E: fenilcetonúria
81,"Paleontólogos estudam fósseis e esqueletos de dinossauros para tentar explicar o desaparecimento desses animais. Esses estudos permitem afirmar que esses animais foram extintos há cerca de 65 milhões de anos. Uma teoria aceita atualmente é a de que um asteroide colidiu com a Terra, formando uma densa nuvem de poeira na atmosfera. De acordo com essa teoria, a extinção ocorreu em função de modificações no planeta que","A: desestabilizaram o relógio biológico dos animais, causando alterações no código genético.; B: reduziram a penetração da luz solar até a superfície da Terra, interferindo no fluxo energético das teias tróficas.; C: causaram uma série de intoxicações nos animais, provocando a bioacumulação de partículas de poeira nos organismos.; D: resultaram na sedimentação das partículas de poeira levantada com o impacto do meteoro, provocando o desaparecimento de rios e lagos.; E: evitaram a precipitação de água até a superfície da Terra, causando uma grande seca que impediu a retroalimentação do ciclo hidrológico.",0.775,B,2012,aceita acordo afirmar animais anos asteroide atmosfera atualmente cerca colidiu densa desaparecimento desses dinossauros esqueletos estudam estudos explicar extintos extinção formando função fósseis milhões modificações nuvem ocorreu paleontólogos permitem planeta poeira tentar teoria terra,A: alterações animais biológico causando código desestabilizaram genético relógio; B: energético fluxo interferindo luz penetração reduziram solar superfície teias terra tróficas; C: animais bioacumulação causaram intoxicações organismos partículas poeira provocando série; D: desaparecimento impacto lagos levantada meteoro partículas poeira provocando resultaram rios sedimentação; E: causando ciclo evitaram grande hidrológico impediu precipitação retroalimentação seca superfície terra água
82,"O boato de que os lacres das latas de alumínio teriam um alto valor comercial levou muitas pessoas a juntarem esse material na expectativa de ganhar dinheiro com sua venda. As empresas fabricantes de alumínio esclarecem que isso não passa de uma “lenda urbana”, pois ao retirar o anel da lata, dificulta-se a reciclagem do alumínio. Como a liga do qual é feito o anel contém alto teor de magnésio, se ele não estiver junto com a lata, fica mais fácil ocorrer a oxidação do alumínio no forno. A tabela apresenta as semirreações e os valores de potencial padrão de redução de alguns metais: Com base no texto e na tabela, que metais poderiam entrar na composição do anel das latas com a mesma função do magnésio, ou seja, proteger o alumínio da oxidação nos fornos e não deixar diminuir o rendimento da sua reciclagem?","A: Somente o lítio, pois ele possui o menor potencial de redução.; B: Somente o cobre, pois ele possui o maior potencial de redução.; C: Somente o potássio, pois ele possui potencial de redução mais próximo do magnésio.; D: Somente o cobre e o zinco, pois eles sofrem oxidação mais facilmente que o alumínio.; E: Somente o lítio e o potássio, pois seus potenciais de redução são menores do que o do alumínio.",1.028,E,2012,alguns alto alumínio anel apresenta base boato comercial composição contém deixar dificulta diminuir dinheiro empresas entrar esclarecem expectativa fabricantes feito fica forno fornos função fácil ganhar juntarem junto lacres lata latas lenda levou liga magnésio material mesma metais muitas ocorrer oxidação padrão passa pessoas poderiam pois potencial proteger reciclagem redução rendimento retirar semirreações tabela teor texto urbana valor valores venda,A: lítio menor pois possui potencial redução somente; B: cobre maior pois possui potencial redução somente; C: magnésio pois possui potencial potássio próximo redução somente; D: alumínio cobre facilmente oxidação pois sofrem somente zinco; E: alumínio lítio menores pois potenciais potássio redução somente
83,"Aumentar a eficiência na queima de combustível dos motores a combustão e reduzir suas emissões de poluentes é a meta de qualquer fabricante de motores. É também o foco de uma pesquisa brasileira que envolve experimentos com plasma, o quarto estado da matéria e que está presente no processo de ignição. A interação da faísca emitida pela vela de ignição com as moléculas de combustível gera o plasma que provoca a explosão liberadora de energia que, por sua vez, faz o motor funcionar. No entanto, a busca da eficiência referenciada no texto apresenta como fator limitante","A: o tipo de combustível, fóssil, que utilizam. Sendo um insumo não renovável, em algum momento estará esgotado.; B: um dos princípios da termodinâmica, segundo o qual o rendimento de uma máquina térmica nunca atinge o ideal.; C: o funcionamento cíclico de todos os motores. A repetição contínua dos movimentos exige que parte da energia seja transferida ao próximo ciclo.; D: as forças de atrito inevitável entre as peças. Tais forças provocam desgastes contínuos que com o tempo levam qualquer material à fadiga e ruptura.; E: a temperatura em que eles trabalham. Para atingir o plasma, é necessária uma temperatura maior que a de fusão do aço com que se fazem os motores. ",1.521,B,2012,apresenta aumentar brasileira busca combustão combustível eficiência emissões emitida energia entanto envolve estado experimentos explosão fabricante fator faz faísca foco funcionar gera ignição interação liberadora limitante matéria meta moléculas motor motores pesquisa plasma poluentes presente processo provoca qualquer quarto queima reduzir referenciada texto vela vez,A: algum combustível esgotado estará fóssil insumo momento renovável sendo tipo utilizam; B: atinge ideal máquina nunca princípios rendimento segundo termodinâmica térmica; C: ciclo contínua cíclico energia exige funcionamento motores movimentos parte próximo repetição todos transferida; D: atrito contínuos desgastes fadiga forças inevitável levam material peças provocam qualquer ruptura tais tempo; E: atingir aço fazem fusão maior motores necessária plasma temperatura trabalham
84,"A falta de conhecimento em relação ao que vem a ser um material radioativo e quais os efeitos, consequências e usos da irradiação pode gerar o medo e a tomada de decisões equivocadas, como a apresentada no exemplo a seguir. “Uma companhia aérea negou-se a transportar material médico por este portar um certificado de esterilização por irradiação.”. A decisão tomada pela companhia é equivocada, pois","A: o material é incapaz de acumular radiação, não se tornando radioativo por ter sido irradiado.; B: a utilização de uma embalagem é suficiente para bloquear a radiação emitida pelo material.; C: a contaminação radioativa do material não se prolifera da mesma forma que as infecções por microrganismos.; D: o material irradiado emite radiação de intensidade abaixo daquela que ofereceria risco à saúde.; E: o intervalo de tempo após a esterilização é suficiente para que o material não emita mais radiação. ",2.098,A,2012,apresentada aérea certificado companhia conhecimento consequências decisão decisões efeitos equivocada equivocadas esterilização exemplo falta gerar irradiação material medo médico negou pode pois portar quais radioativo relação seguir tomada transportar usos vem,A: acumular incapaz irradiado material radiação radioativo sido ter tornando; B: bloquear embalagem emitida material radiação suficiente utilização; C: contaminação forma infecções material mesma microrganismos prolifera radioativa; D: abaixo daquela emite intensidade irradiado material ofereceria radiação risco saúde; E: após emita esterilização intervalo material radiação suficiente tempo
85,"A imagem representa o processo de evolução das plantas e algumas de suas estruturas. Para o sucesso desse processo, a partir de um ancestral simples, os diferentes grupos vegetais desenvolveram estruturas adaptativas que lhes permitiram sobreviver em diferentes ambientes. Qual das estruturas adaptativas apresentadas contribuiu para uma maior diversidade genética?","A: As sementes aladas, que favorecem a dispersão aérea.; B: Os arquegônios, que protegem o embrião multicelular.; C: Os grãos de pólen, que garantem a polinização cruzada.; D: Os frutos, que promovem uma maior eficiência reprodutiva.; E: Os vasos condutores, que possibilitam o transporte da seiva bruta.",0.96,C,2012,adaptativas algumas ambientes ancestral apresentadas contribuiu desenvolveram desse diferentes diversidade estruturas evolução genética grupos imagem maior partir permitiram plantas processo representa simples sobreviver sucesso vegetais,A: aladas aérea dispersão favorecem sementes; B: arquegônios embrião multicelular protegem; C: cruzada garantem grãos polinização pólen; D: eficiência frutos maior promovem reprodutiva; E: bruta condutores possibilitam seiva transporte vasos
86,"Osmose é um processo espontâneo que ocorre em todos os organismos vivos e é essencial à manutenção da vida. Uma solução 0,15 mol/L de NaCℓ (cloreto de sódio) possui a mesma pressão osmótica das soluções presentes nas células humanas. A imersão de uma célula humana em uma solução 0,20 mol/L de NaCℓ tem, como consequência, a",A: adsorção de íons Na+ sobre a superfície da célula.; B: difusão rápida de íons Na+ para o interior da célula.; C: diminuição da concentração das soluções presentes na célula.; D: transferência de íons Na+ da célula para a solução.; E: transferência de moléculas de água do interior da célula para a solução.,0.957,E,2012,cloreto consequência célula células espontâneo essencial humana humanas imersão l manutenção mesma mol ocorre organismos osmose osmótica possui presentes pressão processo solução soluções sódio todos vida vivos,A: adsorção célula sobre superfície íons; B: célula difusão interior rápida íons; C: concentração célula diminuição presentes soluções; D: célula solução transferência íons; E: célula interior moléculas solução transferência água
87,"A doença de Chagas afeta mais de oito milhões de brasileiros, sendo comum em áreas rurais. É uma doença causada pelo protozoário Trypanosoma cruzi e transmitida por insetos conhecidos como barbeiros ou chupanças. Uma ação do homem sobre o meio ambiente que tem contribuído para o aumento dessa doença é",A: o consumo de carnes de animais silvestres que são hospedeiros do vetor da doença.; B: a utilização de adubos químicos na agricultura que aceleram o ciclo reprodutivo do barbeiro.; C: a ausência de saneamento básico que favorece a proliferação do protozoário em regiões habitadas por humanos.; D: a poluição dos rios e lagos com pesticidas que exterminam o predador das larvas do inseto transmissor da doença.; E: o desmatamento que provoca a migração ou o desaparecimento dos animais silvestres dos quais o barbeiro se alimenta.,1.598,E,2012,afeta ambiente aumento ação barbeiros brasileiros causada chagas chupanças comum conhecidos contribuído cruzi dessa doença homem insetos meio milhões oito protozoário rurais sendo sobre transmitida trypanosoma áreas,A: animais carnes consumo doença hospedeiros silvestres vetor; B: aceleram adubos agricultura barbeiro ciclo químicos reprodutivo utilização; C: ausência básico favorece habitadas humanos proliferação protozoário regiões saneamento; D: doença exterminam inseto lagos larvas pesticidas poluição predador rios transmissor; E: alimenta animais barbeiro desaparecimento desmatamento migração provoca quais silvestres
88,"Nossa pele possui células que reagem à incidência de luz ultravioleta e produzem uma substância chamada melanina, responsável pela pigmentação da pele. Pensando em se bronzear, uma garota vestiu um biquíni, acendeu a luz de seu quarto e deitou-se exatamente abaixo da lâmpada incandescente. Após várias horas ela percebeu que não conseguiu resultado algum. O bronzeamente não ocorreu porque a luz emitida pela lâmpada incandescente é de",A: baixa intensidade.; B: baixa frequência.; C: um espectro contínuo.; D: amplitude inadequada.; E: curto comprimento de onda.,1.465,B,2012,abaixo acendeu algum após biquíni bronzeamente bronzear chamada conseguiu células deitou emitida exatamente garota horas incandescente incidência luz lâmpada melanina ocorreu pele pensando percebeu pigmentação porque possui produzem quarto reagem responsável resultado substância ultravioleta vestiu várias,A: baixa intensidade; B: baixa frequência; C: contínuo espectro; D: amplitude inadequada; E: comprimento curto onda
89,"Quando colocados em água, os fosfolipídeos tendem a formar lipossomos, estruturas formadas por uma bicamada lipídica, conforme mostrado na figura. Quando rompida, essa estrutura tende a se reorganizar em um novo lipossomo. Esse arranjo característico se deve ao fato de os fosfolipídios apresentarem uma natureza","A: polar, ou seja, serem inteiramente solúveis em água.; B: apolar, ou seja, não serem solúveis em solução aquosa.; C: anfotérica, ou seja, podem comportar-se como ácidos e bases.; D: insaturada, ou seja, possuírem duplas ligações em sua estrutura.; E: anfifílica, ou seja, possuírem uma parte hidrofílica e outra hidrofóbica.",1.009,E,2012,apresentarem arranjo bicamada característico colocados conforme deve estrutura estruturas fato figura formadas formar fosfolipídeos fosfolipídios lipossomo lipossomos lipídica mostrado natureza novo reorganizar rompida tende tendem água,A: inteiramente polar serem solúveis água; B: apolar aquosa serem solução solúveis; C: anfotérica bases comportar podem ácidos; D: duplas estrutura insaturada ligações possuírem; E: anfifílica hidrofílica hidrofóbica outra parte possuírem
90,"Aspartame é um edulcorante artificial (adoçante dietético) que apresenta potencial adoçante 200 vezes maior que o açúcar comum, permitindo seu uso em pequenas quantidades. Muito usado pela indústria alimentícia, principalmente nos refrigerantes diet, tem valor energético que corresponde a 4 calorias/grama. É contraindicado a portadores de fenilcetonúria, uma doença genética rara que provoca o acúmulo da fenilalanina no organismo, causando retardo mental. O IDA (índice diário aceitável) desse adoçante é 40 mg/kg de massa corpórea. Com base nas informações do texto, a quantidade máxima recomendada de aspartame, em mol, que uma pessoa de 70 kg de massa corporal pode ingerir por dia é mais próxima de","A: 1,3 × 10–4.; B: 9,5 × 10–3.; C: 4 × 10–2.; D: 2,6.; E: 823",1.198,B,2012,aceitável acúmulo adoçante alimentícia apresenta artificial aspartame açúcar base calorias causando comum contraindicado corporal corpórea corresponde desse dia diet dietético diário doença edulcorante energético fenilalanina fenilcetonúria genética grama ida indústria informações ingerir kg maior massa mental mg mol máxima organismo pequenas permitindo pessoa pode portadores potencial principalmente provoca próxima quantidade quantidades rara recomendada refrigerantes retardo texto usado uso valor vezes índice,A: ; B: ; C: ; D: ; E: 
46,"Os métodos empregados nas análises químicas 
são ferramentas importantes para se conhecer a 
composição dos diversos materiais presentes no meio 
ambiente. É comum, na análise de metais presentes 
em amostras ambientais, como água de rio ou de 
mar, a adição de um ácido mineral forte, normalmente 
o ácido nítrico (HNO3), com a finalidade de impedir a
precipitação de compostos pouco solúveis desses 
metais ao longo do tempo.
Na ocorrência de precipitação, o resultado da análise 
pode ser subestimado, porque","A: ocorreu passagem de parte dos metais para uma fase 
sólida.; B: houve volatilização de compostos dos metais para a 
atmosfera.; C: os metais passaram a apresentar comportamento de 
não metais.; D: formou-se uma nova fase líquida, imiscível com a 
solução original.; E: os metais reagiram com as paredes do recipiente que 
contém a amostra.",1.30943,A,2016,adição ambientais ambiente amostras análise análises composição compostos comum conhecer desses diversos empregados ferramentas finalidade forte impedir importantes longo mar materiais meio metais mineral métodos normalmente nítrico ocorrência pode porque pouco precipitação presentes químicas resultado rio solúveis subestimado tempo ácido água,A: fase metais ocorreu parte passagem sólida; B: atmosfera compostos metais volatilização; C: apresentar comportamento metais passaram; D: fase formou imiscível líquida nova original solução; E: amostra contém metais paredes reagiram recipiente
47,"O paclitaxel é um triterpeno poli-hidroxilado que foi 
originalmente isolado da casca de Taxus brevifolia, árvore 
de crescimento lento e em risco de extinção, mas agora 
é obtido por rota química semissintética. Esse fármaco 
é utilizado como agente quimioterápico no tratamento 
de tumores de ovário, mama e pulmão. Seu mecanismo 
de ação antitumoral envolve sua ligação à tubulina 
interferindo com a função dos microtúbulos.
KRETZER, I. F. Terapia antitumoral combinada de derivados do paclitaxel e 
etoposídeo associados à nanoemulsão lipídica rica em colesterol - LDE.
Disponível em: www.teses.usp.br. Acesso em: 29 fev. 2012 (adaptado).
De acordo com a ação antitumoral descrita, que função 
celular é diretamente afetada pelo paclitaxel?",A: Divisão celular.; B: Transporte passivo.; C: Equilíbrio osmótico.; D: Geração de energia.; E: Síntese de proteínas.,0.97925,A,2016,acesso acordo adaptado afetada agente agora antitumoral associados ação br brevifolia casca celular colesterol combinada crescimento derivados descrita diretamente disponível envolve etoposídeo extinção f fev função fármaco hidroxilado i interferindo isolado kretzer lde lento ligação lipídica mama mecanismo microtúbulos nanoemulsão obtido originalmente ovário paclitaxel poli pulmão quimioterápico química rica risco rota semissintética taxus terapia teses tratamento triterpeno tubulina tumores usp utilizado www árvore,A: celular divisão; B: passivo transporte; C: equilíbrio osmótico; D: energia geração; E: proteínas síntese
48,"Para a instalação de um aparelho de ar-condicionado, 
é sugerido que ele seja colocado na parte superior da 
parede do cômodo, pois a maioria dos fluidos (líquidos
e gases), quando aquecidos, sofrem expansão, tendo 
sua densidade diminuída e sofrendo um deslocamento 
ascendente. Por sua vez, quando são resfriados, 
tornam-se mais densos e sofrem um deslocamento 
descendente.","A: sugestão apresentada no texto minimiza o consumo de 
energia, porque; A: diminui a umidade do ar dentro do cômodo.; B: aumenta a taxa de condução térmica para fora 
do cômodo.; C: torna mais fácil o escoamento da água para fora 
do cômodo.; D: facilita a circulação das correntes de ar frio e quente 
dentro do cômodo.; E: diminui a taxa de emissão de calor por parte do 
aparelho para dentro do cômodo.",0.3834,D,2016,aparelho aquecidos ar ascendente colocado condicionado cômodo densidade densos descendente deslocamento diminuída expansão fluidos gases instalação líquidos maioria parede parte pois resfriados sofrem sofrendo sugerido superior tendo tornam vez,A: apresentada consumo energia minimiza porque sugestão texto; A: ar cômodo dentro diminui umidade; B: aumenta condução cômodo taxa térmica; C: cômodo escoamento fácil torna água; D: ar circulação correntes cômodo dentro facilita frio quente; E: aparelho calor cômodo dentro diminui emissão parte taxa
50,"Um jovem suspeita que não é filho biológico de 
seus pais, pois descobriu que o seu tipo sanguíneo é 
O Rh negativo, o de sua mãe é B Rh positivo e de 
seu pai é A Rh positivo. A condição genotípica que possibilita que ele seja 
realmente filho biológico de seus pais é que","A: o pai e a mãe sejam heterozigotos para o sistema 
sanguíneo ABO e para o fator Rh.; B: o pai e a mãe sejam heterozigotos para o sistema 
sanguíneo ABO e homozigotos para o fator Rh.; C: o pai seja homozigoto para as duas características e 
a mãe heterozigota para as duas características.; D: o pai seja homozigoto para as duas características e 
a mãe heterozigota para o sistema ABO e homozigota 
para o fator Rh.; E: o pai seja homozigoto para o sistema ABO e 
heterozigoto para o fator Rh e a mãe homozigota para 
as duas características.",0.98398,A,2016,b biológico condição descobriu filho genotípica jovem mãe negativo pai pais pois positivo possibilita realmente rh sanguíneo suspeita tipo,A: abo fator heterozigotos mãe pai rh sanguíneo sistema; B: abo fator heterozigotos homozigotos mãe pai rh sanguíneo sistema; C: características duas heterozigota homozigoto mãe pai; D: abo características duas fator heterozigota homozigota homozigoto mãe pai rh sistema; E: abo características duas fator heterozigoto homozigota homozigoto mãe pai rh sistema
51,"Um cosmonauta russo estava a bordo da estação 
espacial MIR quando um de seus rádios de comunicação 
quebrou. Ele constatou que dois capacitores do rádio 
de 3 μF e 7 μF ligados em série estavam queimados. 
Em função da disponibilidade, foi preciso substituir os 
capacitores defeituosos por um único capacitor que 
cumpria a mesma função.
Qual foi a capacitância, medida em μF, do capacitor 
utilizado pelo cosmonauta?","A: 0,10; B: 0,50; C: 2,1; D: 10; E: 21",1.61285,C,2016,bordo capacitor capacitores capacitância comunicação constatou cosmonauta cumpria defeituosos disponibilidade dois espacial estação função ligados medida mesma mir preciso quebrou queimados russo rádio rádios substituir série utilizado único,A: ; B: ; C: ; D: ; E: 
52,"Em 1950, Erwin Chargaff e colaboradores estudavam 
a composição química do DNA e observaram que a 
quantidade de adenina (A) é igual à de timina (T), e a 
quantidade de guanina (G) é igual à de citosina (C) na 
grande maioria das duplas fitas de DNA. Em outras
palavras, esses cientistas descobriram que o total de 
purinas (A + G) e o total de pirimidinas (C + T) eram iguais. 
Um professor trabalhou esses conceitos em sala de aula 
e apresentou como exemplo uma fita simples de DNA
com 20 adeninas, 25 timinas, 30 guaninas e 25 citosinas.
Qual a quantidade de cada um dos nucleotídeos, quando 
considerada a dupla fita de DNA formada pela fita simples
exemplificada pelo professor?""",A: Adenina: 20; Timina: 25; Guanina: 25; Citosina: 30.; B: Adenina: 25; Timina: 20; Guanina: 45; Citosina: 45.; C: Adenina: 45; Timina: 45; Guanina: 55; Citosina: 55.; D: Adenina: 50; Timina: 50; Guanina: 50; Citosina: 50.; E: Adenina: 55; Timina: 55; Guanina: 45; Citosina: 45.,1.08639,C,2016,adenina adeninas apresentou aula c cada chargaff cientistas citosina citosinas colaboradores composição conceitos considerada descobriram dna dupla duplas erwin estudavam exemplificada exemplo fita fitas formada g grande guanina guaninas iguais igual maioria nucleotídeos observaram outras palavras pirimidinas professor purinas quantidade química sala simples t timina timinas total trabalhou,A: adenina citosina guanina timina; B: adenina citosina guanina timina; C: adenina citosina guanina timina; D: adenina citosina guanina timina; E: adenina citosina guanina timina
53,"Num dia em que a temperatura ambiente é de 37 °C, uma pessoa, com essa mesma temperatura corporal, repousa 
à sombra. Para regular sua temperatura corporal e mantê-la constante, a pessoa libera calor através da evaporação 
do suor. Considere que a potência necessária para manter seu metabolismo é 120 W e que, nessas condições, 20% 
dessa energia é dissipada pelo suor, cujo calor de vaporização é igual ao da água (540 cal/g). Utilize 1 cal igual a 4 J.
Após duas horas nessa situação, que quantidade de água essa pessoa deve ingerir para repor a perda pela transpiração?","A: 0,08 g; B: 0,44 g; C: 1,30 g; D: 1,80 g; E: 80,0 g",1.82841,E,2016,ambiente após através c cal calor condições considere constante corporal cujo dessa deve dia dissipada duas energia evaporação g horas igual ingerir j la libera manter mantê mesma metabolismo necessária nessa nessas perda pessoa potência quantidade regular repor repousa situação sombra suor temperatura transpiração utilize vaporização w água,A: g; B: g; C: g; D: g; E: g
54,"Suponha que um pesticida lipossolúvel que se acumula no organismo após ser ingerido tenha sido utilizado 
durante anos na região do Pantanal, ambiente que tem uma de suas cadeias alimentares representadas no esquema:
PLÂNCTON ĺ PULGA-D’ÁGUA ĺ LAMBARI ĺ PIRANHA ĺ TUIUIÚ
Um pesquisador avaliou a concentração do pesticida nos tecidos de lambaris da região e obteve um resultado de 
6,1 partes por milhão (ppm).
Qual será o resultado compatível com a concentração do pesticida (em ppm) nos tecidos dos outros componentes da 
cadeia alimentar?","A: PLÂNCTON PULGA-D’ÁGUA PIRANHA TUIUIÚ 
15,1 10,3 4,3 1,2; B: PLÂNCTON PULGA-D’ÁGUA PIRANHA TUIUIÚ
6,1 6,1 6,1 6,1; C: PLÂNCTON PULGA-D’ÁGUA PIRANHA TUIUIÚ
2,1 4,3 10,4 14,3; D:  PLÂNCTON PULGA-D’ÁGUA PIRANHA TUIUIÚ
2,1 3,9 4,1 2,3; E: PLÂNCTON PULGA-D’ÁGUA PIRANHA TUIUIÚ
8,8 5,8 5,3 9,6",1.18942,C,2016,acumula alimentar alimentares ambiente anos após avaliou cadeia cadeias compatível componentes concentração d durante esquema ingerido lambari lambaris lipossolúvel milhão obteve organismo outros pantanal partes pesquisador pesticida piranha plâncton ppm pulga região representadas resultado sido suponha tecidos tuiuiú utilizado água,A: d piranha plâncton pulga tuiuiú água; B: d piranha plâncton pulga tuiuiú água; C: d piranha plâncton pulga tuiuiú água; D: d piranha plâncton pulga tuiuiú água; E: d piranha plâncton pulga tuiuiú água
55,"A sombra do cedro vem se encostar no cocho. Primo 
Ribeiro levantou os ombros; começa a tremer. Com muito 
atraso. Mas ele tem no baço duas colmeias de bichinhos 
maldosos, que não se misturam, soltando enxames no 
sangue em dias alternados. E assim nunca precisa de 
passar um dia sem tremer.
ROSA, J. G. Sagarana. Rio de Janeiro: Nova Fronteira, 1984.
O texto de João Guimarães Rosa descreve as 
manifestações das crises paroxísticas da malária em 
seu personagem. Essas se caracterizam por febre alta, 
calafrios, sudorese intensa e tremores, com intervalos de 
48 h ou 72 h, dependendo da espécie de Plasmodium.
Essas crises periódicas ocorrem em razão da","A: lise das hemácias, liberando merozoítos e substâncias 
denominadas hemozoínas.; B: invasão das hemácias por merozoítos com maturação 
até a forma esquizonte.; C: reprodução assexuada dos esporozoítos no fígado do 
indivíduo infectado.; D: liberação de merozoítos dos hepatócitos para a 
corrente sanguínea.; E: formação de gametócitos dentro das hemácias.",1.60016,A,2016,alta alternados assim atraso baço bichinhos calafrios caracterizam cedro cocho colmeias começa crises dependendo descreve dia dias duas encostar enxames espécie febre fronteira g guimarães h intensa intervalos j janeiro joão levantou maldosos malária manifestações misturam nova nunca ocorrem ombros paroxísticas passar periódicas personagem plasmodium precisa primo razão ribeiro rio rosa sagarana sangue soltando sombra sudorese texto tremer tremores vem,A: denominadas hemozoínas hemácias liberando lise merozoítos substâncias; B: esquizonte forma hemácias invasão maturação merozoítos; C: assexuada esporozoítos fígado indivíduo infectado reprodução; D: corrente hepatócitos liberação merozoítos sanguínea; E: dentro formação gametócitos hemácias
56,"O soro fisiológico é uma solução aquosa de 
cloreto de sódio (NaCl) comumente utilizada para 
higienização ocular, nasal, de ferimentos e de lentes 
de contato. Sua concentração é 0,90% em massa e 
densidade igual a 1,00 g/mL.
Qual massa de NaCl, em grama, deverá ser adicionada à 
água para preparar 500 mL desse soro?","A: 0,45; B: 0,90; C: 4,50; D: 9,00; E: 45,00",1.22283,C,2016,adicionada aquosa cloreto comumente concentração contato densidade desse deverá ferimentos fisiológico g grama higienização igual lentes massa ml nacl nasal ocular preparar solução soro sódio utilizada água,A: ; B: ; C: ; D: ; E: 
57,"Um eletricista deve instalar um chuveiro que 
tem as especificações 220 V — 4 400 W a 6 800 W. 
Para a instalação de chuveiros, recomenda-se uma 
rede própria, com fios de diâmetro adequado e um 
disjuntor dimensionado à potência e à corrente elétrica 
previstas, com uma margem de tolerância próxima 
de 10%. Os disjuntores são dispositivos de segurança 
utilizados para proteger as instalações elétricas de 
curtos-circuitos e sobrecargas elétricas e devem 
desarmar sempre que houver passagem de corrente 
elétrica superior à permitida no dispositivo.
Para fazer uma instalação segura desse chuveiro, o valor 
da corrente máxima do disjuntor deve ser",A: 20 A.; B: 25 A.; C: 30 A.; D: 35 A.; E: 40 A.,1.92118,D,2016,adequado chuveiro chuveiros circuitos corrente curtos desarmar desse deve devem dimensionado disjuntor disjuntores dispositivo dispositivos diâmetro eletricista elétrica elétricas especificações fazer fios instalar instalação instalações margem máxima passagem permitida potência previstas proteger própria próxima recomenda rede segura segurança sempre sobrecargas superior tolerância utilizados v valor w,A: ; B: ; C: ; D: ; E: 
58,"Suponha que uma doença desconhecida esteja 
dizimando um rebanho bovino de uma cidade e alguns 
veterinários tenham conseguido isolar o agente causador 
da doença, verificando que se trata de um ser unicelular
e procarionte.
Para combater a doença, os veterinários devem 
administrar, nos bovinos contaminados,",A: vacinas.; B: antivirais.; C: fungicidas.; D: vermífugos.; E: antibióticos.,0.94708,E,2016,administrar agente alguns bovino bovinos causador cidade combater conseguido contaminados desconhecida devem dizimando doença isolar procarionte rebanho suponha trata unicelular verificando veterinários,A: vacinas; B: antivirais; C: fungicidas; D: vermífugos; E: antibióticos
59,"As sacolas plásticas são utilizadas em grande 
quantidade no Brasil por serem práticas, leves e de 
baixo custo. Porém, o tempo necessário para que 
sofram degradação nas condições do meio é de, no 
mínimo, 100 anos. Com o intuito de reduzir o impacto 
ambiental desses produtos, as sacolas biodegradáveis 
foram introduzidas no mercado. Essas sacolas são 
confeccionadas de um material polimérico que confere a 
elas uma característica que as torna biodegradáveis.","A: qual característica das sacolas biodegradáveis o texto 
faz referência?; A: Elevada massa molecular do polímero.; B: Espessura final do material que as constitui; C: Baixa resistência aos líquidos nas condições de uso.; D: Baixa resistência ao ataque por microrganismos em 
condições adequadas.; E: Ausência de anéis aromáticos na estrutura do 
polímero usado na confecção das sacolas.",0.88055,D,2016,ambiental anos baixo biodegradáveis brasil característica condições confeccionadas confere custo degradação desses grande impacto introduzidas intuito leves material meio mercado mínimo necessário plásticas polimérico porém produtos práticas quantidade reduzir sacolas serem sofram tempo torna utilizadas,A: biodegradáveis característica faz referência sacolas texto; A: elevada massa molecular polímero; B: constitui espessura final material; C: baixa condições líquidos resistência uso; D: adequadas ataque baixa condições microrganismos resistência; E: anéis aromáticos ausência confecção estrutura polímero sacolas usado
60,"Os ráficos representam a concentração na atmosfera, em partes por milhão (ppm), bilhão (ppb) ou trilhão (ppt),
dos cinco gases responsáveis por 97% do efeito estufa durante o período de 1978 a 2010.
380
360
340
1978 1982 1986 1990 1994 1998 2002 2006 2010
Dióxido de carbono
(ppm)
320
310
300
1978 1982 1986 1990 1994 1998 2002 2006 2010
Óxido nitroso
(ppb)
500
300
100
1978 1982 1986 1990 1994 1998 2002 2006 2010
(ppt)
1800
1700
1600
1978 1982 1986 1990 1994 1998 2002 2006 2010
Metano
(ppb)
CFC-12
CFC-11
Disponível em: www.esrl.noaa.gov. Acesso em: 6 ago. 2012 (adaptado).
Qual gás teve o maior aumento percentual de concentração na atmosfera nas últimas duas décadas?",A: CO2; B: CH4; C: N2O; D: CFC-12; E: CFC-11,1.73658,X,2016,acesso adaptado ago atmosfera aumento bilhão carbono cfc cinco concentração disponível dióxido duas durante décadas efeito esrl estufa gases gov gás maior metano milhão nitroso noaa partes percentual período ppb ppm ppt representam responsáveis ráficos trilhão www óxido últimas,A: ; B: ; C: ; D: cfc; E: cfc
61,"O eletrocardiograma, exame utilizado para avaliar 
o estado do coração de um paciente, trata-se do 
registro da atividade elétrica do coração ao longo de 
um certo intervalo de tempo. A figura representa o
eletrocardiograma de um paciente adulto, descansado, 
não fumante, em um ambiente com temperatura 
agradável. Nessas condições, é considerado normal um 
ritmo cardíaco entre 60 e 100 batimentos por minuto.
5
3
1
Tensão (mV)
Tempo (s)
Com base no eletrocardiograma apresentado, identifica-se
que a frequência cardíaca do paciente é",A: normal.; B: acima do valor ideal.; C: abaixo do valor ideal.; D: próxima do limite inferior.; E: próxima do limite superior.,1.14184,C,2016,adulto agradável ambiente apresentado atividade avaliar base batimentos cardíaca cardíaco certo condições considerado coração descansado eletrocardiograma elétrica estado exame figura frequência fumante identifica intervalo longo minuto mv nessas normal paciente registro representa ritmo s temperatura tempo tensão trata utilizado,A: normal; B: acima ideal valor; C: abaixo ideal valor; D: inferior limite próxima; E: limite próxima superior
62,"A modernização da agricultura, também conhecida 
como Revolução Verde, ficou marcada pela expansão da
agricultura nacional. No entanto, trouxe consequências 
como o empobrecimento do solo, o aumento da erosão 
e dos custos de produção, entre outras. Atualmente, a 
preocupação com a agricultura sustentável tem suscitado 
práticas como a adubação verde, que consiste na 
incorporação ao solo de fitomassa de espécies vegetais
distintas, sendo as mais difundidas as leguminosas.
ANUNCIAÇÃO, G. C. F. Disponível em: www.muz.ifsuldeminas.edu.br.
 Acesso em: 20 dez. 2012 (adaptado).","A: utilização de leguminosas nessa prática de cultivo visa 
reduzir a; A: utilização de agrotóxicos.; B: atividade biológica do solo.; C: necessidade do uso de fertilizantes.; D: decomposição da matéria orgânica.; E: capacidade de armazenamento de água no solo.",0.77519,C,2016,acesso adaptado adubação agricultura anunciação atualmente aumento br c conhecida consequências consiste custos dez difundidas disponível distintas edu empobrecimento entanto erosão espécies expansão f ficou fitomassa g ifsuldeminas incorporação leguminosas marcada modernização muz nacional outras preocupação produção práticas revolução sendo solo suscitado sustentável trouxe vegetais verde www,A: cultivo leguminosas nessa prática reduzir utilização visa; A: agrotóxicos utilização; B: atividade biológica solo; C: fertilizantes necessidade uso; D: decomposição matéria orgânica; E: armazenamento capacidade solo água
63,"Nos anos 1990, verificou-se que o rio Potomac,
situado no estado norte-americano de Maryland, tinha, 
em parte de seu curso, águas extremamente ácidas por 
receber um efluente de uma mina de carvão desativada, o
qual continha ácido sulfúrico (H2SO4). Essa água, embora 
límpida, era desprovida de vida. Alguns quilômetros 
adiante, instalou-se uma fábrica de papel e celulose 
que emprega hidróxido de sódio (NaOH) e carbonato de 
sódio (Na2CO3) em seus processos. Em pouco tempo, 
observou-se que, a partir do ponto em que a fábrica lança 
seus rejeitos no rio, a vida aquática voltou a florecer.
HARRIS, D. C. Análise química quantitativa. Rio de Janeiro: 
A explicação para o retorno da vida aquática nesse rio é a","A: diluição das águas do rio pelo novo efluente lançado
nele.; B: precipitação do íon sulfato na presença do efluente
da nova fábrica.; C: biodegradação do ácido sulfúrico em contato com o 
novo efluente descartado; D: diminuição da acidez das águas do rio pelo eflluente
da fábrica de papel e celulose.; E: volatilização do ácido sulfúrico após contato com o 
novo efluente introduzido no rio",0.53948,D,2016,adiante alguns americano anos análise aquática c carbonato carvão celulose continha curso d desativada desprovida efluente embora emprega estado explicação extremamente florecer fábrica harris hidróxido instalou janeiro lança límpida maryland mina naoh nesse norte observou papel parte partir ponto potomac pouco processos quantitativa quilômetros química receber rejeitos retorno rio situado sulfúrico sódio tempo verificou vida voltou ácidas ácido água águas,A: diluição efluente lançado nele novo rio águas; B: efluente fábrica nova precipitação presença sulfato íon; C: biodegradação contato descartado efluente novo sulfúrico ácido; D: acidez celulose diminuição eflluente fábrica papel rio águas; E: após contato efluente introduzido novo rio sulfúrico volatilização ácido
64,"O motor de combustão interna, utilizado no transporte 
de pessoas e cargas, é uma máquina térmica cujo ciclo 
consiste em quatro etapas: admissão, compressão, 
explosão/expansão e escape. Essas etapas estão 
representadas no diagrama da pressão em função do 
volume. Nos motores a gasolina, a mistura ar/combustível 
entra em combustão por uma centelha elétrica.
C
E
B
A
D
P
V
Para o motor descrito, em qual ponto do ciclo é produzida 
a centelha elétrica?",A: A; B: B; C: C; D: D; E: E,2.5653,C,2016,admissão ar b c cargas centelha ciclo combustão combustível compressão consiste cujo d descrito diagrama elétrica entra escape etapas expansão explosão função gasolina interna mistura motor motores máquina p pessoas ponto pressão produzida quatro representadas transporte térmica utilizado v volume,A: ; B: b; C: c; D: d; E: 
65,"Utensílios de uso cotidiano e ferramentas que 
contêm ferro em sua liga metálica tendem a sofrer 
processo corrosivo e enferrujar. A corrosão é um 
processo eletroquímico e, no caso do ferro, ocorre a 
precipitação do óxido de ferro(III) hidratado, substância 
marrom pouco solúvel, conhecida como ferrugem. Esse 
processo corrosivo é, de maneira geral, representado 
pela equação química:
4 Fe (s) + 3 O2 (g) + 2 H2O (l) → 2 Fe2 O3 H2 O (s)
Ferrugem.
Uma forma de impedir o processo corrosivo nesses 
utensílios é","A: renovar sua superfície, polindo-a semanalmente.; B: evitar o contato do utensílio com o calor, isolando-o 
termicamente.; C: impermeabilizar a superfície, isolando-a de seu 
contato com o ar úmido.; D: esterilizar frequentemente os utensílios, impedindo a 
proliferação de bactérias.; E: guardar os utensílios em embalagens, isolando-os do 
contato com outros objetos.",-0.07732,C,2016,caso conhecida contêm corrosivo corrosão cotidiano eletroquímico enferrujar equação fe ferramentas ferro ferrugem forma g geral hidratado iii impedir l liga maneira marrom metálica nesses ocorre pouco precipitação processo química representado s sofrer solúvel substância tendem uso utensílios óxido,A: polindo renovar semanalmente superfície; B: calor contato evitar isolando termicamente utensílio; C: ar contato impermeabilizar isolando superfície úmido; D: bactérias esterilizar frequentemente impedindo proliferação utensílios; E: contato embalagens guardar isolando objetos outros utensílios
66,"A descoberta de organismos extremófilos foi
uma surpresa para os pesquisadores. Alguns desses 
organismos, chamados de acidófilos, são capazes de
de sobreviver em ambientes extremamente ácidos.
Uma característica desses organismos é a capacidade 
de produzir membranas celulares compostas de lipídeos 
feitos de éteres em vez dos ésteres de glicerol, comuns 
nos outros seres vivos (mesófilos), o que preserva 
a membrana celular desses organismos mesmo em 
condições extremas de acidez.
A degradação das membranas celulares de organismos
não extremófilos em meio ácido é classificada",A: hidrólise.; B: termólise.; C: eterificação; D: condensação.; E: saponificação,2.23393,A,2016,acidez acidófilos alguns ambientes capacidade capazes característica celular celulares chamados classificada compostas comuns condições degradação descoberta desses extremamente extremas extremófilos feitos glicerol lipídeos meio membrana membranas mesófilos organismos outros pesquisadores preserva produzir seres sobreviver surpresa vez vivos ácido ácidos ésteres éteres,A: hidrólise; B: termólise; C: eterificação; D: condensação; E: saponificação
67,"Nas rodovias, é comum motoristas terem a 
visão ofuscada ao receberem a luz refletida na água
empoçada no asfalto. Sabe-se que essa luz adquire 
polarização horizontal. Para solucionar esse problema, 
há a possibilidade de o motorista utilizar óculos de lentes 
constituídas por filtros polarizadores. As linhas nas lentes 
dos óculos representam o eixo de polarização dessas 
lentes.
Quais são as lentes que solucionam o problema descrito?",A: ;B: ; C:; D: ; E:,1.51117,A,2016,adquire asfalto comum constituídas descrito dessas eixo empoçada filtros horizontal lentes linhas luz motorista motoristas ofuscada polarizadores polarização possibilidade problema quais receberem refletida representam rodovias sabe solucionam solucionar terem utilizar visão água óculos,A: ; B: c; D: 
68,"Companheira viajante
Suavemente revelada? Bem no interior de nossas 
células, uma clandestina e estranha alma existe. 
Silenciosamente, ela trama e aparece cumprindo seus 
afazeres domésticos cotidianos, descobrindo seu nicho 
especial em nossa fogosa cozinha metabólica, mantendo 
entropia em apuros, em ciclos variáveis noturnos e 
diurnos. Contudo, raramente ela nos acende, apesar 
de sua fornalha consumi-la. Sua origem? Microbiana, 
supomos. Julga-se adaptada às células eucariontes, 
considerando-se como escrava — uma serva a serviço 
de nossa verdadeira evolução.
McMURRAY, W. C. The traveler. Trends in Biochemical Sciences, 1994 (adaptado).
A organela celular descrita de forma poética no texto é o(a)",A: centríolo.; B: lisossomo.; C: mitocôndria.; D: complexo golgiense.; E: retículo endoplasmático liso.,0.65749,C,2016,acende adaptada adaptado afazeres alma aparece apesar apuros bem biochemical c celular ciclos clandestina companheira considerando consumi contudo cotidianos cozinha cumprindo células descobrindo descrita diurnos domésticos entropia escrava especial estranha eucariontes evolução existe fogosa forma fornalha in interior julga la mantendo mcmurray metabólica microbiana nicho noturnos organela origem poética raramente revelada sciences serva serviço silenciosamente suavemente supomos texto the trama traveler trends variáveis verdadeira viajante w,A: centríolo; B: lisossomo; C: mitocôndria; D: complexo golgiense; E: endoplasmático liso retículo
69,"Até 1824 acreditava-se que as máquinas térmicas, 
cujos exemplos são as máquinas a vapor e os atuais 
motores a combustão, poderiam ter um funcionamento 
ideal. Sadi Carnot demonstrou a impossibilidade de 
uma máquina térmica, funcionando em ciclos entre 
duas fontes térmicas (uma quente e outra fria), obter 
100% de rendimento.
Tal limitação ocorre porque essas máquinas",A: realizam trabalho mecânico.; B: produzem aumento da entropia.; C: utilizam transformações adiabáticas.; D: contrariam a lei da conservação de energia.; E: funcionam com temperatura igual à da fonte quente.,2.39204,B,2016,acreditava atuais carnot ciclos combustão cujos demonstrou duas exemplos fontes fria funcionamento funcionando ideal impossibilidade limitação motores máquina máquinas obter ocorre outra poderiam porque quente rendimento sadi tal ter térmica térmicas vapor,A: mecânico realizam trabalho; B: aumento entropia produzem; C: adiabáticas transformações utilizam; D: conservação contrariam energia lei; E: fonte funcionam igual quente temperatura
70,"Em uma aula de biologia sobre formação vegetal 
brasileira, a professora destacou que, em uma 
região, a flora convive com condições ambientais 
curiosas. As características dessas plantas não 
estão relacionadas com a falta de água, mas com 
as condições do solo, que é pobre em sais minerais, 
ácido e rico em alumínio. Além disso, essas plantas 
possuem adaptações ao fogo.
As características adaptativas das plantas que 
correspondem à região destacada pela professora são:",A: Raízes escoras e respiratórias.; B: Raízes tabulares e folhas largas.; C: Casca grossa e galhos retorcidos.; D: Raízes aéreas e perpendiculares ao solo.; E: Folhas reduzidas ou modificadas em espinhos,1.47985,C,2016,adaptativas adaptações alumínio além ambientais aula biologia brasileira características condições convive correspondem curiosas dessas destacada destacou disso falta flora fogo formação minerais plantas pobre possuem professora região relacionadas rico sais sobre solo vegetal ácido água,A: escoras raízes respiratórias; B: folhas largas raízes tabulares; C: casca galhos grossa retorcidos; D: aéreas perpendiculares raízes solo; E: espinhos folhas modificadas reduzidas
71,"Em Bangladesh, mais da metade dos poços artesianos 
cuja água serve à população local está contaminada com 
arsênio proveniente de minerais naturais e de pesticidas. 
O arsênio apresenta efeitos tóxicos cumulativos. A ONU 
desenvolveu um kit para tratamento dessa água a fim
de torná-la segura para o consumo humano. O princípio 
desse kit é a remoção do arsênio por meio de uma reação 
de precipitação com sais de ferro(III) que origina um 
sólido volumoso de textura gelatinosa.
Disponível em: http://tc.iaea.org. Acesso em: 11 dez. 2012 (adaptado).
Com o uso desse kit, a população local pode remover o 
elemento tóxico por meio de",A: fervura.; B: ¿OWUDomR; C: destilação.; D: calcinação.; E: evaporação.,0.97589,B,2016,acesso adaptado apresenta arsênio artesianos bangladesh consumo contaminada cuja cumulativos desenvolveu dessa desse dez disponível efeitos elemento ferro fim gelatinosa http humano iaea iii kit la local meio metade minerais naturais onu org origina pesticidas pode população poços precipitação princípio proveniente reação remover remoção sais segura serve sólido tc textura torná tratamento tóxico tóxicos uso volumoso água,A: fervura; B: owudomr; C: destilação; D: calcinação; E: evaporação
72,"Nos dias frios, é comum ouvir expressões como: 
“Esta roupa é quentinha” ou então “Feche a janela 
para o frio não entrar”. As expressões do senso comum 
utilizadas estão em desacordo com o conceito de calor da 
termodinâmica. A roupa não é “quentinha”, muito menos 
o frio “entra” pela janela.
A utilização das expressões “roupa é quentinha” e “para o 
frio não entrar” é inadequada, pois o(a)","A: roupa absorve a temperatura do corpo da pessoa, e 
o frio não entra pela janela, o calor é que sai por ela.; B: roupa não fornece calor por ser um isolante térmico, 
e o frio não entra pela janela, pois é a temperatura da 
sala que sai por ela.; C: roupa não é uma fonte de temperatura, e o frio não 
pode entrar pela janela, pois o calor está contido na 
sala, logo o calor é que sai por ela.; D: calor não está contido num corpo, sendo uma 
forma de energia em trânsito de um corpo de maior 
temperatura para outro de menor temperatura.; E: calor está contido no corpo da pessoa, e não na 
roupa, sendo uma forma de temperatura em trânsito 
de um corpo mais quente para um corpo mais frio.",1.53564,D,2016,calor comum conceito desacordo dias entra entrar então expressões feche frio frios inadequada janela menos ouvir pois quentinha roupa senso termodinâmica utilizadas utilização,A: absorve calor corpo entra frio janela pessoa roupa sai temperatura; B: calor entra fornece frio isolante janela pois roupa sai sala temperatura térmico; C: calor contido entrar fonte frio janela logo pode pois roupa sai sala temperatura; D: calor contido corpo energia forma maior menor outro sendo temperatura trânsito; E: calor contido corpo forma frio pessoa quente roupa sendo temperatura trânsito
73,"No dia 27 de junho de 2011, o asteroide 2011 MD, com 
cerca de 10 m de diâmetro, passou a 12 mil quilômetros 
do planeta Terra, uma distância menor do que a órbita 
de um satélite. A trajetória do asteroide é apresentada 
na figura
2011 MD
29/junho
28/junho
27/junho
26/junho
Lua
Terra
Plano da
órbita da Lua
A explicação física para a trajetória descrita é o fato de o 
asteroide","A: deslocar-se em um local onde a resistência do ar é 
nula.; B: deslocar-se em um ambiente onde não há interação 
gravitacional.; C: sofrer a ação de uma força resultante no mesmo 
sentido de sua velocidade.; D: sofrer a ação de uma força gravitacional resultante no 
sentido contrário ao de sua velocidade.; E: estar sob a ação de uma força resultante cuja direção 
é diferente da direção de sua velocidade.",1.4646,E,2016,apresentada asteroide cerca descrita dia distância diâmetro explicação fato figura física junho lua m md menor mil passou planeta plano quilômetros satélite terra trajetória órbita,A: ar deslocar local nula onde resistência; B: ambiente deslocar gravitacional interação onde; C: ação força resultante sentido sofrer velocidade; D: ação contrário força gravitacional resultante sentido sofrer velocidade; E: ação cuja diferente direção força resultante sob velocidade
74,"Darwin, em viagem às Ilhas Galápagos, observou que 
os tentilhões apresentavam bicos com formatos diferentes 
em cada ilha, de acordo com o tipo de alimentação 
disponível. Lamarck, ao explicar que o pescoço da girafa 
teria esticado para colher folhas e frutos no alto das 
árvores, elaborou ideias importantes sobre a evolução 
dos seres vivos.
O texto aponta que uma ideia comum às teorias da 
evolução, propostas por Darwin e por Lamarck, refere-se 
à interação entre os organismos e seus ambientes, que é 
denominada de",A: mutação.; B: adaptação.; C: seleção natural.; D: recombinação gênica.; E: variabilidade genética.,0.42597,B,2016,acordo alimentação alto ambientes aponta apresentavam bicos cada colher comum darwin denominada diferentes disponível elaborou esticado evolução explicar folhas formatos frutos galápagos girafa ideia ideias ilha ilhas importantes interação lamarck observou organismos pescoço propostas refere seres sobre tentilhões teorias texto tipo viagem vivos árvores,A: mutação; B: adaptação; C: natural seleção; D: gênica recombinação; E: genética variabilidade
75,"A obtenção do alumínio dá-se a partir da 
bauxita (Al2O3 3H2O), que é purificada e eletrolisada
numa temperatura de 1 000 °C. Na célula eletrolítica, o 
ânodo é formado por barras de grafite ou carvão, que são
consumidas no processo de eletrólise, com formação de 
gás carbônico, e o cátodo é uma caixa de aço coberta 
de grafita.
A etapa de obtenção do alumínio ocorre no","A: ânodo, com formação de gás carbônico.; B: cátodo, com redução do carvão na caixa de aço.; C: cátodo, com oxidação do alumínio na caixa de aço.; D: ânodo, com depósito de alumínio nas barras de 
JUD¿WD; E: cátodo, com fluxo de elétrons das barras de grafita
para a caixa de aço.",2.04582,E,2016,alumínio aço barras bauxita c caixa carbônico carvão coberta consumidas cátodo célula dá eletrolisada eletrolítica eletrólise etapa formado formação grafita grafite gás obtenção ocorre partir processo purificada temperatura ânodo,A: carbônico formação gás ânodo; B: aço caixa carvão cátodo redução; C: alumínio aço caixa cátodo oxidação; D: alumínio barras depósito jud wd ânodo; E: aço barras caixa cátodo elétrons fluxo grafita
76,"O quadro apresenta o consumo médio urbano 
de veículos do mesmo porte que utilizam diferentes 
combustíveis e seus respectivos preços. No caso do 
carro elétrico, o consumo está especificado em termos da
distância percorrida em função da quantidade de energia 
elétrica gasta para carregar suas baterias.
Combustível. Consumo na cidade. Preço* (R$)
Eletricidade. 6 km/kWh. 0,40/kWh
Gasolina. 13 km/L. 2,70/L
Diesel. 12 km/L. 2,10/L
Etanol. 9 km/L. 2,10/L
Gás natural. 13 km/m³. 1,60/m³
* Valores aferidos em agosto de 2012.
Considerando somente as informações contidas no 
quadro, o combustível que apresenta o maior custo por 
quilômetro rodado é o(a)",A: diesel.; B: etanol.; C: gasolina.; D: eletricidade.; E: gás natural.,1.38433,B,2016,aferidos agosto apresenta baterias carregar carro caso cidade combustíveis combustível considerando consumo contidas custo diesel diferentes distância eletricidade elétrica elétrico energia especificado etanol função gasolina gasta gás informações km kwh l maior médio natural percorrida porte preço preços quadro quantidade quilômetro r respectivos rodado somente termos urbano utilizam valores veículos,A: diesel; B: etanol; C: gasolina; D: eletricidade; E: gás natural
77,"O petróleo é um tipo de combustível fóssil, de 
origem animal e vegetal, constituído principalmente por 
hidrocarbonetos. Em desastres de derramamento de 
petróleo, vários métodos são usados para a limpeza 
das áreas afetadas. Um deles é a biodegradação por 
populações naturais de microrganismos que utilizam 
o petróleo como fonte de nutrientes. O quadro mostra 
a composição química média das células desses 
microrganismos.
Elemento. Composição média celular (%)
Carbono. 50
Hidrogênio. 7
Nitrogênio. 11
Fósforo. 2
Outros. 30
Para uma efetiva biodegradação, a região afetada deve 
ser suplementada com",A: nitrogênio e fósforo.; B: hidrogênio e fósforo.; C: carbono e nitrogênio.; D: carbono e hidrogênio.; E: nitrogênio e hidrogênio.,1.48481,A,2016,afetada afetadas animal biodegradação carbono celular combustível composição constituído células derramamento desastres desses deve efetiva elemento fonte fósforo fóssil hidrocarbonetos hidrogênio limpeza microrganismos mostra média métodos naturais nitrogênio nutrientes origem outros petróleo populações principalmente quadro química região suplementada tipo usados utilizam vegetal vários áreas,A: fósforo nitrogênio; B: fósforo hidrogênio; C: carbono nitrogênio; D: carbono hidrogênio; E: hidrogênio nitrogênio
78,"O principal componente do sal de cozinha é o cloreto 
de sódio, mas o produto pode ter aluminossilicato de sódio 
em pequenas concentrações. Esse sal, que é insolúvel 
em água, age como antiumectante, evitando que o sal de 
cozinha tenha um aspecto empedrado.
O procedimento de laboratório adequado para verificar a
presença do antiumectante em uma amostra de sal de 
cozinha é o(a)",A: realização do teste de chama.; B: medida do pH de uma solução aquosa.; C: medida da turbidez de uma solução aquosa.; D: ensaio da presença de substâncias orgânicas.; E: verificação da presença de cátions monovalentes,1.55787,C,2016,adequado age aluminossilicato amostra antiumectante aspecto cloreto componente concentrações cozinha empedrado evitando insolúvel laboratório pequenas pode presença principal procedimento produto sal sódio ter verificar água,A: chama realização teste; B: aquosa medida ph solução; C: aquosa medida solução turbidez; D: ensaio orgânicas presença substâncias; E: cátions monovalentes presença verificação
79,"Em um hospital, acidentalmente, uma funcionária 
ficou exposta a alta quantidade de radiação liberada
por um aparelho de raios X em funcionamento. 
Posteriormente, ela engravidou e seu filho nasceu com 
grave anemia. Foi verificado que a criança apresentava
a doença devido à exposição anterior da mãe à radiação.
O que justifica, nesse caso, o aparecimento da anemia
na criança?","A: A célula-ovo sofreu uma alteração genética.; B: As células somáticas da mãe sofreram uma mutação.; C: A célula gamética materna que foi fecundada sofreu 
uma mutação.; D: As hemácias da mãe que foram transmitidas à criança 
não eram normais.; E: As células hematopoiéticas sofreram alteração do 
número de cromossomos.",1.79807,C,2016,acidentalmente alta anemia anterior aparecimento aparelho apresentava caso criança devido doença engravidou exposição exposta ficou filho funcionamento funcionária grave hospital justifica liberada mãe nasceu nesse posteriormente quantidade radiação raios verificado x,A: alteração célula genética ovo sofreu; B: células mutação mãe sofreram somáticas; C: célula fecundada gamética materna mutação sofreu; D: criança hemácias mãe normais transmitidas; E: alteração cromossomos células hematopoiéticas número sofreram
80,"Chamamos de lixo a grande diversidade de resíduos 
sólidos de diferentes procedências, como os gerados em 
residências. O aumento na produção de resíduos sólidos 
leva à necessidade de se pensar em maneiras adequadas 
de tratamento. No Brasil, 76% do lixo é disposto em 
lixões e somente 24% tem como destino um tratamento 
adequado, considerando os aterros sanitários, as usinas 
de compostagem ou a incineração.
Química Nova na Escola, maio 2001 (adaptado).
Comparando os tratamentos descritos, as usinas de 
compostagem apresentam como vantagem serem o 
destino","A: que gera um produto passível de utilização na 
agricultura.; B: onde ocorre a eliminação da matéria orgânica 
presente no lixo.; C: mais barato, pois não implica custos de tratamento 
nem controle.; D: que possibilita o acesso de catadores, pela disposição 
do lixo a céu aberto.; E: em que se podem utilizar áreas contaminadas com 
resíduos de atividades de mineração.",0.43237,A,2016,adaptado adequadas adequado apresentam aterros aumento brasil chamamos comparando compostagem considerando descritos destino diferentes disposto diversidade escola gerados grande incineração leva lixo lixões maio maneiras necessidade nova pensar procedências produção química residências resíduos sanitários serem somente sólidos tratamento tratamentos usinas vantagem,A: agricultura gera passível produto utilização; B: eliminação lixo matéria ocorre onde orgânica presente; C: barato controle custos implica pois tratamento; D: aberto acesso catadores céu disposição lixo possibilita; E: atividades contaminadas mineração podem resíduos utilizar áreas
81,"As notas musicais podem ser agrupadas de modo 
a formar um conjunto. Esse conjunto pode formar uma 
escala musical. Dentre as diversas escalas existentes, a 
mais difundida é a escala diatônica, que utiliza as notas 
denominadas dó, ré, mi, fá, sol, lá e si. Essas notas estão 
organizadas em ordem crescente de alturas, sendo a nota 
dó a mais baixa e a nota si a mais alta.
Considerando uma mesma oitava, a nota si é a que tem 
menor",A: amplitude.; B: frequência.; C: velocidade.; D: intensidade.; E: comprimento de onda.,1.57729,E,2016,agrupadas alta alturas baixa conjunto considerando crescente denominadas dentre diatônica difundida diversas dó escala escalas existentes formar fá lá menor mesma mi modo musicais musical nota notas oitava ordem organizadas pode podem ré sendo si sol utiliza,A: amplitude; B: frequência; C: velocidade; D: intensidade; E: comprimento onda
82,"O ambiente marinho pode ser contaminado 
com rejeitos radioativos provenientes de testes com 
armas nucleares. Os materiais radioativos podem se 
acumular nos organismos. Por exemplo, o estrôncio-90 
é quimicamente semelhante ao cálcio e pode substituir 
esse elemento nos processos biológicos.
FIGUEIRA, R. C. L.; CUNHA, I. I. L. A contaminação dos oceanos por radionuclídeos 
antropogênicos. Química Nova na Escola, n. 1, 1998 (adaptado).
Um pesquisador analisou as seguintes amostras 
coletadas em uma região marinha próxima a um local 
que manipula o estrôncio radioativo: coluna vertebral 
de tartarugas, concha de moluscos, endoesqueleto de 
ouriços-do-mar, sedimento de recife de corais e tentáculos 
de polvo.
Em qual das amostras analisadas a radioatividade foi 
menor?",A: Concha de moluscos.; B: Tentáculos de polvo.; C: Sedimento de recife de corais.; D: Coluna vertebral de tartarugas.; E: Endoesqueleto de ouriços-do-mar.,0.93302,B,2016,acumular adaptado ambiente amostras analisadas analisou antropogênicos armas biológicos c coletadas coluna concha contaminado contaminação corais cunha cálcio elemento endoesqueleto escola estrôncio exemplo figueira i l local manipula mar marinha marinho materiais menor moluscos n nova nucleares oceanos organismos ouriços pesquisador pode podem polvo processos provenientes próxima quimicamente química r radioatividade radioativo radioativos radionuclídeos recife região rejeitos sedimento seguintes semelhante substituir tartarugas tentáculos testes vertebral,A: concha moluscos; B: polvo tentáculos; C: corais recife sedimento; D: coluna tartarugas vertebral; E: endoesqueleto mar ouriços
83,"Para um salto no Grand Canyon usando motos, dois 
paraquedistas vão utilizar uma moto cada, sendo que uma 
delas possui massa três vezes maior. Foram construídas 
duas pistas idênticas até a beira do precipício, de forma 
que no momento do salto as motos deixem a pista 
horizontalmente e ao mesmo tempo. No instante em que 
saltam, os paraquedistas abandonam suas motos e elas 
caem praticamente sem resistência do ar.
As motos atingem o solo simultaneamente porque",A: possuem a mesma inércia.; B: estão sujeitas à mesma força resultante.; C: têm a mesma quantidade de movimento inicial.; D: adquirem a mesma aceleração durante a queda.; E: são lançadas com a mesma velocidade horizontal.,1.41536,D,2016,abandonam ar atingem beira cada caem canyon construídas deixem dois duas forma grand horizontalmente idênticas instante maior massa momento moto motos paraquedistas pista pistas porque possui praticamente precipício resistência saltam salto sendo simultaneamente solo tempo três usando utilizar vezes vão,A: inércia mesma possuem; B: força mesma resultante sujeitas; C: inicial mesma movimento quantidade têm; D: aceleração adquirem durante mesma queda; E: horizontal lançadas mesma velocidade
84,"Uma nova estratégia para o controle da dengue 
foi apresentada durante o Congresso Internacional de 
Medicina Tropical, no Rio de Janeiro, em 2012. O projeto 
traz uma abordagem nova e natural para o combate à 
doença e já está em fase de testes. O objetivo do programa 
é cessar a transmissão do vírus da dengue pelo Aedes
aegypti, a partir da introdução da bactéria Wolbachia
— que é naturalmente encontrada em insetos — nas 
populações locais de mosquitos. Quando essa bactéria 
é introduzida no A. aegypti, atua como uma “vacina”, 
estimulando o sistema imunológico e bloqueando a 
multiplicação do vírus dentro do inseto.
Disponível em: http://portalsaude.saude.gov.br. Acesso em: 20 dez. 2012 (adaptado).
Qual o conceito fundamental relacionado a essa 
estratégia?",A: Clonagem.; B: Mutualismo.; C: Parasitismo.; D: Transgênese.; E: Controle biológico.,1.35525,E,2016,abordagem acesso adaptado aedes aegypti apresentada atua bactéria bloqueando br cessar combate conceito congresso controle dengue dentro dez disponível doença durante encontrada estimulando estratégia fase fundamental gov http imunológico inseto insetos internacional introduzida introdução janeiro locais medicina mosquitos multiplicação natural naturalmente nova objetivo partir populações portalsaude programa projeto relacionado rio saude sistema testes transmissão traz tropical vacina vírus wolbachia,A: clonagem; B: mutualismo; C: parasitismo; D: transgênese; E: biológico controle
85,"A bauxita é o minério utilizado na fabricação do 
alumínio, a qual apresenta Al2O3 (alumina) em sua 
composição. Após o trituramento e lavagem para reduzir 
o teor de impurezas, o minério é misturado a uma solução 
aquosa de NaOH (etapa A). A parte sólida dessa mistura 
é rejeitada e a solução resultante recebe pequenos cristais 
de alumina, de onde sedimenta um sólido (etapa B).
Esse sólido é aquecido até a obtenção de um pó 
branco, isento de água e constituído unicamente por 
alumina. Finalmente, esse pó é aquecido até sua fusão 
e submetido a uma eletrólise, cujos produtos são o 
metal puro fundido (Al) e o gás carbônico (CO2).
SILVA FILHO, E. B.; ALVES, M. C. M.; DA MOTTA, M. Lama vermelha da indústria de
beneficiamento de alumina: produção características, disposição e
aplicações alternativas. Revista Matéria, n. 2, 2007.
Nesse processo, as funções das etapas A e B são, 
respectivamente,","A: oxidar a alumina e outras substâncias e reduzir 
seletivamente a alumina.; B: solubilizar a alumina e outras substâncias e induzir a 
precipitação da alumina.; C: solidificar as impurezas alcalinas e deslocar o
equilíbrio no sentido da alumina.; D: neutralizar o solo ácido do minério e catalisar a reação 
de produção da alumina.; E: romper as ligações químicas da alumina e diminuir o 
calor de formação do alumínio.",1.52191,B,2016,al alternativas alumina alumínio alves aplicações apresenta após aquecido aquosa b bauxita beneficiamento branco c características carbônico composição constituído cristais cujos dessa disposição eletrólise etapa etapas fabricação filho finalmente fundido funções fusão gás impurezas indústria isento lama lavagem m matéria metal minério mistura misturado motta n naoh nesse obtenção onde parte pequenos processo produtos produção puro pó recebe reduzir rejeitada respectivamente resultante revista sedimenta silva solução submetido sólida sólido teor trituramento unicamente utilizado vermelha água,A: alumina outras oxidar reduzir seletivamente substâncias; B: alumina induzir outras precipitação solubilizar substâncias; C: alcalinas alumina deslocar equilíbrio impurezas sentido solidificar; D: alumina catalisar minério neutralizar produção reação solo ácido; E: alumina alumínio calor diminuir formação ligações químicas romper
86,"A figura mostra uma balança de braços iguais, em
equilíbrio, na Terra, onde foi colocada uma massa m,
e a indicação de uma balança de força na Lua, onde a 
aceleração da gravidade é igual a 1,6 m/s2, sobre a qual 
foi colocada uma massa M.
0,50 kg
0,50 kg
m
Superfície da Terra
Superfície da Lua
4,0 N
M
A: razão das massas M / m
 é","A: 4,0.; B: 2,5.; C: 0,4.; D: 1,0.; E: 0,25.",1.23058,B,2016,aceleração balança braços colocada equilíbrio figura força gravidade iguais igual indicação kg lua m massa massas mostra n onde razão sobre superfície terra,A: ; B: ; C: ; D: ; E: 
87,"A energia nuclear é uma alternativa aos combustíveis 
fósseis que, se não gerenciada de forma correta, pode 
causar impactos ambientais graves. O princípio da 
geração dessa energia pode se basear na reação de 
fissão controlada do urânio por bombardeio de neutrons
como ilustrado:
235U + n ĺ 95Sr + 139Xe + 2n + energia
Um grande risco decorre da geração do chamado 
lixo atômico, que exige condições muito rígidas de 
tratamento e armazenamento para evitar vazamentos 
para o meio ambiente.
Esse lixo é prejudicial, pois","A: favorece a proliferação de organismos termófilos.; B: produz nêutrons livres que ionizam o ar, tornando-o 
condutor.; C: libera gases que alteram a composição da 
atmosfera terrestre.; D: acentua o efeito estufa decorrente do calor produzido 
na fissão; E: emite radiação capaz de provocar danos à saúde dos 
seres vivos.",-0.15632,E,2016,alternativa ambientais ambiente armazenamento atômico basear bombardeio causar chamado combustíveis condições controlada correta decorre dessa energia evitar exige fissão forma fósseis geração gerenciada grande graves ilustrado impactos lixo meio n neutrons nuclear pode pois prejudicial princípio reação risco rígidas tratamento urânio vazamentos,A: favorece organismos proliferação termófilos; B: ar condutor ionizam livres nêutrons produz tornando; C: alteram atmosfera composição gases libera terrestre; D: acentua calor decorrente efeito estufa fissão produzido; E: capaz danos emite provocar radiação saúde seres vivos
88,"Os seres vivos mantêm constantes trocas de matéria 
com o ambiente mediante processos conhecidos como 
ciclos biogeoquímicos. O esquema representa um dos 
ciclos que ocorrem nos ecossistemas.
Estado gasoso
Carnívoro
Plantas
Herbívoro
Combustão
Depósito
subterrâneo
Morte
Decomposição
O esquema apresentado corresponde ao ciclo biogeoquímico do(a)",A: água.; B: fósforo.; C: enxofre.; D: carbono.; E: nitrogênio.,0.59102,D,2016,ambiente apresentado biogeoquímico biogeoquímicos carnívoro ciclo ciclos combustão conhecidos constantes corresponde decomposição depósito ecossistemas esquema estado gasoso herbívoro mantêm matéria mediante morte ocorrem plantas processos representa seres subterrâneo trocas vivos,A: água; B: fósforo; C: enxofre; D: carbono; E: nitrogênio
89,"Uma lâmpada LED (diodo emissor de luz), que 
funciona com 12 V e corrente contínua de 0,45 A, 
produz a mesma quantidade de luz que uma lâmpada 
incandescente de 60 W de potência.
Qual é o valor da redução da potência consumida ao se 
substituir a lâmpada incandescente pela de LED?","A: 54,6 W; B: 27,0 W; C: 26,6 W; D: 5,4 W; E: 5,0 W",1.20291,A,2016,consumida contínua corrente diodo emissor funciona incandescente led luz lâmpada mesma potência produz quantidade redução substituir v valor w,A: w; B: w; C: w; D: w; E: w
90,"Para lavar e refrescar o ambiente, que estava a 40 °C,
uma pessoa resolveu jogar água sobre um piso de granito. 
Ela observou que o líquido se concentrou em algumas 
regiões, molhando parcialmente a superfície. Ao adicionar 
detergente sobre essa água, a pessoa verificou que o
líquido se espalhou e deixou o piso totalmente molhado.
A molhabilidade da superfície foi melhorada em função da",A: solubilidade do detergente em água ser alta.; B: tensão superficial da água ter sido reduzida; C: pressão de vapor da água ter sido diminuída.; D: densidade da solução ser maior que a da água.; E: viscosidade da solução ser menor que a da água.,1.22556,B,2016,adicionar algumas ambiente c concentrou deixou detergente espalhou função granito jogar lavar líquido melhorada molhabilidade molhado molhando observou parcialmente pessoa piso refrescar regiões resolveu sobre superfície totalmente verificou água,A: alta detergente solubilidade água; B: reduzida sido superficial tensão ter água; C: diminuída pressão sido ter vapor água; D: densidade maior solução água; E: menor solução viscosidade água
91,"A toxicidade de algumas substâncias é normalmente 
representada por um índice conhecido como DL50 (dose 
letal mediana). Ele representa a dosagem aplicada a 
uma população de seres vivos que mata 50% desses 
indivíduos e é normalmente medido utilizando-se ratos 
como cobaias. Esse índice é muito importante para 
os seres humanos, pois ao se extrapolar os dados 
obtidos com o uso de cobaias, pode-se determinar o 
nível tolerável de contaminação de alimentos, para que 
possam ser consumidos de forma segura pelas pessoas. 
O quadro apresenta três pesticidas e suas toxicidades. 
A unidade mg/kg indica a massa da substância ingerida 
pela massa da cobaia.
Pesticidas
DL50 (mg/kg)
Diazinon
Malation
1 000
Atrazina
3 100
Sessenta ratos, com massa de 200 g cada, foram 
divididos em três grupos de vinte. Três amostras de ração, 
contaminadas, cada uma delas com um dos pesticidas 
indicados no quadro, na concentração de 3 mg por 
grama de ração, foram administradas para cada grupo de 
cobaias. Cada rato consumiu 100 g de ração.
Qual(ais) grupo(s) terá(ão) uma mortalidade mínima de 
10 ratos?","A: O grupo que se contaminou somente com atrazina.; B: O grupo que se contaminou somente com diazinon.; C: Os grupos que se contaminaram com atrazina e 
malation.; D: Os grupos que se contaminaram com diazinon e 
malation.; E: Nenhum dos grupos contaminados com atrazina, 
diazinon e malation.",1.606,D,2017,administradas ais algumas alimentos amostras aplicada apresenta atrazina cada cobaia cobaias concentração conhecido consumidos consumiu contaminadas contaminação dados desses determinar diazinon divididos dosagem dose extrapolar forma g grama grupo grupos humanos importante indica indicados indivíduos ingerida kg letal malation massa mata mediana medido mg mortalidade mínima normalmente nível obtidos pessoas pesticidas pode pois população possam quadro rato ratos ração representa representada s segura seres sessenta substância substâncias tolerável toxicidade toxicidades três unidade uso utilizando vinte vivos ão índice,A: atrazina contaminou grupo somente; B: contaminou diazinon grupo somente; C: atrazina contaminaram grupos malation; D: contaminaram diazinon grupos malation; E: atrazina contaminados diazinon grupos malation nenhum
92,"Os medicamentos são rotineiramente utilizados pelo 
ser humano com o intuito de diminuir ou, por muitas vezes, 
curar possíveis transtornos de saúde. Os antibióticos são 
grupos de fármacos inseridos no tratamento de doenças 
causadas por bactérias.
Na terapêutica das doenças mencionadas, alguns desses 
fármacos atuam",A: ativando o sistema imunológico do hospedeiro.; B: interferindo na cascata bioquímica da inflamação.; C: removendo as toxinas sintetizadas pelas bactérias.; D: combatendo as células hospedeiras das bactérias.; E: danificando estruturas específicas da célula bacteriana.,1.11215,E,2017,alguns antibióticos atuam bactérias causadas curar desses diminuir doenças fármacos grupos humano inseridos intuito medicamentos mencionadas muitas possíveis rotineiramente saúde terapêutica transtornos tratamento utilizados vezes,A: ativando hospedeiro imunológico sistema; B: bioquímica cascata inflamação interferindo; C: bactérias removendo sintetizadas toxinas; D: bactérias combatendo células hospedeiras; E: bacteriana célula danificando específicas estruturas
93,"Dispositivos eletrônicos que utilizam materiais de 
baixo custo, como polímeros semicondutores, têm sido 
desenvolvidos para monitorar a concentração de amônia 
(gás tóxico e incolor) em granjas avícolas. A polianilina 
é um polímero semicondutor que tem o valor de sua 
resistência elétrica nominal quadruplicado quando exposta 
a altas concentrações de amônia. Na ausência de amônia, 
a polianilina se comporta como um resistor ôhmico e a sua 
resposta elétrica é mostrada no gráfico.
Corrente (10–6 A)
Diferença de potencial (V)
6,0
5,0
4,0
3,0
2,0
1,0
1,0
0,5
1,5
2,0
2,5
3,0
O valor da resistência elétrica da polianilina na presença 
de altas concentrações de amônia, em ohm, é igual a","A: 0,5 × 100.; B: 2,0 × 100.; C: 2,5 × 105.; D: 5,0 × 105.; E: 2,0 × 106.",1.65616,E,2017,altas amônia ausência avícolas baixo comporta concentração concentrações corrente custo desenvolvidos diferença dispositivos eletrônicos elétrica exposta granjas gráfico gás igual incolor materiais monitorar mostrada nominal ohm polianilina polímero polímeros potencial presença quadruplicado resistor resistência resposta semicondutor semicondutores sido têm tóxico utilizam v valor ôhmico,A: ; B: ; C: ; D: ; E: 
94,"Pesquisadores conseguiram estimular a absorção de 
energia luminosa em plantas graças ao uso de nanotubos 
de carbono. Para isso, nanotubos de carbono “se 
inseriram” no interior dos cloroplastos por uma montagem 
espontânea, através das membranas dos cloroplastos. 
Pigmentos da planta absorvem as radiações luminosas, 
os elétrons são “excitados” e se deslocam no interior de 
membranas dos cloroplastos, e a planta utiliza em seguida 
essa energia elétrica para a fabricação de açúcares. 
Os nanotubos de carbono podem absorver comprimentos 
de onda habitualmente não utilizados pelos cloroplastos, 
e os pesquisadores tiveram a ideia de utilizá-los como 
“antenas”, estimulando a conversão de energia solar pelos 
cloroplastos, com o aumento do transporte de elétrons.
Nanotubos de carbono incrementam a fotossíntese de plantas. 
 Disponível em: http://lqes.iqm.unicamp.br. Acesso em: 14 nov. 2014 (adaptado).
O aumento da eficiência fotossintética ocorreu pelo fato 
de os nanotubos de carbono promoverem diretamente a",A: utilização de água.; B: absorção de fótons.; C: formação de gás oxigênio.; D: proliferação dos cloroplastos.; E: captação de dióxido de carbono.,0.81902,B,2017,absorvem absorver absorção acesso adaptado antenas através aumento açúcares br carbono cloroplastos comprimentos conseguiram conversão deslocam diretamente disponível eficiência elétrica elétrons energia espontânea estimulando estimular excitados fabricação fato fotossintética fotossíntese graças habitualmente http ideia incrementam inseriram interior iqm los lqes luminosa luminosas membranas montagem nanotubos nov ocorreu onda pesquisadores pigmentos planta plantas podem promoverem radiações seguida solar transporte unicamp uso utiliza utilizados utilizá,A: utilização água; B: absorção fótons; C: formação gás oxigênio; D: cloroplastos proliferação; E: captação carbono dióxido
95,"A eletrólise é um processo não espontâneo de grande importância para a indústria química. Uma de suas 
aplicações é a obtenção do gás cloro e do hidróxido de sódio, a partir de uma solução aquosa de cloreto de sódio. 
Nesse procedimento, utiliza-se uma célula eletroquímica, como ilustrado.
Célula eletroquímica
Solução aquosa
de NaCl
Bateria
Ânodo de carbono
Diafragma de amianto
Produto secundário
Cl2 (g)
Cátodo de carbono
Dreno para solução
aquosa alcalina
e
e
e
e
+
+
-
-
SHREVE, R. N.; BRINK Jr., J. A. Indústrias de processos químicos. Rio de Janeiro: Guanabara Koogan, 1997 (adaptado).
No processo eletrolítico ilustrado, o produto secundário obtido é o",A: vapor de água.; B: oxigênio molecular.; C: hipoclorito de sódio.; D: hidrogênio molecular.; E: cloreto de hidrogênio.,1.66775,D,2017,adaptado alcalina amianto aplicações aquosa bateria brink carbono cloreto cloro cátodo célula diafragma dreno eletrolítico eletroquímica eletrólise espontâneo g grande guanabara gás hidróxido ilustrado importância indústria indústrias j janeiro jr koogan n nacl nesse obtenção obtido partir procedimento processo processos produto química químicos r rio secundário shreve solução sódio utiliza ânodo,A: vapor água; B: molecular oxigênio; C: hipoclorito sódio; D: hidrogênio molecular; E: cloreto hidrogênio
96,"Uma grande virada na moderna história da agricultura ocorreu depois da Segunda Guerra Mundial. Após a guerra, 
os governos haviam se deparado com um enorme excedente de nitrato de amônio, ingrediente usado na fabricação 
de explosivos. A partir daí as fábricas de munição foram adaptadas para começar a produzir fertilizantes tendo como 
componente principal os nitratos.
SOUZA, F. A. Agricultura natural/orgânica como instrumento de fixação biológica e manutenção do nitrogênio no solo: um modelo sustentável de MDL.  
Disponível em: www.planetaorganico.com.br. Acesso em: 17 jul. 2015 (adaptado).
No ciclo natural do nitrogênio, o equivalente ao principal componente desses fertilizantes industriais é produzido na 
etapa de",A: nitratação.; B: nitrosação.; C: amonificação.; D: desnitrificação.; E: fixação biológica do N2.,1.61043,A,2017,acesso adaptadas adaptado agricultura amônio após biológica br ciclo começar componente daí deparado desses disponível enorme equivalente etapa excedente explosivos f fabricação fertilizantes fixação fábricas governos grande guerra haviam história industriais ingrediente instrumento jul manutenção mdl modelo moderna mundial munição natural nitrato nitratos nitrogênio ocorreu orgânica partir planetaorganico principal produzido produzir segunda solo souza sustentável tendo usado virada www,A: nitratação; B: nitrosação; C: amonificação; D: desnitrificação; E: biológica fixação
97,"Um fato corriqueiro ao se cozinhar arroz é o 
derramamento de parte da água de cozimento sobre a 
chama azul do fogo, mudando-a para uma chama amarela. 
Essa mudança de cor pode suscitar interpretações 
diversas, relacionadas às substâncias presentes na água 
de cozimento. Além do sal de cozinha (NaCl), nela se 
encontram carboidratos, proteínas e sais minerais.
Cientificamente, sabe-se que essa mudança de cor da 
chama ocorre pela","A: reação do gás de cozinha com o sal, volatilizando 
gás cloro.; B: emissão de fótons pelo sódio, excitado por causa da 
chama.; C: produção de derivado amarelo, pela reação com o 
carboidrato.; D: reação do gás de cozinha com a água, formando gás 
hidrogênio.; E: excitação das moléculas de proteínas, com formação 
de luz amarela.",1.35265,B,2017,além amarela arroz azul carboidratos chama cientificamente cor corriqueiro cozimento cozinha cozinhar derramamento diversas encontram fato fogo interpretações minerais mudando mudança nacl nela ocorre parte pode presentes proteínas relacionadas sabe sais sal sobre substâncias suscitar água,A: cloro cozinha gás reação sal volatilizando; B: causa chama emissão excitado fótons sódio; C: amarelo carboidrato derivado produção reação; D: cozinha formando gás hidrogênio reação água; E: amarela excitação formação luz moléculas proteínas
98,"A classificação biológica proposta por Whittaker 
permite distinguir cinco grandes linhas evolutivas 
utilizando, como critérios de classificação, a organização 
celular e o modo de nutrição. Woese e seus colaboradores, 
com base na comparação das sequências que codificam 
o RNA ribossômico dos seres vivos, estabeleceram 
relações de ancestralidade entre os grupos e concluíram 
que os procariontes do reino Monera não eram um grupo 
coeso do ponto de vista evolutivo.
Whittaker (1969)
Cinco reinos
Woese (1990)
Três domínios
Monera
Archaea
Eubacteria
Protista
Eukarya
Fungi
Plantae
Animalia
A diferença básica nas classificações citadas é que a 
mais recente se baseia fundamentalmente em",A: tipos de células.; B: aspectos ecológicos.; C: relações filogenéticas.; D: propriedades fisiológicas.; E: características morfológicas.,2.03182,C,2017,ancestralidade animalia archaea base baseia biológica básica celular cinco citadas classificação classificações codificam coeso colaboradores comparação concluíram critérios diferença distinguir domínios estabeleceram eubacteria eukarya evolutivas evolutivo fundamentalmente fungi grandes grupo grupos linhas modo monera nutrição organização permite plantae ponto procariontes proposta protista recente reino reinos relações ribossômico rna sequências seres três utilizando vista vivos whittaker woese,A: células tipos; B: aspectos ecológicos; C: filogenéticas relações; D: fisiológicas propriedades; E: características morfológicas
99,"Em uma colisão frontal entre dois automóveis, a 
força que o cinto de segurança exerce sobre o tórax e 
abdômen do motorista pode causar lesões graves nos 
órgãos internos. Pensando na segurança do seu produto, 
um fabricante de automóveis realizou testes em cinco 
modelos diferentes de cinto. Os testes simularam uma 
colisão de 0,30 segundo de duração, e os bonecos que 
representavam os ocupantes foram equipados com 
acelerômetros. Esse equipamento registra o módulo 
da desaceleração do boneco em função do tempo. 
Os parâmetros como massa dos bonecos, dimensões dos 
cintos e velocidade imediatamente antes e após o impacto 
foram os mesmos para todos os testes. O resultado final 
obtido está no gráfico de aceleração por tempo.
160
80
0
Aceleração (m/s2)
0,00
0,05
0,10
0,15
Tempo (s)
0,20
0,25
0,30
Cinto 1
Cinto 2
Cinto 3
Cinto 4
Cinto 5
Qual modelo de cinto oferece menor risco de lesão interna 
ao motorista?",A: 1; B: 2; C: 3; D: 4; E: 5,0.91191,B,2017,abdômen aceleração acelerômetros antes após automóveis boneco bonecos causar cinco cinto cintos colisão desaceleração diferentes dimensões dois duração equipados equipamento exerce fabricante final força frontal função graves gráfico imediatamente impacto interna internos lesão lesões m massa menor mesmos modelo modelos motorista módulo obtido ocupantes oferece parâmetros pensando pode produto realizou registra representavam resultado risco s segundo segurança simularam sobre tempo testes todos tórax velocidade órgãos,A: ; B: ; C: ; D: ; E: 
100,"Pesquisadores criaram um tipo de plaqueta artificial, 
feita com um polímero gelatinoso coberto de anticorpos, 
que promete agilizar o processo de coagulação quando 
injetada no corpo. Se houver sangramento, esses 
anticorpos fazem com que a plaqueta mude sua forma 
e se transforme em uma espécie de rede que gruda nas 
lesões dos vasos sanguíneos e da pele.
MOUTINHO, S. Coagulação acelerada. Disponível em: http://cienciahoje.uol.com.br. 
Acesso em: 19 fev. 2013 (adaptado).
Qual a doença cujos pacientes teriam melhora de seu 
estado de saúde com o uso desse material?",A: Filariose.; B: Hemofilia.; C: Aterosclerose.; D: Doença de Chagas.; E: Síndrome da imunodeficiência adquirida.,0.69737,B,2017,acelerada acesso adaptado agilizar anticorpos artificial br cienciahoje coagulação coberto corpo criaram cujos desse disponível doença espécie estado fazem feita fev forma gelatinoso gruda http injetada lesões material melhora moutinho mude pacientes pele pesquisadores plaqueta polímero processo promete rede s sangramento sanguíneos saúde tipo transforme uol uso vasos,A: filariose; B: hemofilia; C: aterosclerose; D: chagas doença; E: adquirida imunodeficiência síndrome
101,"A figura mostra como é a emissão de radiação 
eletromagnética para cinco tipos de lâmpada: haleto 
metálico, tungstênio, mercúrio, xênon e LED (diodo 
emissor de luz). As áreas marcadas em cinza são 
proporcionais à intensidade da energia liberada pela 
lâmpada. As linhas pontilhadas mostram a sensibilidade 
do olho humano aos diferentes comprimentos de onda. 
UV e IV são as regiões do ultravioleta e do infravermelho, 
respectivamente.
Um arquiteto deseja iluminar uma sala usando uma 
lâmpada que produza boa iluminação, mas que não 
aqueça o ambiente.
Haleto metálico
Tungstênio
Mercúrio
Xênon
Intensidade emitida
LED
200
800
600
400
UV
IV
Visível
Comprimento de onda (nm)
Disponível em: http://zeiss-campus.magnet.fsu.edu. Acesso em: 8 maio 2017 (adaptado).
Qual tipo de lâmpada melhor atende ao desejo do arquiteto?",A: Haleto metálico.; B: Tungstênio.; C: Mercúrio.; D: Xênon.; E: LED.,0.12588,E,2017,acesso adaptado ambiente aqueça arquiteto atende boa campus cinco cinza comprimento comprimentos deseja desejo diferentes diodo disponível edu eletromagnética emissor emissão emitida energia figura fsu haleto http humano iluminar iluminação infravermelho intensidade iv led liberada linhas luz lâmpada magnet maio marcadas melhor mercúrio metálico mostra mostram nm olho onda pontilhadas produza proporcionais radiação regiões respectivamente sala sensibilidade tipo tipos tungstênio ultravioleta usando uv visível xênon zeiss áreas,A: haleto metálico; B: tungstênio; C: mercúrio; D: xênon; E: led
102,"Partículas microscópicas existentes na atmosfera 
funcionam como núcleos de condensação de vapor de 
água que, sob condições adequadas de temperatura 
e pressão, propiciam a formação das nuvens e 
consequentemente das chuvas. No ar atmosférico, tais 
partículas são formadas pela reação de ácidos (HX) 
com a base NH3, de forma natural ou antropogênica, 
dando origem a sais de amônio (NH4X), de acordo com a 
equação química genérica:
HX (g) + NH3 (g) → NH4X (s)
FELIX, E. P.; CARDOSO, A. A. Fatores ambientais que afetam a precipitação úmida. 
Química Nova na Escola, n. 21, maio 2005 (adaptado).
A fixação de moléculas de vapor de água pelos núcleos 
de condensação ocorre por",A: ligações iônicas.; B: interações dipolo-dipolo.; C: interações dipolo-dipolo induzido.; D: interações íon-dipolo.; E: ligações covalentes.,2.23369,D,2017,acordo adaptado adequadas afetam ambientais amônio antropogênica ar atmosfera atmosférico base cardoso chuvas condensação condições consequentemente dando equação escola existentes fatores felix fixação forma formadas formação funcionam g genérica hx maio microscópicas moléculas n natural nova nuvens núcleos ocorre origem p partículas precipitação pressão propiciam química reação s sais sob tais temperatura vapor ácidos água úmida,A: iônicas ligações; B: dipolo interações; C: dipolo induzido interações; D: dipolo interações íon; E: covalentes ligações
103,"Em uma linha de transmissão de informações por 
fibra óptica, quando um sinal diminui sua intensidade para 
valores inferiores a 10 dB, este precisa ser retransmitido. 
No entanto, intensidades superiores a 100 dB não podem 
ser transmitidas adequadamente. A figura apresenta 
como se dá a perda de sinal (perda óptica) para diferentes 
comprimentos de onda para certo tipo de fibra óptica.
Comprimento de onda (µm)
Perda óptica (dB/km)
0,8
2
4
6
0,9
1,0
1,1
1,2
1,3
1,4
1,5
1,6
1,7
1,8
Atenuação e limitações das fibras ópticas. Disponível em: www.gta.ufrj.br.  
Acesso em: 25 maio 2017 (adaptado).
Qual é a máxima distância, em km, que um sinal pode ser 
enviado nessa fibra sem ser necessária uma retransmissão?",A: 6; B: 18; C: 60; D: 90; E: 100,2.46941,D,2017,acesso adaptado adequadamente apresenta atenuação br certo comprimento comprimentos db diferentes diminui disponível distância dá entanto enviado fibra fibras figura gta inferiores informações intensidade intensidades km limitações linha maio máxima necessária nessa onda perda pode podem precisa retransmissão retransmitido sinal superiores tipo transmissão transmitidas ufrj valores www óptica ópticas,A: ; B: ; C: ; D: ; E: 
104,"A técnica do carbono-14 permite a datação de fósseis pela medição dos valores de emissão beta desse isótopo 
presente no fóssil. Para um ser em vida, o máximo são 15 emissões beta/(min g). Após a morte, a quantidade de 14C
se reduz pela metade a cada 5 730 anos.
A prova do carbono 14. Disponível em: http://noticias.terra.com.br. Acesso em: 9 nov. 2013 (adaptado).
Considere que um fragmento fóssil de massa igual a 30 g foi encontrado em um sítio arqueológico, e a medição de 
radiação apresentou 6 750 emissões beta por hora. A idade desse fóssil, em anos, é",A: 450.; B: 1 433.; C: 11 460.; D: 17 190.; E: 27 000.,1.8785,C,2017,acesso adaptado anos apresentou após arqueológico beta br cada carbono considere datação desse disponível emissão emissões encontrado fragmento fósseis fóssil g hora http idade igual isótopo massa medição metade min morte máximo noticias nov permite presente prova quantidade radiação reduz sítio terra técnica valores vida,A: ; B: ; C: ; D: ; E: 
105,"A figura mostra o funcionamento de uma estação híbrida de geração de eletricidade movida a energia eólica e 
biogás. Essa estação possibilita que a energia gerada no parque eólico seja armazenada na forma de gás hidrogênio, 
usado no fornecimento de energia para a rede elétrica comum e para abastecer células a combustível.
Rede de distribuição 
elétrica
Turbinas 
eólicas
Produção de 
hidrogênio
Armazenamento 
de hidrogênio
Combustível
Hidrogênio
Biogás
Hidrogênio
Hidrogênio
Eletricidade
Eletricidade
Eletricidade
Mistura
Armazenamento 
de biogás
Calor
Destino da
 energia térmica
Planta mista
de geração
de energia
Válvula para
mistura
Disponível em: www.enertrag.com. Acesso em: 24 abr. 2015 (adaptado).
Mesmo com ausência de ventos por curtos períodos, essa estação continua abastecendo a cidade onde está 
instalada, pois o(a)","A: planta mista de geração de energia realiza eletrólise para enviar energia à rede de distribuição elétrica.; B: hidrogênio produzido e armazenado é utilizado na combustão com o biogás para gerar calor e eletricidade.; C: conjunto de turbinas continua girando com a mesma velocidade, por inércia, mantendo a eficiência anterior.; D: combustão da mistura biogás-hidrogênio gera diretamente energia elétrica adicional para a manutenção da estação.; E: planta mista de geração de energia é capaz de utilizar todo o calor fornecido na combustão para a geração de eletricidade.",1.01157,B,2017,abastecendo abastecer abr acesso adaptado armazenada armazenamento ausência biogás calor cidade combustível comum continua curtos células destino disponível distribuição eletricidade elétrica energia enertrag estação eólica eólicas eólico figura forma fornecimento funcionamento gerada geração gás hidrogênio híbrida instalada mista mistura mostra movida onde parque períodos planta pois possibilita produção rede turbinas térmica usado ventos válvula www,A: distribuição eletrólise elétrica energia enviar geração mista planta realiza rede; B: armazenado biogás calor combustão eletricidade gerar hidrogênio produzido utilizado; C: anterior conjunto continua eficiência girando inércia mantendo mesma turbinas velocidade; D: adicional biogás combustão diretamente elétrica energia estação gera hidrogênio manutenção mistura; E: calor capaz combustão eletricidade energia fornecido geração mista planta todo utilizar
106,"Na Idade Média, para elaborar preparados a partir 
de plantas produtoras de óleos essenciais, as coletas 
das espécies eram realizadas ao raiar do dia. Naquela 
época, essa prática era fundamentada misticamente pelo 
efeito mágico dos raios lunares, que seria anulado pela 
emissão dos raios solares. Com a evolução da ciência, 
foi comprovado que a coleta de algumas espécies ao 
raiar do dia garante a obtenção de material com maiores 
quantidades de óleos essenciais.
A explicação científica que justifica essa prática se baseia na","A: volatilização das substâncias de interesse.; B: polimerização dos óleos catalisada pela radiação 
solar.; C: solubilização das substâncias de interesse pelo 
orvalho.; D: oxidação do óleo pelo oxigênio produzido na 
fotossíntese.; E: liberação das moléculas de óleo durante o processo 
de fotossíntese.",1.03504,A,2017,algumas anulado baseia científica ciência coleta coletas comprovado dia efeito elaborar emissão espécies essenciais evolução explicação fundamentada garante idade justifica lunares maiores material misticamente mágico média naquela obtenção partir plantas preparados produtoras prática quantidades raiar raios realizadas solares época óleos,A: interesse substâncias volatilização; B: catalisada polimerização radiação solar óleos; C: interesse orvalho solubilização substâncias; D: fotossíntese oxidação oxigênio produzido óleo; E: durante fotossíntese liberação moléculas processo óleo
107,"A epilação a laser (popularmente conhecida como 
depilação a laser) consiste na aplicação de uma fonte de luz 
para aquecer e causar uma lesão localizada e controlada 
nos folículos capilares. Para evitar que outros tecidos sejam 
danificados, selecionam-se comprimentos de onda que são 
absorvidos pela melanina presente nos pelos, mas que não 
afetam a oxi-hemoglobina do sangue e a água dos tecidos 
da região em que o tratamento será aplicado. A figura 
mostra como é a absorção de diferentes comprimentos de 
onda pela melanina, oxi-hemoglobina e água.
Absorção (%)
Comprimento de onda (nm)
Melanina
50,0
37,5
25,0
12,5
400
600
800
1 000
1 100
Oxi-hemoglobina
Água
MACEDO, F. S.; MONTEIRO, E. O. Epilação com laser e luz intensa pulsada.  
Revista Brasileira de Medicina. Disponível em: www.moreirajr.com.br. 
 Acesso em: 4 set. 2015 (adaptado).
Qual é o comprimento de onda, em nm, ideal para a 
epilação a laser?",A: 400; B: 700; C: 1 100; D: 900; E: 500,2.43127,B,2017,absorvidos absorção acesso adaptado afetam aplicado aplicação aquecer br brasileira capilares causar comprimento comprimentos conhecida consiste controlada danificados depilação diferentes disponível epilação evitar f figura folículos fonte hemoglobina ideal intensa laser lesão localizada luz macedo medicina melanina monteiro moreirajr mostra nm onda outros oxi popularmente presente pulsada região revista s sangue selecionam set tecidos tratamento www água,A: ; B: ; C: ; D: ; E: 
108,"O brinquedo pula-pula (cama elástica) é composto 
por uma lona circular flexível horizontal presa por molas 
à sua borda. As crianças brincam pulando sobre ela, 
alterando e alternando suas formas de energia. 
Ao pular verticalmente, desprezando o atrito com o ar 
e os movimentos de rotação do corpo enquanto salta, 
uma criança realiza um movimento periódico vertical em 
torno da posição de equilíbrio da lona (h = 0), passando 
pelos pontos de máxima e de mínima alturas, hmáx e hmín, 
respectivamente.
Esquematicamente, o esboço do gráfico da energia 
cinética da criança em função de sua posição vertical na 
situação descrita é:","A: Ec
h
hmín
hmáx; B: hmín
hmáx
Ec
h; C: h
hmín
hmáx
Ec; D: hmín
hmáx
Ec
h; E:
hmín
hmáx
Ec
h",2.46786,C,2017,alterando alternando alturas ar atrito borda brincam brinquedo cama cinética circular composto corpo criança crianças descrita desprezando elástica energia enquanto equilíbrio esboço esquematicamente flexível formas função gráfico h hmáx hmín horizontal lona molas movimento movimentos máxima mínima passando periódico pontos posição presa pula pulando pular realiza respectivamente rotação salta situação sobre torno vertical verticalmente,A: ec h hmáx hmín; B: ec h hmáx hmín; C: ec h hmáx hmín; D: ec h hmáx hmín
109,"O fenômeno da piracema (subida do rio) é um 
importante mecanismo que influencia a reprodução 
de algumas espécies de peixes, pois induz o processo 
que estimula a queima de gordura e ativa mecanismos 
hormonais complexos, preparando-os para a reprodução. 
Intervenções antrópicas nos ambientes aquáticos, como 
a construção de barragens, interferem na reprodução 
desses animais.
MALTA, P. Impacto ambiental das barragens hidrelétricas.  
Disponível em: http://futurambiental.com.  
Acesso em: 10 maio 2013 (adaptado).
Essa intervenção antrópica prejudica a piracema porque 
reduz o(a)",A: percurso da migração.; B: longevidade dos indivíduos.; C: disponibilidade de alimentos.; D: período de migração da espécie.; E: número de espécies de peixes no local.,0.85071,A,2017,acesso adaptado algumas ambiental ambientes animais antrópica antrópicas aquáticos ativa barragens complexos construção desses disponível espécies estimula fenômeno futurambiental gordura hidrelétricas hormonais http impacto importante induz influencia interferem intervenção intervenções maio malta mecanismo mecanismos p peixes piracema pois porque prejudica preparando processo queima reduz reprodução rio subida,A: migração percurso; B: indivíduos longevidade; C: alimentos disponibilidade; D: espécie migração período; E: espécies local número peixes
110,"Fusível é um dispositivo de proteção contra 
sobrecorrente em circuitos. Quando a corrente que passa 
por esse componente elétrico é maior que sua máxima 
corrente nominal, o fusível queima. Dessa forma, evita 
que a corrente elevada danifique os aparelhos do circuito. 
Suponha que o circuito elétrico mostrado seja alimentado 
por uma fonte de tensão U e que o fusível suporte uma 
corrente nominal de 500 mA.
Fusível
60 Ω
60 Ω
60 Ω
40 Ω
30 Ω
120 Ω
U
Qual é o máximo valor da tensão U para que o fusível não 
queime?",A: 20 V; B: 40 V; C: 60 V; D: 120 V; E: 185 V,1.18769,D,2017,alimentado aparelhos circuito circuitos componente contra corrente danifique dessa dispositivo elevada elétrico evita fonte forma fusível ma maior mostrado máxima máximo nominal passa proteção queima queime sobrecorrente suponha suporte tensão u valor,A: v; B: v; C: v; D: v; E: v
111,"Os botos-cinza (Sotalia guianensis), mamíferos da 
família dos golfinhos, são excelentes indicadores da 
poluição das áreas em que vivem, pois passam toda a 
sua vida — cerca de 30 anos — na mesma região. Além 
disso, a espécie acumula mais contaminantes em seu 
organismo, como o mercúrio, do que outros animais da 
sua cadeia alimentar.
MARCOLINO, B. Sentinelas do mar. Disponível em: http://cienciahoje.uol.com.br.  
Acesso em: 1 ago. 2012 (adaptado).
Os botos-cinza acumulam maior concentração dessas 
substâncias porque",A: são animais herbívoros.; B: são animais detritívoros.; C: são animais de grande porte.; D: digerem o alimento lentamente.; E: estão no topo da cadeia alimentar.,2.77185,E,2017,acesso acumula acumulam adaptado ago alimentar além animais anos b botos br cadeia cerca cienciahoje cinza concentração contaminantes dessas disponível disso espécie excelentes família golfinhos guianensis http indicadores maior mamíferos mar marcolino mercúrio mesma organismo outros passam pois poluição porque região sentinelas sotalia substâncias toda uol vida vivem áreas,A: animais herbívoros; B: animais detritívoros; C: animais grande porte; D: alimento digerem lentamente; E: alimentar cadeia topo
112,"O trombone de Quincke é um dispositivo experimental 
utilizado para demonstrar o fenômeno da interferência 
de ondas sonoras. Uma fonte emite ondas sonoras de 
determinada frequência na entrada do dispositivo. Essas 
ondas se dividem pelos dois caminhos (ADC e AEC) e se 
encontram no ponto C, a saída do dispositivo, onde se 
posiciona um detector. O trajeto ADC pode ser aumentado 
pelo deslocamento dessa parte do dispositivo. Com o 
trajeto ADC igual ao AEC, capta-se um som muito intenso 
na saída. Entretanto, aumentando-se gradativamente o 
trajeto ADC, até que ele fique como mostrado na figura, a 
intensidade do som na saída fica praticamente nula. Desta 
forma, conhecida a velocidade do som no interior do tubo 
(320 m/s), é possível determinar o valor da frequência do 
som produzido pela fonte.
A
C
Fonte sonora
Entrada do som
E
40 cm
D
Saída do som
Detector
30 cm
O valor da frequência, em hertz, do som produzido pela 
fonte sonora é",A: 3 200.; B: 1 600.; C: 800.; D: 640.; E: 400.,1.62067,C,2017,adc aec aumentado aumentando c caminhos capta cm conhecida d demonstrar deslocamento dessa desta detector determinada determinar dispositivo dividem dois emite encontram entrada entretanto experimental fenômeno fica figura fique fonte forma frequência gradativamente hertz igual intensidade intenso interferência interior m mostrado nula ondas onde parte pode ponto posiciona possível praticamente produzido quincke s saída som sonora sonoras trajeto trombone tubo utilizado valor velocidade,A: ; B: ; C: ; D: ; E: 
113,"A farinha de linhaça dourada é um produto natural que 
oferece grandes benefícios para o nosso organismo. A maior 
parte dos nutrientes da linhaça encontra-se no óleo desta 
semente, rico em substâncias lipossolúveis com massas 
moleculares elevadas. A farinha também apresenta altos 
teores de fibras proteicas insolúveis em água, celulose, 
vitaminas lipossolúveis e sais minerais hidrossolúveis.
Considere o esquema, que resume um processo de 
separação dos componentes principais da farinha de 
linhaça dourada.
Adição de éter etílico, seguida de agitação
Extrato etéreo
(fase orgânica)
Extrato aquoso
Farinha de linhaça
Adição de água, seguida de agitação
Filtração
Filtração
Destilado 1
Destilação
Destilação
Destilado 2
Resíduo 1
Resíduo 2
Resíduo 3
Resíduo 4
O óleo de linhaça será obtido na fração",A: Destilado 1.; B: Destilado 2.; C: Resíduo 2.; D: Resíduo 3.; E: Resíduo 4.,2.60783,E,2017,adição agitação altos apresenta aquoso benefícios celulose componentes considere desta destilado destilação dourada elevadas encontra esquema etéreo etílico extrato farinha fase fibras filtração fração grandes hidrossolúveis insolúveis linhaça lipossolúveis maior massas minerais moleculares natural nutrientes obtido oferece organismo orgânica parte principais processo produto proteicas resume resíduo rico sais seguida semente separação substâncias teores vitaminas água éter óleo,A: destilado; B: destilado; C: resíduo; D: resíduo; E: resíduo
114,"O biodiesel é um biocombustível obtido a partir de 
fontes renováveis, que surgiu como alternativa ao uso do 
diesel de petróleo para motores de combustão interna. 
Ele pode ser obtido pela reação entre triglicerídeos, 
presentes em óleos vegetais e gorduras animais, entre 
outros, e álcoois de baixa massa molar, como o metanol 
ou etanol, na presença de um catalisador, de acordo com 
a equação química:
3 CH3OH
CH
CH
CH
CH
OH
OH
OH
CH
CH
CH
CH
CH
2
3
2
+
+
catalisador
R1
R1
R2
R2
R3
R3
A função química presente no produto que representa o 
biodiesel é",A: éter.; B: éster.; C: álcool.; D: cetona.; E: ácido carboxílico.,1.66137,B,2017,acordo alternativa animais baixa biocombustível biodiesel catalisador ch combustão diesel equação etanol fontes função gorduras interna massa metanol molar motores obtido oh outros partir petróleo pode presente presentes presença produto química reação renováveis representa surgiu triglicerídeos uso vegetais álcoois óleos,A: éter; B: éster; C: álcool; D: cetona; E: carboxílico ácido
115,"As centrífugas são equipamentos utilizados em 
laboratórios, clínicas e indústrias. Seu funcionamento faz 
uso da aceleração centrífuga obtida pela rotação de um 
recipiente e que serve para a separação de sólidos em 
suspensão em líquidos ou de líquidos misturados entre si.
RODITI, I. Dicionário Houaiss de física. Rio de Janeiro: Objetiva, 2005 (adaptado).
Nesse aparelho, a separação das substâncias ocorre 
em função",A: das diferentes densidades.; B: dos diferentes raios de rotação.; C: das diferentes velocidades angulares.; D: das diferentes quantidades de cada substância.; E: da diferente coesão molecular de cada substância.,0.49314,A,2017,aceleração adaptado aparelho centrífuga centrífugas clínicas dicionário equipamentos faz funcionamento função física houaiss i indústrias janeiro laboratórios líquidos misturados nesse objetiva obtida ocorre recipiente rio roditi rotação separação serve si substâncias suspensão sólidos uso utilizados,A: densidades diferentes; B: diferentes raios rotação; C: angulares diferentes velocidades; D: cada diferentes quantidades substância; E: cada coesão diferente molecular substância
116,"Visando explicar uma das propriedades da 
membrana plasmática, fusionou-se uma célula de 
camundongo com uma célula humana, formando uma 
célula híbrida. Em seguida, com o intuito de marcar as 
proteínas de membrana, dois anticorpos foram inseridos 
no experimento, um específico para as proteínas de 
membrana do camundongo e outro para as proteínas de 
membrana humana. Os anticorpos foram visualizados ao 
microscópio por meio de fluorescência de cores diferentes.
Célula de 
camundongo
Célula 
humana
Célula híbrida
Anticorpos contra proteína de 
membrana de camundongo,
marcados com fluoresceína.  
Anticorpos contra proteína 
de membrana humana,
marcados com rodamina.
Incubação a 37 °C
Proteína da 
membrana
Tempo = 0 minuto
Tempo = 40 minutos
Proteína da 
membrana
Fusão celular
ETAPA 1
ETAPA 2
ETAPA 3
ETAPA 4
ALBERTS, B. et al. Biologia molecular da célula. Porto Alegre: Artes Médicas, 1997 (adaptado).
A mudança observada da etapa 3 para a etapa 4 do 
experimento ocorre porque as proteínas","A: movimentam-se livremente no plano da bicamada 
lipídica.; B: permanecem confinadas em determinadas regiões 
da bicamada.; C: auxiliam o deslocamento dos fosfolipídios da 
membrana plasmática.; D: são mobilizadas em razão da inserção de anticorpos.; E: são bloqueadas pelos anticorpos.0",1.92451,A,2017,adaptado al alberts alegre anticorpos artes b biologia c camundongo celular contra cores célula diferentes dois específico et etapa experimento explicar fluoresceína fluorescência formando fusionou fusão humana híbrida incubação inseridos intuito marcados marcar meio membrana microscópio minuto minutos molecular mudança médicas observada ocorre outro plasmática porque porto propriedades proteína proteínas rodamina seguida tempo visando visualizados,A: bicamada lipídica livremente movimentam plano; B: bicamada confinadas determinadas permanecem regiões; C: auxiliam deslocamento fosfolipídios membrana plasmática; D: anticorpos inserção mobilizadas razão; E: anticorpos bloqueadas
117,"A distrofia muscular Duchenne (DMD) é uma doença 
causada por uma mutação em um gene localizado no 
cromossomo X. Pesquisadores estudaram uma família 
na qual gêmeas monozigóticas eram portadoras de um 
alelo mutante recessivo para esse gene (heterozigóticas). 
O interessante é que uma das gêmeas apresentava 
o fenótipo relacionado ao alelo mutante, isto é, DMD, 
enquanto a sua irmã apresentava fenótipo normal.
RICHARDS, C. S. et al. The American Journal of Human Genetics, n. 4, 1990 (adaptado).
A diferença na manifestação da DMD entre as gêmeas 
pode ser explicada pela","A: dominância incompleta do alelo mutante em relação 
ao alelo normal.; B: falha na separação dos cromossomos X no momento 
da separação dos dois embriões.; C: recombinação cromossômica em uma divisão celular 
embrionária anterior à separação dos dois embriões.; D: inativação aleatória de um dos cromossomos X em 
fase posterior à divisão que resulta nos dois embriões.; E: origem paterna do cromossomo portador do alelo mutante 
em uma das gêmeas e origem materna na outra.",0.81755,D,2017,adaptado al alelo american apresentava c causada cromossomo diferença distrofia dmd doença duchenne enquanto estudaram et explicada família fenótipo gene genetics gêmeas heterozigóticas human interessante irmã journal localizado manifestação monozigóticas muscular mutante mutação n normal of pesquisadores pode portadoras recessivo relacionado richards s the x,A: alelo dominância incompleta mutante normal relação; B: cromossomos dois embriões falha momento separação x; C: anterior celular cromossômica divisão dois embrionária embriões recombinação separação; D: aleatória cromossomos divisão dois embriões fase inativação posterior resulta x; E: alelo cromossomo gêmeas materna mutante origem outra paterna portador
118,"Para se adequar às normas ambientais atuais, as 
construtoras precisam prever em suas obras a questão 
do uso de materiais de modo a minimizar os impactos 
causados no local. Entre esses materiais está o chamado 
concregrama ou pisograma, que é um tipo de revestimento 
composto por peças de concreto com áreas vazadas, 
preenchidas com solo gramado. As figuras apresentam 
essas duas formas de piso feitos de concreto.
Piso tradicional 
de concreto
Piso concregrama
Grama
Grama
Grama
Grama
PONTES, K. L. F. Estudo de caso de um protótipo experimental [...].  
Disponível em: http://monografias.poli.ufrj.br. Acesso em: 9 maio 2017 (adaptado).
A utilização desse tipo de piso em uma obra tem o objetivo 
de evitar, no solo, a",A: impermeabilização.; B: diminuição da temperatura.; C: acumulação de matéria orgânica.; D: alteração do pH.; E: salinização.,2.04059,A,2017,acesso adaptado adequar ambientais apresentam atuais br caso causados chamado composto concregrama concreto construtoras desse disponível duas estudo evitar experimental f feitos figuras formas grama gramado http impactos k l local maio materiais minimizar modo monografias normas objetivo obra obras peças piso pisograma poli pontes precisam preenchidas prever protótipo questão revestimento solo tipo tradicional ufrj uso utilização vazadas áreas,A: impermeabilização; B: diminuição temperatura; C: acumulação matéria orgânica; D: alteração ph; E: salinização
119,"Diversos produtos naturais podem ser obtidos de 
plantas por processo de extração. O lapachol é da classe 
das naftoquinonas. Sua estrutura apresenta uma hidroxila 
enólica (pKa = 6,0) que permite que este composto seja 
isolado da serragem dos ipês por extração com solução 
adequada, seguida de filtração simples. Considere que 
pKa = -log Ka, em que Ka é a constante ácida da reação 
de ionização do lapachol.
OH
O
O
Lapachol
COSTA, P. R. R. et al. Ácidos e bases em química orgânica.  
Porto Alegre: Bookman, 2005 (adaptado).
Qual solução deve ser usada para extração do lapachol 
da serragem do ipê com maior eficiência?","A: Solução de Na2CO3 para formar um sal de lapachol.; B: Solução-tampão ácido acético/acetato de sódio 
(pH = 4,5).; C: Solução de NaCl a fim de aumentar a força iônica 
do meio.; D: Solução de Na2SO4 para formar um par iônico com 
lapachol.; E: Solução de HCl a fim de extraí-lo por meio de reação 
ácido-base.",1.34402,A,2017,adaptado adequada al alegre apresenta bases bookman classe composto considere constante costa deve diversos eficiência enólica estrutura et extração filtração hidroxila ionização ipê ipês isolado ka lapachol log maior naftoquinonas naturais obtidos oh orgânica p permite pka plantas podem porto processo produtos química r reação seguida serragem simples solução usada ácida ácidos,A: formar lapachol sal solução; B: acetato acético ph solução sódio tampão ácido; C: aumentar fim força iônica meio nacl solução; D: formar iônico lapachol par solução; E: base extraí fim hcl lo meio reação solução ácido
120,"Alguns tipos de dessalinizadores usam o processo de 
osmose reversa para obtenção de água potável a partir 
da água salgada. Nesse método, utiliza-se um recipiente 
contendo dois compartimentos separados por uma 
membrana semipermeável: em um deles coloca-se água 
salgada e no outro recolhe-se a água potável. A aplicação 
de pressão mecânica no sistema faz a água fluir de um 
compartimento para o outro. O movimento das moléculas 
de água através da membrana é controlado pela pressão 
osmótica e pela pressão mecânica aplicada.
Para que ocorra esse processo é necessário que 
as resultantes das pressões osmótica e mecânica 
apresentem",A: mesmo sentido e mesma intensidade.; B: sentidos opostos e mesma intensidade.; C: sentidos opostos e maior intensidade da pressão osmótica.; D: mesmo sentido e maior intensidade da pressão osmótica.; E: sentidos opostos e maior intensidade da pressão mecânica.1,2.91532,E,2017,alguns aplicada aplicação apresentem através coloca compartimento compartimentos contendo controlado dessalinizadores dois faz fluir mecânica membrana moléculas movimento método necessário nesse obtenção ocorra osmose osmótica outro partir potável pressão pressões processo recipiente recolhe resultantes reversa salgada semipermeável separados sistema tipos usam utiliza água,A: intensidade mesma sentido; B: intensidade mesma opostos sentidos; C: intensidade maior opostos osmótica pressão sentidos; D: intensidade maior osmótica pressão sentido; E: intensidade maior mecânica opostos pressão sentidos
121,"A invenção do LED azul, que permite a geração de outras cores para compor a luz branca, permitiu a construção 
de lâmpadas energeticamente mais eficientes e mais duráveis do que as incandescentes e fluorescentes. Em um 
experimento de laboratório, pretende-se associar duas pilhas em série para acender um LED azul que requer 3,6 volts 
para o seu funcionamento. Considere as semirreações de redução e seus respectivos potenciais mostrados no quadro.
Semirreação de redução
E  (V)
Ce4+ (aq) + e- → Ce3+ (aq)
+1,61
Cr2O7
2- (aq) + 14 H+ (aq) + 6 e- → 2 Cr3+ (aq) + 7 H2O (l)
+1,33
Ni2+ (aq) + 2 e- → Ni (s)
-0,25
Zn2+ (aq) + 2 e- → Zn (s)
-0,76
Qual associação em série de pilhas fornece diferença de potencial, nas condições-padrão, suficiente para acender o LED azul?","A: LED
Grafite
Grafite
KCI
KCI
Zn
Ce4+ e Ce3+
Ni2+
Zn2+
Cr2O7
2-,
H+ e Cr3+
Ni; B: LED
Grafite
Grafite
KCI
KCI
Ni
Ce4+ e Ce3+
Ni2+
Zn2+
Zn
Cr2O7
2-,
H+ e Cr3+; C: LED
Grafite
Grafite
KCI
KCI
Ni
Ce4+ e Ce3+
Ni2+
Zn2+
Zn
Cr2O7
2-,
H+ e Cr3+2; D LED
Grafite
Grafite
KCI
KCI
Ni
Ce4+ e Ce3+
Ni2+
Zn2+
Zn
Cr2O7
2-,
H+ e Cr3+; E: LED
Grafite
Grafite
KCI
KCI
Ni
Ce4+ e Ce3+
Ni2+
Zn2+
Zn
Cr2O7
2-,
H+ e Cr3+",1.7348,C,2017,acender aq associar associação azul branca compor condições considere construção cores diferença duas duráveis eficientes energeticamente experimento fluorescentes fornece funcionamento geração h incandescentes invenção l laboratório led luz lâmpadas mostrados ni outras padrão permite permitiu pilhas potenciais potencial pretende quadro redução requer respectivos s semirreação semirreações suficiente série v volts zn,A: grafite h kci led ni zn; B: grafite h kci led ni zn; C: d grafite h kci led ni zn; E: grafite h kci led ni zn
122,"O ácido acetilsalicílico, AAS (massa molar igual a 180 g/mol), é sintetizado a partir da reação do ácido salicílico 
(massa molar igual a 138 g/mol) com anidrido acético, usando-se ácido sulfúrico como catalisador, conforme a 
equação química:
Ácido salicílico
Anidrido acético
Ácido acetilsalicílico
Ácido acético
H2SO4
Após a síntese, o AAS é purificado e o rendimento final é de aproximadamente 50%. Devido às suas propriedades 
farmacológicas (antitérmico, analgésico, anti-inflamatório e antitrombótico), o AAS é utilizado como medicamento na 
forma de comprimidos, nos quais se emprega tipicamente uma massa de 500 mg dessa substância.
Uma indústria farmacêutica pretende fabricar um lote de 900 mil comprimidos, de acordo com as especificações do 
texto. Qual é a massa de ácido salicílico, em kg, que deve ser empregada para esse fim?",A: 293; B: 345; C: 414; D: 690; E: 828,2.68155,D,2017,aas acetilsalicílico acordo acético analgésico anidrido anti antitrombótico antitérmico aproximadamente após catalisador comprimidos conforme dessa deve devido emprega empregada equação especificações fabricar farmacológicas farmacêutica fim final forma g igual indústria inflamatório kg lote massa medicamento mg mil mol molar partir pretende propriedades purificado quais química reação rendimento salicílico sintetizado substância sulfúrico síntese texto tipicamente usando utilizado ácido,A: ; B: ; C: ; D: ; E: 
123,"A Mata Atlântica caracteriza-se por uma grande diversidade de epífitas, como as bromélias. Essas plantas estão 
adaptadas a esse ecossistema e conseguem captar luz, água e nutrientes mesmo vivendo sobre as árvores.
Disponível em: www.ib.usp.br. Acesso em: 23 fev. 2013 (adaptado).
Essas espécies captam água do(a)",A: organismo das plantas vizinhas.; B: solo através de suas longas raízes.; C: chuva acumulada entre suas folhas.; D: seiva bruta das plantas hospedeiras.; E: comunidade que vive em seu interior.,2.25847,C,2017,acesso adaptadas adaptado atlântica br bromélias captam captar caracteriza conseguem disponível diversidade ecossistema epífitas espécies fev grande ib luz mata nutrientes plantas sobre usp vivendo www água árvores,A: organismo plantas vizinhas; B: através longas raízes solo; C: acumulada chuva folhas; D: bruta hospedeiras plantas seiva; E: comunidade interior vive
124,"O ferro é encontrado na natureza na forma de seus minérios, tais como a hematita (α-Fe2O3), a magnetita (Fe3O4) 
e a wustita (FeO). Na siderurgia, o ferro-gusa é obtido pela fusão de minérios de ferro em altos fornos em condições 
adequadas. Uma das etapas nesse processo é a formação de monóxido de carbono. O CO (gasoso) é utilizado para 
reduzir o FeO (sólido), conforme a equação química:
FeO (s) + CO (g) → Fe (s) + CO2 (g)
Considere as seguintes equações termoquímicas:
Fe2O3 (s) + 3 CO (g) → 2 Fe (s) + 3 CO2 (g)	
	
∆rH  = -25 kJ/mol de Fe2O3 
3 FeO (s) + CO2 (g) → Fe3O4 (s) + CO (g)	
	
∆rH  = -36 kJ/mol de CO2 
2 Fe3O4 (s) + CO2 (g) → 3 Fe2O3 (s) + CO (g)	 	
∆rH  = + 47 kJ/mol de CO2
O valor mais próximo de ∆rH , em kJ/mol de FeO, para a reação indicada do FeO (sólido) com o CO (gasoso) é",A: -14.; B: -17.; C: -50.; D: -64.; E: -100.3,2.1206,B,2017,adequadas altos carbono co condições conforme considere encontrado equação equações etapas fe feo ferro forma formação fornos fusão g gasoso gusa hematita indicada kj magnetita minérios mol monóxido natureza nesse obtido processo próximo química reação reduzir rh s seguintes siderurgia sólido tais termoquímicas utilizado valor wustita,A: ; B: ; C: ; D: ; E: 
125,"A reação em cadeia da polimerase (PCR, na sigla em 
inglês) é uma técnica de biologia molecular que permite 
replicação in vitro do DNA de forma rápida. Essa técnica 
surgiu na década de 1980 e permitiu avanços científicos 
em todas as áreas de investigação genômica. A dupla 
hélice é estabilizada por ligações hidrogênio, duas entre 
as bases adenina (A) e timina (T) e três entre as bases 
guanina (G) e citosina (C). Inicialmente, para que o DNA 
possa ser replicado, a dupla hélice precisa ser totalmente 
desnaturada (desenrolada) pelo aumento da temperatura, 
quando são desfeitas as ligações hidrogênio entre as 
diferentes bases nitrogenadas.
Qual dos segmentos de DNA será o primeiro a desnaturar 
totalmente durante o aumento da temperatura na reação 
de PCR?",A: ; B: ; C: ; D: ;E: ,0.92951,C,2017,adenina aumento avanços bases biologia c cadeia científicos citosina desenrolada desfeitas desnaturada desnaturar diferentes dna duas dupla durante década estabilizada forma g genômica guanina hidrogênio hélice in inglês inicialmente investigação ligações molecular nitrogenadas pcr permite permitiu polimerase possa precisa primeiro reação replicado replicação rápida segmentos sigla surgiu t temperatura timina todas totalmente três técnica vitro áreas,A: ; B: ; C: ; D: ; E: 
126,"No ar que respiramos existem os chamados “gases 
inertes”. Trazem curiosos nomes gregos, que significam 
“o Novo”, “o Oculto”, “o Inativo”. E de fato são de tal 
modo inertes, tão satisfeitos em sua condição, que 
não interferem em nenhuma reação química, não se 
combinam com nenhum outro elemento e justamente por 
esse motivo ficaram sem ser observados durante séculos: 
só em 1962 um químico, depois de longos e engenhosos 
esforços, conseguiu forçar “o Estrangeiro” (o xenônio) a 
combinar-se fugazmente com o flúor ávido e vivaz, e a 
façanha pareceu tão extraordinária que lhe foi conferido 
o Prêmio Nobel.
LEVI, P. A tabela periódica. Rio de Janeiro: Relume-Dumará, 1994 (adaptado).
Qual propriedade do flúor justifica sua escolha como 
reagente para o processo mencionado?",A: Densidade.; B: Condutância.; C: Eletronegatividade.; D: Estabilidade nuclear.; E: Temperatura de ebulição.,2.39752,C,2017,adaptado ar chamados combinam combinar condição conferido conseguiu curiosos dumará durante elemento engenhosos escolha esforços estrangeiro existem extraordinária fato façanha ficaram flúor forçar fugazmente gases gregos inativo inertes interferem janeiro justamente justifica levi longos mencionado modo motivo nenhum nenhuma nobel nomes novo observados oculto outro p pareceu periódica processo propriedade prêmio química químico reagente reação relume respiramos rio satisfeitos significam séculos tabela tal trazem tão vivaz xenônio ávido,A: densidade; B: condutância; C: eletronegatividade; D: estabilidade nuclear; E: ebulição temperatura
127,"No manual fornecido pelo fabricante de uma ducha 
elétrica de 220 V é apresentado um gráfico com a variação 
da temperatura da água em função da vazão para três 
condições (morno, quente e superquente). Na condição 
superquente, a potência dissipada é de 6 500 W. Considere 
o calor específico da água igual a 4 200 J/(kg °C) e 
densidade da água igual a 1 kg/L.
Elevação de temperatura × Curva vazão
∆T (°C)
30
10
3
1
3
5
7
9
Vazão
(L/min)
1 - MORNO
2 - QUENTE
3 - SUPERQUENTE
Com base nas informações dadas, a potência na condição 
morno corresponde a que fração da potência na condição 
superquente?",A: 1/3; B: 1/5; C: 3/5; D:3/8; E: 5/8,1.20198,D,2017,apresentado base c calor condição condições considere corresponde curva dadas densidade dissipada ducha elevação elétrica específico fabricante fornecido fração função gráfico igual informações j kg l manual min morno potência quente superquente t temperatura três v variação vazão w água,A: ; B: ; C: d; E: 
128,"A retina é um tecido sensível à luz, localizado na parte 
posterior do olho, onde ocorre o processo de formação 
de imagem. Nesse tecido, encontram-se vários tipos 
celulares específicos. Um desses tipos celulares são os 
cones, os quais convertem os diferentes comprimentos 
de onda da luz visível em sinais elétricos, que são 
transmitidos pelo nervo óptico até o cérebro.
Disponível em: www.portaldaretina.com.br. Acesso em: 13 jun. 2012 (adaptado).
Em relação à visão, a degeneração desse tipo celular irá","A: comprometer a capacidade de visão em cores.; B: impedir a projeção dos raios luminosos na retina.; C: provocar a formação de imagens invertidas na retina.; D: causar dificuldade de visualização de objetos próximos.; E: acarretar a perda da capacidade de alterar o diâmetro 
da pupila.4",1.67212,A,2017,acesso adaptado br celular celulares comprimentos cones convertem cérebro degeneração desse desses diferentes disponível elétricos encontram específicos formação imagem irá jun localizado luz nervo nesse ocorre olho onda onde parte portaldaretina posterior processo quais relação retina sensível sinais tecido tipo tipos transmitidos visão visível vários www óptico,A: capacidade comprometer cores visão; B: impedir luminosos projeção raios retina; C: formação imagens invertidas provocar retina; D: causar dificuldade objetos próximos visualização; E: acarretar alterar capacidade diâmetro perda pupila
129,"Em algumas residências, cercas eletrificadas são utilizadas com o objetivo de afastar possíveis invasores. Uma 
cerca eletrificada funciona com uma diferença de potencial elétrico de aproximadamente 10 000 V. Para que não seja 
letal, a corrente que pode ser transmitida através de uma pessoa não deve ser maior do que 0,01 A. Já a resistência 
elétrica corporal entre as mãos e os pés de uma pessoa é da ordem de 1 000 Ω.
Para que a corrente não seja letal a uma pessoa que toca a cerca eletrificada, o gerador de tensão deve possuir uma 
resistência interna que, em relação à do corpo humano, é",A: praticamente nula.; B: aproximadamente igual.; C: milhares de vezes maior.; D: da ordem de 10 vezes maior.; E: da ordem de 10 vezes menor.,1.26972,C,2017,afastar algumas aproximadamente através cerca cercas corpo corporal corrente deve diferença eletrificada eletrificadas elétrica elétrico funciona gerador humano interna invasores letal maior mãos objetivo ordem pessoa pode possuir possíveis potencial pés relação residências resistência tensão toca transmitida utilizadas v,A: nula praticamente; B: aproximadamente igual; C: maior milhares vezes; D: maior ordem vezes; E: menor ordem vezes
130,"A cromatografia em papel é um método de separação que se baseia na migração diferencial dos componentes 
de uma mistura entre duas fases imiscíveis. Os componentes da amostra são separados entre a fase estacionária e 
a fase móvel em movimento no papel. A fase estacionária consiste de celulose praticamente pura, que pode absorver 
até 22% de água. É a água absorvida que funciona como fase estacionária líquida e que interage com a fase móvel, 
também líquida (partição líquido-líquido). Os componentes capazes de formar interações intermoleculares mais fortes 
com a fase estacionária migram mais lentamente.
Uma mistura de hexano com 5% (v/v) de acetona foi utilizada como fase móvel na separação dos componentes 
de um extrato vegetal obtido a partir de pimentões. Considere que esse extrato contém as substâncias representadas.
γ-caroteno
α-criptoxantina
OH
Capsorubina
O
OH
HO
O
Licopeno
α-caroteno
RIBEIRO, N. M.; NUNES, C. R. Análise de pigmentos de pimentões por cromatografia em papel. Química Nova na Escola, n. 29, ago. 2008 (adaptado).
A substância presente na mistura que migra mais lentamente é o(a)",A: licopeno.; B: α-caroteno.; C: γ-caroteno.; D: capsorubina.; E: α-criptoxantina.5,1.33759,D,2017,absorver absorvida acetona adaptado ago amostra análise baseia c capazes capsorubina caroteno celulose componentes considere consiste contém criptoxantina cromatografia diferencial duas escola estacionária extrato fase fases formar fortes funciona hexano ho imiscíveis interage interações intermoleculares lentamente licopeno líquida líquido m migra migram migração mistura movimento método móvel n nova nunes obtido oh papel partir partição pigmentos pimentões pode praticamente presente pura química r representadas ribeiro separados separação substância substâncias utilizada v vegetal água,A: licopeno; B: caroteno; C: caroteno; D: capsorubina; E: criptoxantina
131,"Um motorista que atende a uma chamada de celular é 
levado à desatenção, aumentando a possibilidade de acidentes 
ocorrerem em razão do aumento de seu tempo de reação. 
Considere dois motoristas, o primeiro atento e o segundo 
utilizando o celular enquanto dirige. Eles aceleram seus carros  
inicialmente a 1,00 m/s2. Em resposta a uma emergência, 
freiam com uma desaceleração igual a 5,00 m/s2. O motorista 
atento aciona o freio à velocidade de 14,0 m/s, enquanto o 
desatento, em situação análoga, leva 1,00 segundo a mais 
para iniciar a frenagem.
Que distância o motorista desatento percorre a mais do 
que o motorista atento, até a parada total dos carros?","A: 2,90 m; B: 14,0 m; C: 14,5 m; D: 15,0 m; E: 17,4 m",0.56765,E,2017,aceleram acidentes aciona análoga atende atento aumentando aumento carros celular chamada considere desaceleração desatento desatenção dirige distância dois emergência enquanto freiam freio frenagem igual inicialmente iniciar leva levado m motorista motoristas ocorrerem parada percorre possibilidade primeiro razão reação resposta s segundo situação tempo total utilizando velocidade,A: m; B: m; C: m; D: m; E: m
132,"Uma das estratégias para conservação de alimentos 
é o salgamento, adição de cloreto de sódio (NaCl), 
historicamente utilizado por tropeiros, vaqueiros e 
sertanejos para conservar carnes de boi, porco e peixe.
O que ocorre com as células presentes nos alimentos 
preservados com essa técnica?","A: O sal adicionado diminui a concentração de solutos 
em seu interior.; B: O sal adicionado desorganiza e destrói suas 
membranas plasmáticas.; C: A adição de sal altera as propriedades de suas 
membranas plasmáticas.; D: Os íons Na+ e Cl- provenientes da dissociação do sal 
entram livremente nelas.; E: A grande concentração de sal no meio extracelular 
provoca a saída de água de dentro delas.",2.03245,E,2017,adição alimentos boi carnes cloreto conservar conservação células estratégias historicamente nacl ocorre peixe porco presentes preservados salgamento sertanejos sódio tropeiros técnica utilizado vaqueiros,A: adicionado concentração diminui interior sal solutos; B: adicionado desorganiza destrói membranas plasmáticas sal; C: adição altera membranas plasmáticas propriedades sal; D: cl dissociação entram livremente nelas provenientes sal íons; E: concentração dentro extracelular grande meio provoca sal saída água
133,"Para demonstrar o processo de transformação de 
energia mecânica em elétrica, um estudante constrói um 
pequeno gerador utilizando:
•	 um fio de cobre de diâmetro D enrolado em N 
espiras circulares de área A;
•	 dois ímãs que criam no espaço entre eles um campo 
magnético uniforme de intensidade B; e 
•	 um sistema de engrenagens que lhe permite girar as 
espiras em torno de um eixo com uma frequência f. 
Ao fazer o gerador funcionar, o estudante obteve uma 
tensão máxima V e uma corrente de curto-circuito i.
Para dobrar o valor da tensão máxima V do gerador 
mantendo constante o valor da corrente de curto i, o 
estudante deve dobrar o(a)",A: número de espiras.; B: frequência de giro.; C: intensidade do campo magnético.; D: área das espiras.; E: diâmetro do fio.,1.45295,A,2017,b campo circuito circulares cobre constante constrói corrente criam curto d demonstrar deve diâmetro dobrar dois eixo elétrica energia engrenagens enrolado espaço espiras estudante f fazer fio frequência funcionar gerador girar i intensidade magnético mantendo mecânica máxima n obteve pequeno permite processo sistema tensão torno transformação uniforme utilizando v valor área ímãs,A: espiras número; B: frequência giro; C: campo intensidade magnético; D: espiras área; E: diâmetro fio
134,"A ozonólise, reação utilizada na indústria madeireira 
para a produção de papel, é também utilizada em 
escala de laboratório na síntese de aldeídos e cetonas. 
As duplas ligações dos alcenos são clivadas pela oxidação 
com o ozônio (O3), em presença de água e zinco metálico, 
e a reação produz aldeídos e/ou cetonas, dependendo do 
grau de substituição da ligação dupla. Ligações duplas 
dissubstituídas geram cetonas, enquanto as ligações 
duplas terminais ou monossubstituídas dão origem a 
aldeídos, como mostra o esquema.
But-1-eno
Propanal
Metanal
O3 , H2O
Zn
H
O
H
H
O
+
Considere a ozonólise do composto 1-fenil-2-metilprop-1-eno:
1-fenil-2-metilprop-1-eno
MARTINO, A. Química, a ciência global. Goiânia: Editora W, 2014 (adaptado).
Quais são os produtos formados nessa reação?",A: Benzaldeído e propanona.; B: Propanal e benzaldeído.; C: 2-fenil-etanal e metanal.; D: Benzeno e propanona.; E: Benzaldeído e etanal.,1.41041,A,2017,adaptado alcenos aldeídos but cetonas ciência clivadas composto considere dependendo dissubstituídas dupla duplas dão editora eno enquanto escala esquema fenil formados geram global goiânia grau h indústria laboratório ligação ligações madeireira martino metanal metilprop metálico monossubstituídas mostra nessa origem oxidação ozonólise ozônio papel presença produtos produz produção propanal quais química reação substituição síntese terminais utilizada w zinco zn água,A: benzaldeído propanona; B: benzaldeído propanal; C: etanal fenil metanal; D: benzeno propanona; E: benzaldeído etanal
135,"A terapia celular tem sido amplamente divulgada 
como revolucionária, por permitir a regeneração de 
tecidos a partir de células novas. Entretanto, a técnica 
de se introduzirem novas células em um tecido, para o 
tratamento de enfermidades em indivíduos, já era aplicada 
rotineiramente em hospitais.
A que técnica refere-se o texto?",A: Vacina.; B: Biópsia.; C: Hemodiálise.; D: Quimioterapia.; E: Transfusão de sangue.,1.63399,E,2017,amplamente aplicada celular células divulgada enfermidades entretanto hospitais indivíduos introduzirem novas partir permitir refere regeneração revolucionária rotineiramente sido tecido tecidos terapia texto tratamento técnica,A: vacina; B: biópsia; C: hemodiálise; D: quimioterapia; E: sangue transfusão
46,"Em uma flauta, as notas musicais possuem 
frequências e comprimentos de onda (λ) muito bem 
definidos. As figuras mostram esquematicamente 
um tubo de comprimento L, que representa de forma 
simplificada uma flauta, em que estão representados: 
em A o primeiro harmônico de uma nota musical 
(comprimento de onda λA), em B seu segundo harmônico 
(comprimento de onda λB) e em C o seu terceiro 
harmônico (comprimento de onda λC), onde λA > λB > λC.
L
A
B
C
Em função do comprimento do tubo, qual o comprimento 
de onda da oscilação que forma o próximo harmônico?",A: L; B: L; C: L; D: L; E: 6L,2.2825,C,2015,b bem c comprimento comprimentos definidos esquematicamente figuras flauta forma frequências função harmônico l mostram musicais musical nota notas onda onde oscilação possuem primeiro próximo representa representados segundo simplificada terceiro tubo,A: l; B: l; C: l; D: l; E: 
47,"Durante a aula, um professor apresentou uma 
pesquisa nacional que mostrava que o consumo de sódio 
pelos adolescentes brasileiros é superior ao determinado 
pela Organização Mundial da Saúde. O professor, então, 
destacou que esse hábito deve ser evitado.
A doença associada a esse hábito é a",A: obesidade.; B: osteoporose.; C: diabetes tipo II.; D: hipertensão arterial.; E: hipercolesterolemia.,0.11367,D,2015,adolescentes apresentou associada aula brasileiros consumo destacou determinado deve doença durante então evitado hábito mostrava mundial nacional organização pesquisa professor saúde superior sódio,A: obesidade; B: osteoporose; C: diabetes ii tipo; D: arterial hipertensão; E: hipercolesterolemia
48,"O cladograma representa, de forma simplificada, o 
processo evolutivo de diferentes grupos de vertebrados. 
Nesses organismos, o desenvolvimento de ovos 
protegidos por casca rígida (pergaminácea ou calcárea) 
possibilitou a conquista do ambiente terrestre.
O surgimento da característica mencionada está 
representado, no cladograma, pelo número",A: 1.; B: 2.; C: 3.; D: 4.; E: 5.,0.565,C,2015,ambiente calcárea característica casca cladograma conquista desenvolvimento diferentes evolutivo forma grupos mencionada nesses número organismos ovos pergaminácea possibilitou processo protegidos representa representado rígida simplificada surgimento terrestre vertebrados,A: ; B: ; C: ; D: ; E: 
49,"Um eletricista projeta um circuito com três lâmpadas 
incandescentes idênticas, conectadas conforme a figura. 
Deseja-se que uma delas fique sempre acesa, por isso é 
ligada diretamente aos polos da bateria, entre os quais se 
mantém uma tensão constante. As outras duas lâmpadas 
são conectadas em um fio separado, que contém uma 
chave. Com a chave aberta (desligada), a bateria fornece 
uma potência X.
2
Chave
Bateria
Assumindo que as lâmpadas obedeçam à Lei de Ohm, 
com a chave fechada, a potência fornecida pela bateria, 
em função de X, é:","A: 2
 X.; B: X.; C: 3
 X.; D: 2X.; E: 3X.",2.22439,C,2015,aberta acesa assumindo bateria chave circuito conectadas conforme constante contém deseja desligada diretamente duas eletricista fechada figura fio fique fornece fornecida função idênticas incandescentes lei ligada lâmpadas mantém obedeçam ohm outras polos potência projeta quais sempre separado tensão três x,A: x; B: x; C: x; D: ; E: 
50,"O urânio é um elemento cujos átomos contêm 92 prótons, 
92 elétrons e entre 135 e 148 nêutrons. O isótopo de 
urânio 235U é utilizado como combustível em usinas 
nucleares, onde, ao ser bombardeado por nêutrons, sofre 
fissão de seu núcleo e libera uma grande quantidade 
de energia (2,35×1010 kJ/mol). O isótopo 235U ocorre 
naturalmente em minérios de urânio, com concentração 
de apenas 0,7%. Para ser utilizado na geração de 
energia nuclear, o minério é submetido a um processo 
de enriquecimento, visando aumentar a concentração do 
isótopo 235U para, aproximadamente, 3% nas pastilhas. 
Em décadas anteriores, houve um movimento mundial 
para aumentar a geração de energia nuclear buscando 
substituir, parcialmente, a geração de energia elétrica 
a partir da queima do carvão, o que diminui a emissão 
atmosférica de CO2 (gás com massa molar igual a 44 g/mol). 
A queima do carvão é representada pela equação química:
C (s) + O2 (g) → CO2 (g)       ∆H = −400 kJ/mol
Qual é a massa de CO2, em toneladas, que deixa de ser 
liberada na atmosfera, para cada 100 g de pastilhas de 
urânio enriquecido utilizadas em substituição ao carvão 
como fonte de energia?","A: 2,10; B: 7,70; C: 9,00; D: 33,0; E: 300",1.56282,D,2015,anteriores apenas aproximadamente atmosfera atmosférica aumentar bombardeado buscando c cada carvão combustível concentração contêm cujos deixa diminui décadas elemento elétrica elétrons emissão energia enriquecido enriquecimento equação fissão fonte g geração grande gás h igual isótopo kj libera liberada massa minério minérios mol molar movimento mundial naturalmente nuclear nucleares nêutrons núcleo ocorre onde parcialmente partir pastilhas processo prótons quantidade queima química representada s sofre submetido substituir substituição toneladas urânio usinas utilizadas utilizado visando × átomos,A: ; B: ; C: ; D: ; E: 
51,"O cobre presente nos fios elétricos e instrumentos 
musicais é obtido a partir da ustulação do minério 
calcosita (Cu2S). Durante esse processo, ocorre o 
aquecimento desse sulfeto na presença de oxigênio, de 
forma que o cobre fique “livre” e o enxofre se combine 
com o O2 produzindo SO2, conforme a equação química:
Cu2S (s) + O2 (g) ∆ 2 Cu (l) + SO2 (g)
As massas molares dos elementos Cu e S são, 
respectivamente, iguais a 63,5 g/mol e 32 g/mol.
CANTO, E. L. Minerais, minérios, metais: de onde vêm?, para onde vão? 
São Paulo: Moderna, 1996 (adaptado).
Considerando que se queira obter 16 mols do metal em 
uma reação cujo rendimento é de 80%, a   massa, em 
gramas, do minério necessária para obtenção do cobre 
é igual a",A: 955.; B: 1 018.; C: 1 590.; D: 2 035.; E: 3 180.,1.38225,C,2015,adaptado aquecimento calcosita canto cobre combine conforme considerando cu cujo desse durante elementos elétricos enxofre equação fios fique forma g gramas iguais igual instrumentos l livre massa massas metais metal minerais minério minérios moderna mol molares mols musicais necessária obtenção obter obtido ocorre onde oxigênio partir paulo presente presença processo produzindo queira química reação rendimento respectivamente s sulfeto ustulação vão vêm,A: ; B: ; C: ; D: ; E: 
52,"Sais de amônio são sólidos iônicos com alto ponto de fusão, muito mais solúveis em água que as aminas 
originais e ligeiramente solúveis em solventes orgânicos apolares, sendo compostos convenientes para serem 
usados em xaropes e medicamentos injetáveis. Um exemplo é a efedrina, que funde a 79 °C, tem um odor 
desagradável e oxida na presença do ar atmosférico formando produtos indesejáveis. O cloridrato de efedrina funde a 
217 °C, não se oxida e é inodoro, sendo o ideal para compor os medicamentos.
OH
OH
CH
CH
NHCH
+NH2CH3
HCl
Cl
+
Cloridrato de efedrina
Efedrina
−
SOUTO, C. R. O.; DUARTE, H. C. Química da vida: aminas. Natal: EDUFRN, 2006.
De acordo com o texto, que propriedade química das aminas possibilita a formação de sais de amônio estáveis, 
facilitando a manipulação de princípios ativos?",A: Acidez.; B: Basicidade.; C: Solubilidade.; D: Volatilidade.; E: Aromaticidade.,1.70151,B,2015,acordo alto aminas amônio apolares ar ativos atmosférico c ch cl cloridrato compor compostos convenientes desagradável duarte edufrn efedrina estáveis exemplo facilitando formando formação funde fusão h hcl ideal indesejáveis injetáveis inodoro iônicos ligeiramente manipulação medicamentos natal nhch odor oh orgânicos originais oxida ponto possibilita presença princípios produtos propriedade química r sais sendo serem solventes solúveis souto sólidos texto usados vida xaropes água,A: acidez; B: basicidade; C: solubilidade; D: volatilidade; E: aromaticidade
53,"Além de ser uma prática ilegal, a adulteração de combustíveis é prejudicial ao meio ambiente, ao governo e, 
especialmente, ao consumidor final. Em geral, essa adulteração é feita utilizando compostos com propriedades físicas 
semelhantes às do combustível, mas de menor valor agregado.
Considerando um combustível com 20% de adulterante, a mistura em que a adulteração seria identificada visualmente é",A: etanol e água.; B: etanol e acetona.; C: gasolina e água.; D: gasolina e benzeno.; E: gasolina e querosene.,0.85743,C,2015,adulterante adulteração agregado além ambiente combustíveis combustível compostos considerando consumidor especialmente feita final físicas geral governo identificada ilegal meio menor mistura prejudicial propriedades prática semelhantes utilizando valor visualmente,A: etanol água; B: acetona etanol; C: gasolina água; D: benzeno gasolina; E: gasolina querosene
54,"Sabe-se que nas proximidades dos polos do planeta Terra é comum a formação dos icebergs, que são grandes 
blocos de gelo, flutuando nas águas oceânicas. Estudos mostram que a parte de gelo que fica emersa durante a 
flutuação corresponde a aproximadamente 10% do seu volume total. Um estudante resolveu simular essa situação 
introduzindo um bloquinho de gelo no interior de um recipiente contendo água, observando a variação de seu nível 
desde o instante de introdução até o completo derretimento do bloquinho.
Com base nessa simulação, verifica-se que o nível da água no recipiente","A: subirá com a introdução do bloquinho de gelo e, após o derretimento total do gelo, esse nível subirá ainda mais.; B: subirá com a introdução do bloquinho de gelo e, após o derretimento total do gelo, esse nível descerá, voltando 
ao seu valor inicial.; C: subirá com a introdução do bloquinho de gelo e, após o derretimento total do gelo, esse nível permanecerá 
sem alteração.; D: não sofrerá alteração com a introdução do bloquinho de gelo, porém, após seu derretimento, o nível subirá devido 
a um aumento em torno de 10% no volume de água.; E: subirá em torno de 90% do seu valor inicial com a introdução do bloquinho de gelo e, após seu derretimento, o 
nível descerá apenas 10% do valor inicial.",2.263,C,2015,aproximadamente base blocos bloquinho completo comum contendo corresponde derretimento desde durante emersa estudante estudos fica flutuando flutuação formação gelo grandes icebergs instante interior introduzindo introdução mostram nessa nível observando oceânicas parte planeta polos proximidades recipiente resolveu sabe simular simulação situação terra total variação verifica volume água águas,A: ainda após bloquinho derretimento gelo introdução nível subirá total; B: após bloquinho derretimento descerá gelo inicial introdução nível subirá total valor voltando; C: alteração após bloquinho derretimento gelo introdução nível permanecerá subirá total; D: alteração após aumento bloquinho derretimento devido gelo introdução nível porém sofrerá subirá torno volume água; E: apenas após bloquinho derretimento descerá gelo inicial introdução nível subirá torno valor
55,"A rede elétrica de uma residência tem tensão de 
110 V e o morador compra, por engano, uma lâmpada 
incandescente com potência nominal de 100 W e tensão 
nominal de 220 V.
Se essa lâmpada for ligada na rede de 110 V, o que 
acontecerá?","A: A lâmpada brilhará normalmente, mas como a tensão 
é a metade da prevista, a corrente elétrica será o 
dobro da normal, pois a potência elétrica é o produto 
de tensão pela corrente.; B: A lâmpada não acenderá, pois ela é feita para trabalhar 
apenas com tensão de 220 V, e não funciona com 
tensão abaixo desta.; C: A lâmpada irá acender dissipando uma potência de 
50 W, pois como a tensão é metade da esperada, a 
potência também será reduzida à metade.; D: A lâmpada irá brilhar fracamente, pois com a metade 
da tensão nominal, a corrente elétrica também será 
menor e a potência dissipada será menos da metade 
da nominal.; E: A lâmpada queimará, pois como a tensão é menor do 
que a esperada, a corrente será maior, ultrapassando 
a corrente para a qual o filamento foi projetado.",1.9843,D,2015,acontecerá compra elétrica engano incandescente ligada lâmpada morador nominal potência rede residência tensão v w,A: brilhará corrente dobro elétrica lâmpada metade normal normalmente pois potência prevista produto tensão; B: abaixo acenderá apenas desta feita funciona lâmpada pois tensão trabalhar v; C: acender dissipando esperada irá lâmpada metade pois potência reduzida tensão w; D: brilhar corrente dissipada elétrica fracamente irá lâmpada menor menos metade nominal pois potência tensão; E: corrente esperada filamento lâmpada maior menor pois projetado queimará tensão ultrapassando
56,"A obtenção de sistemas coloidais estáveis depende 
das interações entre as partículas dispersas e o meio 
onde se encontram. Em um sistema coloidal aquoso, 
cujas partículas são hidrofílicas, a adição de um solvente 
orgânico miscível em água, como etanol, desestabiliza 
o coloide, podendo ocorrer a agregação das partículas 
preliminarmente dispersas.
A desestabilização provocada pelo etanol ocorre porque","A: a polaridade da água no sistema coloidal é reduzida.; B: as cargas superficiais das partículas coloidais são 
diminuídas.; C: as camadas de solvatação de água nas partículas 
são diminuídas.; D: o processo de miscibilidade da água e do solvente 
libera calor para o meio.; E: a intensidade dos movimentos brownianos das 
partículas coloidais é reduzida.",2.00402,C,2015,adição agregação aquoso coloidais coloidal coloide cujas depende desestabiliza desestabilização dispersas encontram estáveis etanol hidrofílicas interações meio miscível obtenção ocorre ocorrer onde orgânico partículas podendo porque preliminarmente provocada sistema sistemas solvente água,A: coloidal polaridade reduzida sistema água; B: cargas coloidais diminuídas partículas superficiais; C: camadas diminuídas partículas solvatação água; D: calor libera meio miscibilidade processo solvente água; E: brownianos coloidais intensidade movimentos partículas reduzida
57,"Dentre outras características, uma determinada 
vegetação apresenta folhas durante três a quatro meses 
ao ano, com limbo reduzido, mecanismo rápido de 
abertura e fechamento dos estômatos e caule suculento. 
Essas são algumas características adaptativas das 
plantas ao bioma onde se encontram.
Que fator ambiental é o responsável pela ocorrência 
dessas características adaptativas?",A: Escassez de nutrientes no solo.; B: Estratificação da vegetação.; C: Elevada insolação.; D: Baixo pH do solo.; E: Escassez de água.,0.77875,E,2015,abertura adaptativas algumas ambiental ano apresenta bioma características caule dentre dessas determinada durante encontram estômatos fator fechamento folhas limbo mecanismo meses ocorrência onde outras plantas quatro reduzido responsável rápido suculento três vegetação,A: escassez nutrientes solo; B: estratificação vegetação; C: elevada insolação; D: baixo ph solo; E: escassez água
58,"O avanço tecnológico da medicina propicia o 
desenvolvimento de tratamento para diversas doenças, 
como as relacionadas à visão. As correções que utilizam 
laser para o tratamento da miopia são consideradas 
seguras até 12 dioptrias, dependendo da espessura e 
curvatura da córnea. Para valores de dioptria superiores a 
esse, o implante de lentes intraoculares é mais indicado. 
Essas lentes, conhecidas como lentes fácicas (LF), são 
implantadas junto à córnea, antecedendo o cristalino (C), 
sem que esse precise ser removido, formando a imagem 
correta sobre a retina (R).
O comportamento de um feixe de luz incidindo no olho 
que possui um implante de lentes fácicas para correção 
do problema de visão apresentado é esquematizado por",A: LF     C               R; B: LF     C               R; C: LF     C               R; D: LF     C               R; E: LF     C               R,1.82358,B,2015,antecedendo apresentado avanço c comportamento conhecidas consideradas correta correção correções cristalino curvatura córnea dependendo desenvolvimento dioptria dioptrias diversas doenças espessura esquematizado feixe formando fácicas imagem implantadas implante incidindo indicado intraoculares junto laser lentes lf luz medicina miopia olho possui precise problema propicia r relacionadas removido retina seguras sobre superiores tecnológico tratamento utilizam valores visão,A: c lf r; B: c lf r; C: c lf r; D: c lf r; E: c lf r
59,"O papel tem na celulose sua matéria-prima, e uma das etapas de sua produção é o branqueamento, que visa 
remover a lignina da celulose. Diferentes processos de branqueamento usam, por exemplo, cloro (Cl2), hipoclorito 
de sódio (NaClO), oxigênio (O2), ozônio (O3) ou peróxido de hidrogênio (H2O2). Alguns processos de branqueamento 
levam à formação de compostos organoclorados. São apresentadas as estruturas de um fragmento da lignina e do 
tetracloroguaiacol, um dos organoclorados formados no processo de branqueamento.
CH O
CH O
CH O
Fragmento da Lignina
CHOH
CH
CH
CH
O
CHOH
CH
CH
CH
CH
CH
CH OH
CH OH
CH
CH OH
CH OH
OCH
OCH
OCH
OCH
OCH
2
2
3
O
O
O
O
O
OH
CI
CI
CI
CI
OCH
Tetracloroguaiacol
SANTOS, C. P. et al. Papel: como se fabrica? Química Nova na Escola, n. 14, 2001 (adaptado).
Os reagentes capazes de levar à formação de organoclorados no processo citado são",A: O2 e O3.; B: Cl2 e O2.; C: H2O2 e Cl2.; D: NaClO e O3.; E: NaClO e Cl2.,2.6728,E,2015,adaptado al alguns apresentadas branqueamento c capazes celulose ch choh ci citado cloro compostos diferentes escola estruturas et etapas exemplo fabrica formados formação fragmento hidrogênio hipoclorito levam levar lignina matéria n naclo nova och oh organoclorados oxigênio ozônio p papel peróxido prima processo processos produção química reagentes remover santos sódio tetracloroguaiacol usam visa,A: ; B: ; C: ; D: naclo; E: naclo
60,"A remoção de petróleo derramado em ecossistemas 
marinhos é complexa e muitas vezes envolve a adição de 
mais sustâncias ao ambiente. Para facilitar o processo de 
recuperação dessas áreas, pesquisadores têm estudado 
a bioquímica de bactérias encontradas em locais sujeitos 
a esse tipo de impacto. Eles verificaram que algumas 
dessas espécies utilizam as moléculas de hidrocarbonetos 
como fonte energética, atuando como biorremediadores, 
removendo o óleo do ambiente.
KREPSKY, N.; SILVA SOBRINHO, F.; CRAPEZ, M. A. C. 
Ciência Hoje, n. 223, jan.-fev. 2006 (adaptado).
Para serem eficientes no processo de biorremediação 
citado, as espécies escolhidas devem possuir","A: células flageladas, que capturem as partículas de 
óleo presentes na água.; B: altas taxas de mutação, para se adaptarem ao 
ambiente impactado pelo óleo.; C: enzimas, que catalisem reações de quebra das 
moléculas constituintes do óleo.; D: parede celular espessa, que impossibilite que as 
bactérias se contaminem com o óleo.; E: capacidade de fotossíntese, que possibilite a liberação 
de oxigênio para a renovação do ambiente poluído.",0.66067,C,2015,adaptado adição algumas ambiente atuando bactérias bioquímica biorremediadores biorremediação c citado ciência complexa crapez derramado dessas devem ecossistemas eficientes encontradas energética envolve escolhidas espécies estudado f facilitar fev fonte hidrocarbonetos hoje impacto jan krepsky locais m marinhos moléculas muitas n pesquisadores petróleo possuir processo recuperação removendo remoção serem silva sobrinho sujeitos sustâncias tipo têm utilizam verificaram vezes áreas óleo,A: capturem células flageladas partículas presentes água óleo; B: adaptarem altas ambiente impactado mutação taxas óleo; C: catalisem constituintes enzimas moléculas quebra reações óleo; D: bactérias celular contaminem espessa impossibilite parede óleo; E: ambiente capacidade fotossíntese liberação oxigênio poluído possibilite renovação
61,"Os calcários são materiais compostos por carbonato 
de cálcio, que podem atuar como sorventes do dióxido 
de enxofre (SO2), um importante poluente atmosférico. 
As reações envolvidas no processo são a ativação do 
calcário, por meio de calcinação, e a fixação do SO2 com 
a formação de um sal de cálcio, como ilustrado pelas 
equações químicas simplificadas.
CaCO3 
calor  CaO + CO2
CaO + SO2 + 1
2  O2 
 Sal de cálcio
Considerando-se as reações envolvidas nesse processo 
de dessulfurização, a fórmula química do sal de cálcio 
corresponde a",A: CaSO3.; B: CaSO4.; C: CaS2O8.; D: CaSO2.; E: CaS2O7.,0.55445,B,2015,ativação atmosférico atuar calcinação calcário calcários calor cao carbonato compostos considerando corresponde cálcio dessulfurização dióxido envolvidas enxofre equações fixação formação fórmula ilustrado importante materiais meio nesse podem poluente processo química químicas reações sal simplificadas sorventes,A: ; B: ; C: ; D: ; E: 
62,"Uma enzima foi retirada de um dos órgãos do sistema 
digestório de um cachorro e, após ser purificada, foi 
diluída em solução fisiológica e distribuída em três tubos 
de ensaio com os seguintes conteúdos:
•	 Tubo 1: carne
•	 Tubo 2: macarrão
•	 Tubo 3: banha
Em todos os tubos foi adicionado ácido clorídrico (HCl), 
e o pH da solução baixou para um valor próximo a 2. Além 
disso, os tubos foram mantidos por duas horas a uma 
temperatura de 37 °C. A digestão do alimento ocorreu 
somente no tubo 1.
De qual órgão do cachorro a enzima foi retirada?",A: Fígado.; B: Pâncreas.; C: Estômago.; D: Vesícula biliar.; E: Intestino delgado.,1.37491,C,2015,adicionado alimento além após baixou banha c cachorro carne clorídrico conteúdos digestão digestório diluída disso distribuída duas ensaio enzima fisiológica hcl horas macarrão mantidos ocorreu ph próximo purificada retirada seguintes sistema solução somente temperatura todos três tubo tubos valor ácido órgão órgãos,A: fígado; B: pâncreas; C: estômago; D: biliar vesícula; E: delgado intestino
63,"Observações astronômicas indicam que no centro 
de nossa galáxia, a Via Láctea, provavelmente exista um 
buraco negro cuja massa é igual a milhares de vezes a 
massa do Sol. Uma técnica simples para estimar a massa 
desse buraco negro consiste em observar algum objeto 
que orbite ao seu redor e medir o período de uma rotação 
completa, T, bem como o raio médio, R, da órbita do objeto, 
que supostamente se desloca, com boa aproximação, em 
movimento circular uniforme. Nessa situação, considere 
que a força resultante, devido ao movimento circular, é 
igual, em magnitude, à força gravitacional que o buraco 
negro exerce sobre o objeto.
A partir do conhecimento do período de rotação, da 
distância média e da constante gravitacional, G, a massa 
do buraco negro é","A: 4p2R 2
GT 
.; B: p2R 3
2GT 
.; C: 2p2R 3
GT 
.; D: 4p2R 3
GT 
.; E: p2R 5
GT 
.",1.74175,D,2015,algum aproximação astronômicas bem boa buraco centro circular completa conhecimento considere consiste constante cuja desloca desse devido distância estimar exerce exista força g galáxia gravitacional igual indicam láctea magnitude massa medir milhares movimento média médio negro nessa objeto observar observações orbite partir período provavelmente r raio redor resultante rotação simples situação sobre sol supostamente t técnica uniforme vezes via órbita,A: gt; B: ; C: gt; D: gt; E: gt
64,"As superbactérias respondem por um número crescente de infecções e mortes em todo o mundo. O termo 
superbactérias é atribuído às bactérias que apresentam resistência a praticamente todos os antibióticos. Dessa forma, 
no organismo de um paciente, a população de uma espécie bacteriana patogênica pode ser constituída principalmente 
por bactérias sensíveis a antibióticos usuais e por um número reduzido de superbactérias que, por mutação ou 
intercâmbio de material genético, tornaram-se resistentes aos antibióticos existentes.
FERREIRA, F. A.; CRUZ, R. S.; FIGUEIREDO, A. M. S. Superbactérias: o problema mundial da resistência a antibióticos. Ciência Hoje, n. 287, nov. 2011 (adaptado).
Qual figura representa o comportamento populacional das bactérias ao longo de uma semana de tratamento 
com um antibiótico comum?","A: 1      2      3      4     5      6      7
Dias de tratamento
Densidade populacional
I
II
I - Bactérias sensíveis ao antibiótico
II -  Bactérias resistentes ao antibiótico; B: 1      2      3      4     5      6      7
I
II
Dias de tratamento
Densidade populacional
I - Bactérias sensíveis ao antibiótico
II -  Bactérias resistentes ao antibiótico; C: 1      2      3      4     5      6      7
I
II
Dias de tratamento
Densidade populacional
I - Bactérias sensíveis ao antibiótico
II -  Bactérias resistentes ao antibiótico; D: 1      2      3      4     5      6      7
I
II
Dias de tratamento
Densidade populacional
I - Bactérias sensíveis ao antibiótico
II -  Bactérias resistentes ao antibiótico; E: 1      2      3      4     5      6      7
I
II
Dias de tratamento
Densidade populacional
I - Bactérias sensíveis ao antibiótico
II -  Bactérias resistentes ao antibiótico",0.80753,B,2015,adaptado antibiótico antibióticos apresentam atribuído bacteriana bactérias ciência comportamento comum constituída crescente cruz dessa espécie existentes f ferreira figueiredo figura forma genético hoje infecções intercâmbio longo m material mortes mundial mundo mutação n nov número organismo paciente patogênica pode populacional população praticamente principalmente problema r reduzido representa resistentes resistência respondem s semana sensíveis superbactérias termo todo todos tornaram tratamento usuais,A: antibiótico bactérias densidade dias i ii populacional resistentes sensíveis tratamento; B: antibiótico bactérias densidade dias i ii populacional resistentes sensíveis tratamento; C: antibiótico bactérias densidade dias i ii populacional resistentes sensíveis tratamento; D: antibiótico bactérias densidade dias i ii populacional resistentes sensíveis tratamento; E: antibiótico bactérias densidade dias i ii populacional resistentes sensíveis tratamento
65,"Em altos-fornos siderúrgicos, as temperaturas acima 
de 600 °C são mensuradas por meio de pirômetros óticos. 
Esses dispositivos apresentam a vantagem de medir a 
temperatura de um objeto aquecido sem necessidade 
de contato. Dentro de um pirômetro ótico, um filamento 
metálico é aquecido pela passagem de corrente elétrica 
até que sua cor seja a mesma que a do objeto aquecido 
em observação. Nessa condição, a temperatura 
conhecida do filamento é idêntica à do objeto aquecido 
em observação.
Disponível em: www.if.usp.br. Acesso em: 4 ago. 2012 (adaptado).
A propriedade da radiação eletromagnética avaliada 
nesse processo é a",A: amplitude.; B: coerência.; C: frequência.; D: intensidade.; E: velocidade.,1.79646,C,2015,acesso acima adaptado ago altos apresentam aquecido avaliada br c condição conhecida contato cor corrente dentro disponível dispositivos eletromagnética elétrica filamento fornos idêntica if medir meio mensuradas mesma metálico necessidade nessa nesse objeto observação passagem pirômetro pirômetros processo propriedade radiação siderúrgicos temperatura temperaturas usp vantagem www ótico óticos,A: amplitude; B: coerência; C: frequência; D: intensidade; E: velocidade
66,"A 
fenilcetonúria 
é 
uma 
doença 
hereditária 
autossômica recessiva, associada à mutação do 
gene PAH, que limita a metabolização do aminoácido 
fenilalanina. Por isso, é obrigatório, por lei, que 
as embalagens de alimentos, como refrigerantes 
dietéticos, informem a presença de fenilalanina em sua 
composição. Uma mulher portadora de mutação para 
o gene PAH tem três filhos normais, com um homem 
normal, cujo pai sofria de fenilcetonúria, devido à 
mesma mutação no gene PAH encontrada em um dos 
alelos da mulher.
Qual a probabilidade de a quarta criança gerada por 
esses pais apresentar fenilcetonúria?","A: 0%; B: 12,5%; C: 25%; D: 50%; E: 75%",2.54187,C,2015,alelos alimentos aminoácido apresentar associada autossômica composição criança cujo devido dietéticos doença embalagens encontrada fenilalanina fenilcetonúria filhos gene gerada hereditária homem informem lei limita mesma metabolização mulher mutação normais normal obrigatório pah pai pais portadora presença probabilidade quarta recessiva refrigerantes sofria três,A: ; B: ; C: ; D: ; E: 
67,"Num sistema de freio convencional, as rodas do 
carro travam e os pneus derrapam no solo, caso a força 
exercida sobre o pedal seja muito intensa. O sistema 
ABS evita o travamento das rodas, mantendo a força de 
atrito no seu valor estático máximo, sem derrapagem. 
O coeficiente de atrito estático da borracha em contato 
com o concreto vale µe = 1,0 e o coeficiente de atrito 
cinético para o mesmo par de materiais é µc = 0,75. Dois 
carros, com velocidades iniciais iguais a 108 km/h, iniciam 
a frenagem numa estrada perfeitamente horizontal de 
concreto no mesmo ponto. O carro 1 tem sistema ABS e 
utiliza a força de atrito estática máxima para a frenagem; 
já o carro 2 trava as rodas, de maneira que a força de 
atrito efetiva é a cinética. Considere g = 10 m/s2.
As distâncias, medidas a partir do ponto em que iniciam 
a frenagem, que os carros 1 (d1) e 2 (d2) percorrem até 
parar são, respectivamente,","A: d1 = 45 m e d2 = 60 m.; B: d1 = 60 m e d2 = 45 m.; C: d1 = 90 m e d2 = 120 m.; D: d1 = 5,8×102 m e d2 = 7,8×102 m.; E: d1 = 7,8×102 m e d2 = 5,8×102 m.",1.56301,A,2015,abs atrito borracha carro carros caso cinética cinético coeficiente concreto considere contato convencional derrapagem derrapam distâncias dois efetiva estrada estática estático evita exercida força freio frenagem g h horizontal iguais iniciais iniciam intensa km m maneira mantendo materiais medidas máxima máximo par parar partir pedal percorrem perfeitamente pneus ponto respectivamente rodas sistema sobre solo trava travam travamento utiliza vale valor velocidades,A: m; B: m; C: m; D: m ×; E: m ×
68,"Cinco indústrias de ramos diferentes foram instaladas 
ao longo do curso de um rio. O descarte dos efluentes 
dessas indústrias acarreta impacto na qualidade de suas 
águas. O pH foi determinado em diferentes pontos desse 
rio, a 25 °C, e os resultados são apresentados no quadro.
Pontos de coleta
Valor do pH
Antes da primeira indústria
5,5
Entre a primeira e a segunda indústria
5,5
Entre a segunda e a terceira indústria
7,5
Entre a terceira e a quarta indústria
7,0
Entre a quarta e a quinta indústria
7,0
Após a quinta indústria
6,5
A indústria que descarta um efluente com características 
básicas é a",A: primeira.; B: segunda.; C: terceira.; D: quarta.; E: quinta.,1.20478,B,2015,acarreta antes apresentados após básicas c características cinco coleta curso descarta descarte dessas desse determinado diferentes efluente efluentes impacto indústria indústrias instaladas longo ph pontos primeira quadro qualidade quarta quinta ramos resultados rio segunda terceira valor águas,A: primeira; B: segunda; C: terceira; D: quarta; E: quinta
69,"O poli(ácido lático) ou PLA é um material de interesse tecnológico por ser um polímero biodegradável e bioabsorvível. 
O ácido lático, um metabólito comum no organismo humano, é a matéria-prima para produção do PLA, de acordo com 
a equação química simplificada:
Ácido d/l-lático
100 ≤ n ≤ 10 000
polimerização
HO
HO
HO
O
O
O
HO
O
CH
CH
CH
CH
O
O
n
Que tipo de polímero de condensação é formado nessa reação?",A: Poliéster.; B: Polivinila.; C: Poliamida.; D: Poliuretana.; E: Policarbonato.,1.17204,A,2015,acordo bioabsorvível biodegradável ch comum condensação d equação formado ho humano interesse l lático material matéria metabólito n nessa organismo pla poli polimerização polímero prima produção química reação simplificada tecnológico tipo ácido,A: poliéster; B: polivinila; C: poliamida; D: poliuretana; E: policarbonato
70,"O alumínio é um metal bastante versátil, pois, a partir dele, podem-se confeccionar materiais amplamente utilizados 
pela sociedade. A obtenção do alumínio ocorre a partir da bauxita, que é purificada e dissolvida em criolita fundida 
(Na3AlF6) e eletrolisada a cerca de 1 000 °C. Há liberação do gás dióxido de carbono (CO2), formado a partir da reação 
de um dos produtos da eletrólise com o material presente nos eletrodos. O ânodo é formado por barras de grafita 
submergidas na mistura fundida. O cátodo é uma caixa de ferro coberta de grafita. A reação global do processo é:
2 Al2O3 (l) + 3 C (s) → 4 Al (l) + 3 CO2 (g)
Na etapa de obtenção do alumínio líquido, as reações que ocorrem no cátodo e ânodo são:","A: cátodo: Al3+ + 3 e− → Al
ânodo 2 O2− → O2 + 4 e−; C: + O2 → CO2; B: cátodo 2 O2− → O2 + 4 e−; C: + O2 → CO2
ânodo: Al3+ + 3 e− → Al; C: cátodo Al3+ + 3 e− → Al
2 O2− → O2 + 4 e−
ânodo: C + O2 → CO2; D: cátodo Al3+ + 3 e− → Al; C: + O2 → CO2
ânodo: 2 O2− → O2 + 4 e−; E: cátodo: 2 O2− → O2 + 4 e−
ânodo
Al3+ + 3 e− → Al; C: + O2 → CO2",2.11971,A,2015,al alumínio amplamente barras bastante bauxita c caixa carbono cerca coberta confeccionar criolita cátodo dissolvida dióxido eletrodos eletrolisada eletrólise etapa ferro formado fundida g global grafita gás l liberação líquido materiais material metal mistura obtenção ocorre ocorrem partir podem pois presente processo produtos purificada reação reações s sociedade submergidas utilizados versátil ânodo,A: al cátodo ânodo; C: ; B: cátodo; C: al ânodo; C: al c cátodo ânodo; D: al cátodo; C: ânodo; E: al cátodo ânodo; C: 
71,"O quadro apresenta a composição do petróleo.
Fração
Faixa de tamanho 
das moléculas
Faixa de ponto de 
ebulição (°C)
Usos
Gás
C1 a C5
−160 a 30
combustíveis gasosos
Gasolina
C5 a C12
30 a 200
combustível de motor
Querosene
C12 a C18
180 a 400
diesel e combustível de alto-forno
Lubrificantes
maior que C16
maior que 350
lubrificantes
Parafinas
maior que C20
sólidos de baixa fusão
velas e fósforos
Asfalto
maior que C30
resíduos pastosos
pavimentação
BROWN, T. L. et al. Química: a ciência central. São Paulo: Person Prentice Hall, 2005.
Para a separação dos constituintes com o objetivo de produzir a gasolina, o método a ser utilizado é a",A: filtração.; B: destilação.; C: decantação.; D: precipitação.; E: centrifugação.,0.6933,B,2015,al alto apresenta asfalto baixa brown c central ciência combustíveis combustível composição constituintes diesel ebulição et faixa forno fração fusão fósforos gasolina gasosos gás hall l lubrificantes maior moléculas motor método objetivo parafinas pastosos paulo pavimentação person petróleo ponto prentice produzir quadro querosene química resíduos separação sólidos t tamanho usos utilizado velas,A: filtração; B: destilação; C: decantação; D: precipitação; E: centrifugação
72,"Um gel vaginal poderá ser um recurso para as mulheres na prevenção contra a aids. Esse produto tem como 
princípio ativo um composto que inibe a transcriptase reversa viral.
Essa ação inibidora é importante, pois a referida enzima","A: corta a dupla hélice do DNA, produzindo um molde para o RNA viral.; B: produz moléculas de DNA viral que vão infectar células sadias.; C: polimeriza molécula de DNA, tendo como molde o RNA viral.; D: promove a entrada do vírus da aids nos linfócitos T.; E: sintetiza os nucleotídeos que compõem o DNA viral.",1.82821,C,2015,aids ativo ação composto contra enzima gel importante inibe inibidora mulheres poderá pois prevenção princípio produto recurso referida reversa transcriptase vaginal viral,A: corta dna dupla hélice molde produzindo rna viral; B: células dna infectar moléculas produz sadias viral vão; C: dna molde molécula polimeriza rna tendo viral; D: aids entrada linfócitos promove t vírus; E: compõem dna nucleotídeos sintetiza viral
73,"O Nylon® é um polímero (uma poliamida) obtido pela reação do ácido adípico com a hexametilenodiamina, como 
indicado no esquema reacional.
O
O
HO
HO
N
N
H
H
O
O
(
)
(
)
(
)
(
)
4
+
+
H N
NH
n
n
ácido hexanodioico
(ácido adípico)
1,6-diamino-hexano
(hexametilenodiamina)
Nylon 6,6
H2O
Na época da invenção desse composto, foi proposta uma nomenclatura comercial, baseada no número de átomos 
de carbono do diácido carboxílico, seguido do número de carbonos da diamina.
De acordo com as informações do texto, o nome comercial de uma poliamida resultante da reação do ácido butanodioico 
com o 1,2-diamino-etano é","A: Nylon 4,3.; B: Nylon 6,2.; C: Nylon 3,4.; D: Nylon 4,2.; E: Nylon 2,6.",1.0304,D,2015,acordo adípico baseada butanodioico carbono carbonos carboxílico comercial composto desse diamina diamino diácido esquema etano h hexametilenodiamina hexano hexanodioico ho indicado informações invenção n nh nome nomenclatura nylon número obtido poliamida polímero proposta reacional reação resultante seguido texto ácido átomos época,A: nylon; B: nylon; C: nylon; D: nylon; E: nylon
74,"O vinagre vem sendo usado desde a Antiguidade 
como conservante de alimentos, bem como agente de 
limpeza e condimento. Um dos principais componentes 
do vinagre é o ácido acético (massa molar  60 g/mol), cuja 
faixa de concentração deve se situar entre 4% a 6% (m/v). 
Em um teste de controle de qualidade foram analisadas 
cinco marcas de diferentes vinagres, e as concentrações 
de ácido acético, em mol/L, se encontram no quadro.
Amostra
Concentração de ácido acético (mol/L)
0,007
0,070
0,150
0,400
0,700
RIZZON, L. A. Sistema de produção de vinagre.
Disponível em: www.sistemasdeproducao.cnptia.embrapa.br. 
 Acesso em: 14 ago. 2012 (adaptado).
A amostra de vinagre que se encontra dentro do limite de 
concentração tolerado é a",A: 1.; B: 2.; C: 3.; D: 4.; E: 5.,1.86626,E,2015,acesso acético adaptado agente ago alimentos amostra analisadas antiguidade bem br cinco cnptia componentes concentração concentrações condimento conservante controle cuja dentro desde deve diferentes disponível embrapa encontra encontram faixa g l limite limpeza m marcas massa mol molar principais produção quadro qualidade rizzon sendo sistema sistemasdeproducao situar teste tolerado usado v vem vinagre vinagres www ácido,A: ; B: ; C: ; D: ; E: 
75,"Os parasitoides são insetos diminutos, que têm 
hábitos bastante peculiares: suas larvas se desenvolvem 
dentro do corpo de outros animais. Em geral, cada 
parasitoide ataca hospedeiros de determinada espécie 
e, por isso, esses organismos vêm sendo amplamente 
usados para o controle biológico de pragas agrícolas.
SANTO, M. M. E. et al. Parasitoides: insetos benéficos e cruéis. 
Ciência Hoje, n. 291, abr. 2012 (adaptado).
O uso desses insetos na agricultura traz benefícios 
ambientais, pois diminui o(a)",A: tempo de produção agrícola.; B: diversidade de insetos-praga.; C: aplicação de inseticidas tóxicos.; D: emprego de fertilizantes agrícolas.; E: necessidade de combate a ervas daninhas.,0.28914,C,2015,abr adaptado agricultura agrícolas al ambientais amplamente animais ataca bastante benefícios benéficos biológico cada ciência controle corpo cruéis dentro desenvolvem desses determinada diminui diminutos espécie et geral hoje hospedeiros hábitos insetos larvas m n organismos outros parasitoide parasitoides peculiares pois pragas santo sendo traz têm usados uso vêm,A: agrícola produção tempo; B: diversidade insetos praga; C: aplicação inseticidas tóxicos; D: agrícolas emprego fertilizantes; E: combate daninhas ervas necessidade
76,"A figura representa uma embalagem cartonada e 
sua constituição em multicamadas. De acordo com as 
orientações do fabricante, essas embalagens não devem 
ser utilizadas em fornos micro-ondas.
polietileno.....
alumínio......
polietileno...
papel...........
polietileno....
NASCIMENTO, R. M. M. et al. Embalagem cartonada longa vida: lixo ou luxo? 
Química Nova na Escola, n. 25, maio 2007 (adaptado).
A restrição citada deve-se ao fato de a","A: embalagem aberta se expandir pela pressão do vapor 
formado em seu interior.; B: camada de polietileno se danificar, colocando o 
alumínio em contato com o alimento.; C: fina camada de alumínio blindar a radiação, não 
permitindo que o alimento se aqueça.; D: absorção de radiação pelo papel, que se aquece e 
pode levar à queima da camada de polietileno.; E: geração de centelhas na camada de alumínio, 
que pode levar à queima da camada de papel e de 
polietileno.
	",1.14246,E,2015,acordo adaptado al alumínio cartonada citada constituição deve devem embalagem embalagens escola et fabricante fato figura fornos lixo longa luxo m maio micro multicamadas n nascimento nova ondas orientações papel polietileno química r representa restrição utilizadas vida,A: aberta embalagem expandir formado interior pressão vapor; B: alimento alumínio camada colocando contato danificar polietileno; C: alimento alumínio aqueça blindar camada fina permitindo radiação; D: absorção aquece camada levar papel pode polietileno queima radiação; E: alumínio camada centelhas geração levar papel pode polietileno queima
77,"No manual de uma torneira elétrica são fornecidas 
instruções básicas de instalação para que o produto 
funcione corretamente:
•	
Se a torneira for conectada à caixa-d’água 
domiciliar, a pressão da água na entrada da 
torneira deve ser no mínimo 18 kPa e no máximo 
38 kPa.
•	
Para pressões da água entre 38 kPa e 75 kPa 
ou água proveniente diretamente da rede pública, 
é necessário utilizar o redutor de pressão que 
acompanha o produto.
•	
Essa torneira elétrica pode ser instalada em um 
prédio ou em uma casa. 
Considere a massa específica da água 1 000 kg/m3 e a 
aceleração da gravidade 10 m/s2.
Caixa-d’água
Altura h
Torneira elétrica
Para que a torneira funcione corretamente, sem o uso 
do redutor de pressão, quais deverão ser a mínima e a 
máxima altura entre a torneira e a caixa-d’água?","A: 1,8 m e 3,8 m; B: 1,8 m e 7,5 m; C: 3,8 m e 7,5 m; D: 18 m e 38 m; E: 18 m e 75 m",1.42495,A,2015,aceleração acompanha altura básicas caixa casa conectada considere corretamente d deve deverão diretamente domiciliar elétrica entrada específica fornecidas funcione gravidade h instalada instalação instruções kg kpa m manual massa máxima máximo mínima mínimo necessário pode pressão pressões produto proveniente prédio pública quais rede redutor torneira uso utilizar água,A: m; B: m; C: m; D: m; E: m
78,"De acordo com estatísticas do Ministério da 
Saúde, cerca de 5% das pessoas com dengue 
hemorrágica morrem. A dengue hemorrágica tem como 
base fisiopatológica uma resposta imune anômala, 
causando aumento da permeabilidade de vasos 
sanguíneos, queda da pressão arterial e manifestações 
hemorrágicas, podendo ocorrer manchas vermelhas 
na pele e sangramento pelo nariz, boca e gengivas. 
O hemograma do paciente pode apresentar como 
resultado leucopenia (diminuição do número de glóbulos 
brancos), linfocitose (aumento do número de linfócitos), 
aumento do hematócrito e trombocitopenia (contagem de 
plaquetas abaixo de 100 000/mm3).
Disponível em: www.ciencianews.com.br. Acesso em: 28 fev. 2012 (adaptado).
Relacionando os sintomas apresentados pelo paciente 
com dengue hemorrágica e os possíveis achados do 
hemograma, constata-se que","A: as manifestações febris ocorrem em função da 
diminuição dos glóbulos brancos, uma vez que estes 
controlam a temperatura do corpo.; B: a queda na pressão arterial é ocasionada pelo 
aumento do número de linfócitos, que têm como 
função principal a produção de anticorpos.; C: o sangramento pelo nariz, pela boca e gengiva é 
ocasionado pela quantidade reduzida de plaquetas, 
que são responsáveis pelo transporte de oxigênio.; D: as manifestações hemorrágicas estão associadas 
à trombocitopenia, uma vez que as plaquetas estão 
envolvidas na cascata de coagulação sanguínea.; E: os sangramentos observados ocorrem em função 
da linfocitose, uma vez que os linfócitos são 
responsáveis pela manutenção da integridade dos 
vasos sanguíneos.
	",0.70934,D,2015,abaixo acesso achados acordo adaptado anômala apresentados apresentar arterial aumento base boca br brancos causando cerca ciencianews constata contagem dengue diminuição disponível estatísticas fev fisiopatológica gengivas glóbulos hematócrito hemograma hemorrágica hemorrágicas imune leucopenia linfocitose linfócitos manchas manifestações ministério morrem nariz número ocorrer paciente pele permeabilidade pessoas plaquetas pode podendo possíveis pressão queda relacionando resposta resultado sangramento sanguíneos saúde sintomas trombocitopenia vasos vermelhas www,A: brancos controlam corpo diminuição febris função glóbulos manifestações ocorrem temperatura vez; B: anticorpos arterial aumento função linfócitos número ocasionada pressão principal produção queda têm; C: boca gengiva nariz ocasionado oxigênio plaquetas quantidade reduzida responsáveis sangramento transporte; D: associadas cascata coagulação envolvidas hemorrágicas manifestações plaquetas sanguínea trombocitopenia vez; E: função integridade linfocitose linfócitos manutenção observados ocorrem responsáveis sangramentos sanguíneos vasos vez
79,"O caramujo gigante africano, Achatina fulica, é uma espécie exótica que tem despertado o interesse das 
autoridades brasileiras, uma vez que tem causado danos ambientais e prejuízos econômicos à agricultura. 
A introdução da espécie no Brasil ocorreu clandestinamente, com o objetivo de ser utilizada na alimentação humana. 
Porém, o molusco teve pouca aceitação no comércio de alimentos, o que resultou em abandono e liberação 
intencional das criações por vários produtores. Por ser uma espécie herbívora generalista (alimenta-se de mais 
de 500 espécies diferentes de vegetais), com grande capacidade reprodutiva, tornou-se uma praga agrícola de 
difícil erradicação. Associada a isto, a ausência de predadores naturais fez com que ocorresse um crescimento 
descontrolado da população.
O desequilíbrio da cadeia alimentar observado foi causado pelo aumento da densidade populacional de","A: consumidores terciários, em função da elevada disponibilidade de consumidores secundários.; B: consumidores primários, em função da ausência de consumidores secundários.; C: consumidores secundários, em função da ausência de consumidores primários.; D: consumidores terciários, em função da elevada disponibilidade de produtores.; E: consumidores primários, em função do aumento de produtores.",0.58043,B,2015,abandono aceitação achatina africano agricultura agrícola alimenta alimentar alimentação alimentos ambientais associada aumento ausência autoridades brasil brasileiras cadeia capacidade caramujo causado clandestinamente comércio crescimento criações danos densidade descontrolado desequilíbrio despertado diferentes difícil econômicos erradicação espécie espécies exótica fez fulica generalista gigante grande herbívora humana intencional interesse introdução liberação molusco naturais objetivo observado ocorresse ocorreu populacional população porém pouca praga predadores prejuízos produtores reprodutiva resultou tornou utilizada vegetais vez vários,A: consumidores disponibilidade elevada função secundários terciários; B: ausência consumidores função primários secundários; C: ausência consumidores função primários secundários; D: consumidores disponibilidade elevada função produtores terciários; E: aumento consumidores função primários produtores
80,"O álcool utilizado como combustível automotivo (etanol hidratado) deve apresentar uma taxa máxima de água em 
sua composição para não prejudicar o funcionamento do motor. Uma maneira simples e rápida de estimar a quantidade 
de etanol em misturas com água é medir a densidade da mistura. O gráfico mostra a variação da densidade da mistura 
(água e etanol) com a fração percentual da massa de etanol (fe), dada pela expressão
fe = 100 × 
me 
(me + ma)
 ,
em que me e ma são as massas de etanol e de água na mistura, respectivamente, a uma temperatura de 20 °C.
30
70
fe
0,98
0,96
0,94
0,92
0,9
0,88
0,86
0,84
0,82
0,8
0,78
0,76
ρ (g/cm³)
 
Disponível em: www.handymath.com. Acesso em: 8 ago. 2012.
Suponha que, em uma inspeção de rotina realizada em determinado posto, tenha-se verificado que 50,0 cm3 de álcool 
combustível tenham massa igual a 45,0 g. Qual é a fração percentual de etanol nessa mistura?",A: 7%; B: 10%; C: 55%; D: 90%; E: 93%,1.3471,C,2015,acesso ago apresentar automotivo c combustível composição dada densidade determinado deve disponível estimar etanol expressão fe fração funcionamento g gráfico handymath hidratado igual inspeção ma maneira massa massas medir mistura misturas mostra motor máxima nessa percentual posto prejudicar quantidade realizada respectivamente rotina rápida simples suponha taxa temperatura utilizado variação verificado www água álcool,A: ; B: ; C: ; D: ; E: 
81,"A 
toxina 
botulínica 
(produzida 
pelo 
bacilo 
Clostridium botulinum) pode ser encontrada em 
alimentos malconservados, causando até a morte de 
consumidores. No entanto, essa toxina modificada 
em laboratório está sendo usada cada vez mais 
para melhorar a qualidade de vida das pessoas com 
problemas físicos e/ou estéticos, atenuando problemas 
como o blefaroespasmo, que provoca contrações 
involuntárias das pálpebras.
BACHUR, T. P. R. et al. Toxina botulínica: de veneno a tratamento. Revista Eletrônica 
Pesquisa Médica, n. 1, jan.-mar. 2009 (adaptado).
O alívio dos sintomas do blefaroespasmo é consequência 
da ação da toxina modificada sobre o tecido","A: glandular, uma vez que ela impede a produção de 
secreção de substâncias na pele.; B: muscular, uma vez que ela provoca a paralisia das 
fibras que formam esse tecido.; C: epitelial, uma vez que ela leva ao aumento da camada 
de queratina que protege a pele.; D: conjuntivo, uma vez que ela aumenta a quantidade de 
substância intercelular no tecido.; E: adiposo, uma vez que ela reduz a espessura da 
camada de células de gordura do tecido.",0.3369,B,2015,adaptado al alimentos alívio atenuando ação bachur bacilo blefaroespasmo botulinum botulínica cada causando clostridium consequência consumidores contrações eletrônica encontrada entanto estéticos et físicos involuntárias jan laboratório malconservados mar melhorar modificada morte médica n p pesquisa pessoas pode problemas produzida provoca pálpebras qualidade r revista sendo sintomas sobre t tecido toxina tratamento usada veneno vez vida,A: glandular impede pele produção secreção substâncias vez; B: fibras formam muscular paralisia provoca tecido vez; C: aumento camada epitelial leva pele protege queratina vez; D: aumenta conjuntivo intercelular quantidade substância tecido vez; E: adiposo camada células espessura gordura reduz tecido vez
82,"A cafeína é um alcaloide, identificado como 
1,3,7-trimetilxantina (massa molar igual a 194 g/mol), 
cuja estrutura química contém uma unidade de purina, 
conforme representado. Esse alcaloide é encontrado em 
grande quantidade nas sementes de café e nas folhas de 
chá-verde. Uma xícara de café contém, em média, 80 mg 
de cafeína.
CH3
CH
N
N
N
N
O
O
H C
MARIA, C. A. B.; MOREIRA, R. F. A. Cafeína: revisão sobre métodos de análise. 
Química Nova, n. 1, 2007 (adaptado).
Considerando que a xícara descrita contém um volume 
de 200 mL de café, a concentração, em mol/L, de cafeína 
nessa xícara é mais próxima de:","A: 0,0004.; B: 0,002.; C: 0,4.; D: 2.; E: 4.",1.12376,B,2015,adaptado alcaloide análise b c cafeína café ch chá concentração conforme considerando contém cuja descrita encontrado estrutura f folhas g grande h identificado igual l maria massa mg ml mol molar moreira média métodos n nessa nova próxima purina quantidade química r representado revisão sementes sobre trimetilxantina unidade verde volume xícara,A: ; B: ; C: ; D: ; E: 
83,"A reprodução vegetativa de plantas por meio de 
estacas é um processo natural. O homem, observando 
esse processo, desenvolveu uma técnica para propagar 
plantas em escala comercial.
A base genética dessa técnica é semelhante àquela 
presente no(a)",A: transgenia.; B: clonagem.; C: hibridização.; D: controle biológico.; E: melhoramento genético.,1.82323,B,2015,base comercial desenvolveu dessa escala estacas genética homem meio natural observando plantas presente processo propagar reprodução semelhante técnica vegetativa àquela,A: transgenia; B: clonagem; C: hibridização; D: biológico controle; E: genético melhoramento
84,"O acúmulo de plásticos na natureza pode levar a 
impactos ambientais negativos, tanto em ambientes 
terrestres quanto aquáticos. Uma das formas de 
minimizar esse problema é a reciclagem, para a qual é 
necessária a separação dos diferentes tipos de plásticos. 
Em um processo de separação foi proposto o seguinte 
procedimento:
I.	
Coloque a mistura de plásticos picados em um 
tanque e acrescente água até a metade da sua 
capacidade.
II.	 Mantenha essa mistura em repouso por cerca de 
10 minutos.
III.	 Retire os pedaços que flutuaram e transfira-os 
para outro tanque com uma solução de álcool.
IV.	 Coloque os pedaços sedimentados em outro 
tanque com solução de sal e agite bem.
Qual propriedade da matéria possibilita a utilização do 
procedimento descrito?","A: Massa.; B: Volume.; C: Densidade.; D: Porosidade.; E: Maleabilidade.
	",0.33164,C,2015,acrescente acúmulo agite ambientais ambientes aquáticos bem capacidade cerca coloque descrito diferentes flutuaram formas i ii iii impactos iv levar mantenha matéria metade minimizar minutos mistura natureza necessária negativos outro pedaços picados plásticos pode possibilita problema procedimento processo proposto propriedade quanto reciclagem repouso retire sal sedimentados seguinte separação solução tanque tanto terrestres tipos transfira utilização água álcool,A: massa; B: volume; C: densidade; D: porosidade; E: maleabilidade
85,"Para irrigar sua plantação, um produtor rural construiu 
um reservatório a 20 metros de altura a partir da barragem 
de onde será bombeada a água. Para alimentar o motor 
elétrico das bombas, ele instalou um painel fotovoltaico. 
A potência do painel varia de acordo com a incidência 
solar, chegando a um valor de pico de 80 W ao meio-dia. 
Porém, entre as 11 horas e 30 minutos e as 12 horas e 
30 minutos, disponibiliza uma potência média de 50 W. 
Considere a aceleração da gravidade igual a 10 m/s2 e 
uma eficiência de transferência energética de 100%.
Qual é o volume de água, em litros, bombeado para o 
reservatório no intervalo de tempo citado?",A: 150; B: 250; C: 450; D: 900; E: 1 440,1.81809,D,2015,aceleração acordo alimentar altura barragem bombas bombeada bombeado chegando citado considere construiu dia disponibiliza eficiência elétrico energética fotovoltaico gravidade horas igual incidência instalou intervalo irrigar litros m meio metros minutos motor média onde painel partir pico plantação porém potência produtor reservatório rural solar tempo transferência valor varia volume w água,A: ; B: ; C: ; D: ; E: 
86,"A fotografia feita sob luz polarizada é usada por 
dermatologistas para diagnósticos. Isso permite ver 
detalhes da superfície da pele que não são visíveis com o 
reflexo da luz branca comum. Para se obter luz polarizada, 
pode-se utilizar a luz transmitida por um polaroide ou a 
luz refletida por uma superfície na condição de Brewster, 
como mostra a figura. Nessa situação, o feixe da luz 
refratada forma um ângulo de 90° com o feixe da luz 
refletida, fenômeno conhecido como Lei de Brewster. 
Nesse caso, o ângulo de incidência θp , também chamado 
de ângulo de polarização, e o ângulo de refração θr  estão 
em conformidade com a Lei de Snell.
Raio de luz incidente
(não polarizado)
Raio de luz refletido
(polarizado)
Raio de luz refratado
(parcialmente polarizado)
Lâmina
θp
θp
θr
sen 30° = cos 60° =  
sen 60° = cos 30° =  √3
Dado:
Considere um feixe de luz não polarizada proveniente 
de um meio com índice de refração igual a 1, que incide 
sobre uma lâmina e faz um ângulo de refração θr de 30°.
Nessa situação, qual deve ser o índice de refração da 
lâmina para que o feixe refletido seja polarizado?",A: √3; B: √3/3; C: 2; D: 1/2; E:√3/2,1.7766,A,2015,branca brewster caso chamado comum condição conformidade conhecido considere cos dado dermatologistas detalhes deve diagnósticos faz feita feixe fenômeno figura forma fotografia igual incide incidente incidência lei luz lâmina meio mostra nessa nesse obter parcialmente pele permite pode polarizada polarizado polarização polaroide proveniente raio refletida refletido reflexo refratada refratado refração sen situação snell sob sobre superfície transmitida usada utilizar ver visíveis ângulo índice,A: ; B: ; C: ; D: 
87,"Na natureza a matéria é constantemente transformada 
por meio dos ciclos biogeoquímicos. Além do ciclo 
da água, existem os ciclos do carbono, do enxofre, do 
fósforo, do nitrogênio e do oxigênio.
O elemento que está presente em todos os ciclos 
nomeados é o",A: fósforo.; B: enxofre.; C: carbono.; D: oxigênio.; E: nitrogênio.,-0.11164,D,2015,além biogeoquímicos carbono ciclo ciclos constantemente elemento enxofre existem fósforo matéria meio natureza nitrogênio nomeados oxigênio presente todos transformada água,A: fósforo; B: enxofre; C: carbono; D: oxigênio; E: nitrogênio
88,"Bioindicador ou indicador biológico é uma espécie 
ou grupo de espécies que reflete o estado biótico ou 
abiótico de um meio ambiente, o impacto produzido sobre 
um hábitat, comunidade ou ecossistema, entre outras 
funções. A posição trófica do organismo bioindicador é 
uma das características mais relevantes quanto ao seu 
grau de importância para essa função: quanto mais baixo 
o nível trófico do organismo, maior é a sua utilidade, pois 
pressupõe-se que toda a cadeia trófica é contaminada a 
partir dele.
ANDRÉA, M. M. Bioindicadores ecotoxicológicos de agrotóxicos.
Disponível em: www.biologico.sp.gov.br. Acesso em: 11 mar. 2013 (adaptado).
O grupo de organismos mais adequado para essa 
condição, do ponto de vista da sua posição na cadeia 
trófica, é constituído por",A: algas.; B: peixes.; C: baleias.; D: camarões.; E: anêmonas.,0.13497,A,2015,abiótico acesso adaptado adequado agrotóxicos ambiente andréa baixo bioindicador bioindicadores biologico biológico biótico br cadeia características comunidade condição constituído contaminada disponível ecossistema ecotoxicológicos espécie espécies estado função funções gov grau grupo hábitat impacto importância indicador m maior mar meio nível organismo organismos outras partir pois ponto posição pressupõe produzido quanto reflete relevantes sobre sp toda trófica trófico utilidade vista www,A: algas; B: peixes; C: baleias; D: camarões; E: anêmonas
89,"Durante uma aula experimental de física, os 
estudantes construíram um sistema ressonante com 
pêndulos simples. As características de cada pêndulo 
são apresentadas no quadro. Inicialmente, os estudantes 
colocaram apenas o pêndulo A para oscilar.
Pêndulo 
Massa 
Comprimento 
do barbante
A 
M 
 L
M  
 L
M 
 2L
2M 
L
M 
L
 2M 
L
Quais pêndulos, além desse, passaram também a oscilar?","A: 1, 2, 3, 4 e 5.; B: 1, 2 e 3.; C: 1 e 4.; D: 1 e 5.; E: 3 e 4.",4.52893,D,2015,além apenas apresentadas aula barbante cada características colocaram comprimento construíram desse durante estudantes experimental física inicialmente l m massa oscilar passaram pêndulo pêndulos quadro quais ressonante simples sistema,A: ; B: ; C: ; D: ; E: 
90,"CO2
C6H12O6
No esquema representado, o processo identificado pelo 
número 2 é realizado por",A: seres herbívoros.; B: fungos fermentadores.; C: bactérias heterótrofas.; D: organismos produtores.; E: microrganismos decompositores.,1.02035,D,2015,esquema identificado número processo realizado representado,A: herbívoros seres; B: fermentadores fungos; C: bactérias heterótrofas; D: organismos produtores; E: decompositores microrganismos
46,"Christiaan Huygens, em 1656, criou o relógio de pêndulo. Nesse dispositivo, a pontualidade baseia-se na regularidade das pequenas oscilações do pêndulo. Para manter a precisão desse relógio, diversos problemas foram contornados. Por exemplo, a haste passou por ajustes até que, no início do século XX, houve uma inovação, que foi sua fabricação usando uma liga metálica que se comporta regularmente em um largo intervalo de temperaturas. Desprezando a presença de forças dissipativas e considerando a aceleração da gravidade constante, para que esse tipo de relógio realize corretamente a contagem do tempo, é necessário que o(a)",A: comprimento da haste seja mantido constante.; B: massa do corpo suspenso pela haste seja pequena.; C: material da haste possua alta condutividade térmica.; D: amplitude da oscilação seja constante a qualquer temperatura.; E: energia potencial gravitacional do corpo suspenso se mantenha constante.,1.92589,A,2014,aceleração ajustes baseia christiaan comporta considerando constante contagem contornados corretamente criou desprezando desse dispositivo dissipativas diversos exemplo fabricação forças gravidade haste huygens inovação intervalo início largo liga manter metálica necessário nesse oscilações passou pequenas pontualidade precisão presença problemas pêndulo realize regularidade regularmente relógio século temperaturas tempo tipo usando xx,A: comprimento constante haste mantido; B: corpo haste massa pequena suspenso; C: alta condutividade haste material possua térmica; D: amplitude constante oscilação qualquer temperatura; E: constante corpo energia gravitacional mantenha potencial suspenso
47,"Na década de 1940, na Região Centro-Oeste, produtores rurais, cujos bois, porcos, aves e cabras estavam morrendo por uma peste desconhecida, fizeram uma promessa, que consistiu em não comer carne e derivados até que a peste fosse debelada. Assim, durante três meses, arroz, feijão, verduras e legumes formaram o prato principal desses produtores. Para suprir o déficit nutricional a que os produtores rurais se submeteram durante o período da promessa, foi importante eles terem consumido alimentos ricos em",A: vitaminas A e E.; B: frutose e sacarose.; C: aminoácidos naturais.; D: aminoácidos essenciais.; E: ácidos graxos saturados.,1.18738,D,2014,alimentos arroz assim aves bois cabras carne centro comer consistiu consumido cujos debelada derivados desconhecida desses durante década déficit feijão fizeram formaram importante legumes meses morrendo nutricional oeste período peste porcos prato principal produtores promessa região ricos rurais submeteram suprir terem três verduras,A: vitaminas; B: frutose sacarose; C: aminoácidos naturais; D: aminoácidos essenciais; E: graxos saturados ácidos
48,"A liberação dos gases clorofluorcarbonos (CFCs) na atmosfera pode provocar depleção de ozônio (O3) na estratosfera. O ozônio estratosférico é responsável por absorver parte da radiação ultravioleta emitida pelo Sol, a qual é nociva aos seres vivos. Esse processo, na camada de ozônio, é ilustrado simplificadamente na figura. Quimicamente, a destruição do ozônio na atmosfera por gases CFCs é decorrência da","A: clivagem da molécula de ozônio pelos CFCs para produzir espécies radicalares.; B: produção de oxigênio molecular a partir de ozônio, catalisada por átomos de cloro.; C: oxidação do monóxido de cloro por átomos de oxigênio para produzir átomos de cloro.; D: reação direta entre os CFCs e o ozônio para produzir oxigênio molecular e monóxido de cloro.; E: reação de substituição de um dos átomos de oxigênio na molécula de ozônio por átomos de cloro.",2.04165,B,2014,absorver atmosfera camada cfcs clorofluorcarbonos decorrência depleção destruição emitida estratosfera estratosférico figura gases ilustrado liberação nociva ozônio parte pode processo provocar quimicamente radiação responsável seres simplificadamente sol ultravioleta vivos,A: cfcs clivagem espécies molécula ozônio produzir radicalares; B: catalisada cloro molecular oxigênio ozônio partir produção átomos; C: cloro monóxido oxidação oxigênio produzir átomos; D: cfcs cloro direta molecular monóxido oxigênio ozônio produzir reação; E: cloro molécula oxigênio ozônio reação substituição átomos
49,"O potencial brasileiro para transformar lixo em energia permanece subutilizado — apenas pequena parte dos resíduos brasileiros é utilizada para gerar energia. Contudo, bons exemplos são os aterros sanitários, que utilizam a principal fonte de energia ali produzida. Alguns aterros vendem créditos de carbono com base no Mecanismo de Desenvolvimento Limpo (MDL), do Protocolo de Kyoto. Essa fonte de energia subutilizada, citada no texto, é o","A: etanol, obtido a partir da decomposição da matéria orgânica por bactérias.; B: gás natural, formado pela ação de fungos decompositores da matéria orgânica.; C: óleo de xisto, obtido pela decomposição da matéria orgânica pelas bactérias anaeróbias.; D: gás metano, obtido pela atividade de bactérias anaeróbias na decomposição da matéria orgânica.; E: gás liquefeito de petróleo, obtido pela decomposição de vegetais presentes nos restos de comida.",0.51719,D,2014,alguns ali apenas aterros base bons brasileiro brasileiros carbono citada contudo créditos desenvolvimento energia exemplos fonte gerar kyoto limpo lixo mdl mecanismo parte pequena permanece potencial principal produzida protocolo resíduos sanitários subutilizada subutilizado texto transformar utilizada utilizam vendem,A: bactérias decomposição etanol matéria obtido orgânica partir; B: ação decompositores formado fungos gás matéria natural orgânica; C: anaeróbias bactérias decomposição matéria obtido orgânica xisto óleo; D: anaeróbias atividade bactérias decomposição gás matéria metano obtido orgânica; E: comida decomposição gás liquefeito obtido petróleo presentes restos vegetais
50,"É comum aos fotógrafos tirar fotos coloridas em ambientes iluminados por lâmpadas fluorescentes, que contêm uma forte composição de luz verde. A consequência desse fato na fotografia é que todos os objetos claros, principalmente os brancos, aparecerão esverdeados. Para equilibrar as cores, deve-se usar um filtro adequado para diminuir a intensidade da luz verde que chega aos sensores da câmera fotográfica. Na escolha desse filtro, utiliza-se o conhecimento da composição das cores-luz primárias: vermelho, verde e azul; e das cores-luz secundárias: amarelo = vermelho + verde, ciano = verde + azul e magenta = vermelho + azul. Na situação descrita, qual deve ser o filtro utilizado para que a fotografia apresente as cores naturais dos objetos?",A: Ciano.; B: Verde.; C: Amarelo.; D: Magenta.; E: Vermelho.,2.1268,D,2014,adequado amarelo ambientes aparecerão apresente azul brancos chega ciano claros coloridas composição comum conhecimento consequência contêm cores câmera descrita desse deve diminuir equilibrar escolha esverdeados fato filtro fluorescentes forte fotografia fotográfica fotos fotógrafos iluminados intensidade luz lâmpadas magenta naturais objetos primárias principalmente secundárias sensores situação tirar todos usar utiliza utilizado verde vermelho,A: ciano; B: verde; C: amarelo; D: magenta; E: vermelho
51,"Para impedir a contaminação microbiana do suprimento de água, deve-se eliminar as emissões de efluentes e, quando necessário, tratá-lo com desinfetante. O ácido hipocloroso (HClO), produzido pela reação entre cloro e água, é um dos compostos mais empregados como desinfetante. Contudo, ele não atua somente como oxidante, mas também como um ativo agente de cloração. A presença de matéria orgânica dissolvida no suprimento de água clorada pode levar à formação de clorofórmio (CHCl3) e outras espécies orgânicas cloradas tóxicas. Visando eliminar da água o clorofórmio e outras moléculas orgânicas, o tratamento adequado é a","A: filtração, com o uso de filtros de carvão ativo.; B: fluoretação, pela adição de fluoreto de sódio.; C: coagulação, pela adição de sulfato de alumínio.; D: correção do pH, pela adição de carbonato de sódio.; E: floculação, em tanques de concreto com a água em movimento.",,A,2014,adequado agente ativo atua clorada cloradas cloração cloro clorofórmio compostos contaminação contudo desinfetante deve dissolvida efluentes eliminar emissões empregados espécies formação hclo hipocloroso impedir levar lo matéria microbiana moléculas necessário orgânica orgânicas outras oxidante pode presença produzido reação somente suprimento tratamento tratá tóxicas visando ácido água,A: ativo carvão filtração filtros uso; B: adição fluoretação fluoreto sódio; C: adição alumínio coagulação sulfato; D: adição carbonato correção ph sódio; E: concreto floculação movimento tanques água
52,"A talidomida é um sedativo leve e foi muito utilizado no tratamento de náuseas, comuns no início da gravidez. Quando foi lançada, era considerada segura para o uso de grávidas, sendo administrada como uma mistura racêmica composta pelos seus dois enantiômeros (R e S). Entretanto, não se sabia, na época, que o enantiômero S leva à malformação congênita, afetando principalmente o desenvolvimento normal dos braços e pernas do bebê. Essa malformação congênita ocorre porque esses enantiômeros",A: reagem entre si.; B: não podem ser separados.; C: não estão presentes em partes iguais.; D: interagem de maneira distinta com o organismo.; E: são estruturas com diferentes grupos funcionais.,0.78035,D,2014,administrada afetando bebê braços composta comuns congênita considerada desenvolvimento dois enantiômero enantiômeros entretanto gravidez grávidas início lançada leva leve malformação mistura normal náuseas ocorre pernas porque principalmente r racêmica s sabia sedativo segura sendo talidomida tratamento uso utilizado época,A: reagem si; B: podem separados; C: iguais partes presentes; D: distinta interagem maneira organismo; E: diferentes estruturas funcionais grupos
53,"Embora seja um conceito fundamental para a biologia, o termo “evolução” pode adquirir significados diferentes no senso comum. A ideia de que a espécie humana é o ápice do processo evolutivo é amplamente difundida, mas não é compartilhada por muitos cientistas. Para esses cientistas, a compreensão do processo citado baseia-se na ideia de que os seres vivos, ao longo do tempo, passam por",A: modificação de características.; B: incremento no tamanho corporal.; C: complexificação de seus sistemas.; D: melhoria de processos e estruturas.; E: especialização para uma determinada finalidade.,,A,2014,adquirir amplamente baseia biologia cientistas citado compartilhada compreensão comum conceito diferentes difundida embora espécie evolutivo evolução fundamental humana ideia longo muitos passam pode processo senso seres significados tempo termo vivos ápice,A: características modificação; B: corporal incremento tamanho; C: complexificação sistemas; D: estruturas melhoria processos; E: determinada especialização finalidade
54,"O biodiesel não é classificado como uma substância pura, mas como uma mistura de ésteres derivados dos ácidos graxos presentes em sua matéria-prima. As propriedades do biodiesel variam com a composição do óleo vegetal ou gordura animal que lhe deu origem, por exemplo, o teor de ésteres saturados é responsável pela maior estabilidade do biodiesel frente à oxidação, o que resulta em aumento da vida útil do biocombustível. O quadro ilustra o teor médio de ácidos graxos de algumas fontes oleaginosas. Qual das fontes oleaginosas apresentadas produziria um biodiesel de maior resistência à oxidação?",A: Milho.; B: Palma.; C: Canola.; D: Algodão.; E: Amendoim.,1.75228,B,2014,algumas animal apresentadas aumento biocombustível biodiesel classificado composição derivados deu estabilidade exemplo fontes frente gordura graxos ilustra maior matéria mistura médio oleaginosas origem oxidação presentes prima produziria propriedades pura quadro resistência responsável resulta saturados substância teor variam vegetal vida ácidos ésteres óleo útil,A: milho; B: palma; C: canola; D: algodão; E: amendoim
55,"Uma pessoa, lendo o manual de uma ducha que acabou de adquirir para a sua casa, observa o gráfico, que relaciona a vazão na ducha com a pressão, medida em metros de coluna de água (mca). Nessa casa residem quatro pessoas. Cada uma delas toma um banho por dia, com duração média de 8 minutos, permanecendo o registro aberto com vazão máxima durante esse tempo. A ducha é instalada em um ponto seis metros abaixo do nível da lâmina de água, que se mantém constante dentro do reservatório. Ao final de 30 dias, esses banhos consumirão um volume de água, em litros, igual a",A: 69 120.; B: 17 280.; C: 11 520.; D: 8 640.; E: 2 880.,0.95877,C,2014,abaixo aberto acabou adquirir banho banhos cada casa coluna constante consumirão dentro dia dias ducha durante duração final gráfico igual instalada lendo litros lâmina mantém manual mca medida metros minutos máxima média nessa nível observa permanecendo pessoa pessoas ponto pressão quatro registro relaciona reservatório residem seis tempo toma vazão volume água,A: ; B: ; C: ; D: ; E: 
56,"Diesel é uma mistura de hidrocarbonetos que também apresenta enxofre em sua composição. Esse enxofre é um componente indesejável, pois o trióxido de enxofre gerado é um dos grandes causadores da chuva ácida. Nos anos 1980, não havia regulamentação e era utilizado óleo diesel com 13 000 ppm de enxofre. Em 2009, o diesel passou a ter 1 800 ppm de enxofre (S1800) e, em seguida, foi inserido no mercado o diesel S500 (500 ppm). Em 2012, foi difundido o diesel S50, com 50 ppm de enxofre em sua composição. Atualmente, é produzido um diesel com teores de enxofre ainda menores. A substituição do diesel usado nos anos 1980 por aquele difundido em 2012 permitiu uma redução percentual de emissão de SO3 de","A: 86,2%.; B: 96,2%.; C: 97,2%.; D: 99,6%.; E: 99,9%.",0.97713,D,2014,ainda anos apresenta atualmente causadores chuva componente composição diesel difundido emissão enxofre gerado grandes havia hidrocarbonetos indesejável inserido menores mercado mistura passou percentual permitiu pois ppm produzido redução regulamentação seguida substituição teores ter trióxido usado utilizado ácida óleo,A: ; B: ; C: ; D: ; E: 
57,"Um sistema de iluminação foi construído com um circuito de três lâmpadas iguais conectadas a um gerador (G) de tensão constante. Esse gerador possui uma chave que pode ser ligada nas posições A ou B. Considerando o funcionamento do circuito dado, a lâmpada 1 brilhará mais quando a chave estiver na posição","A: B, pois a corrente será maior nesse caso.; B: B, pois a potência total será maior nesse caso.; C: A, pois a resistência equivalente será menor nesse caso.; D: B, pois o gerador fornecerá uma maior tensão nesse caso.; E: A, pois a potência dissipada pelo gerador será menor nesse caso.",1.58493,C,2014,b brilhará chave circuito conectadas considerando constante construído dado funcionamento g gerador iguais iluminação ligada lâmpada lâmpadas pode posição posições possui sistema tensão três,A: b caso corrente maior nesse pois; B: b caso maior nesse pois potência total; C: caso equivalente menor nesse pois resistência; D: b caso fornecerá gerador maior nesse pois tensão; E: caso dissipada gerador menor nesse pois potência
58,"A capacidade de limpeza e a eficiência de um sabão dependem de sua propriedade de formar micelas estáveis, que arrastam com facilidade as moléculas impregnadas no material a ser limpo. Tais micelas têm em sua estrutura partes capazes de interagir com substâncias polares, como a água, e partes que podem interagir com substâncias apolares, como as gorduras e os óleos. A substância capaz de formar as estruturas mencionadas é",A C18H36.; B C17H33COONa.; C: CH3 CH2 COONa.; D: CH3 CH2 CH2 COOH.; E: CH3 CH2 CH2 CH2 OCH2 CH2 CH2 CH3.,1.96591,B,2014,apolares arrastam capacidade capaz capazes dependem eficiência estrutura estruturas estáveis facilidade formar gorduras impregnadas interagir limpeza limpo material mencionadas micelas moléculas partes podem polares propriedade sabão substância substâncias tais têm água óleos,C: coona; D: cooh; E: 
59,"A revelação das chapas de raios X gera uma solução que contém íons prata na forma de Ag(S2O3)23−. Para evitar a descarga desse metal no ambiente, a recuperação de prata metálica pode ser feita tratando eletroquimicamente essa solução com uma espécie adequada. O quadro apresenta semirreações de redução de alguns íons metálicos. Das espécies apresentadas, a adequada para essa recuperação é",A: Cu (s).; B: Pt (s).; C: Al3+ (aq).; D: Sn (s).; E: Zn2+ (aq).,2.34787,D,2014,adequada ag alguns ambiente apresenta apresentadas chapas contém descarga desse eletroquimicamente espécie espécies evitar feita forma gera metal metálica metálicos pode prata quadro raios recuperação redução revelação semirreações solução tratando x íons,A: cu s; B: pt s; C: aq; D: s sn; E: aq
60,"Existem bactérias que inibem o crescimento de um fungo causador de doenças no tomateiro, por consumirem o ferro disponível no meio. As bactérias também fazem fixação de nitrogênio, disponibilizam cálcio e produzem auxinas, substâncias que estimulam diretamente o crescimento do tomateiro. Qual dos processos biológicos mencionados indica uma relação ecológica de competição?",A: Fixação de nitrogênio para o tomateiro.; B: Disponibilização de cálcio para o tomateiro.; C: Diminuição da quantidade de ferro disponível para o fungo.; D: Liberação de substâncias que inibem o crescimento do fungo.; E: Liberação de auxinas que estimulam o crescimento do tomateiro.,0.66203,C,2014,auxinas bactérias biológicos causador competição consumirem crescimento cálcio diretamente disponibilizam disponível doenças ecológica estimulam existem fazem ferro fixação fungo indica inibem meio mencionados nitrogênio processos produzem relação substâncias tomateiro,A: fixação nitrogênio tomateiro; B: cálcio disponibilização tomateiro; C: diminuição disponível ferro fungo quantidade; D: crescimento fungo inibem liberação substâncias; E: auxinas crescimento estimulam liberação tomateiro
61,"Uma região de Cerrado possui lençol freático profundo, estação seca bem marcada, grande insolação e recorrência de incêndios naturais. Cinco espécies de árvores nativas, com as características apresentadas no quadro, foram avaliadas quanto ao seu potencial para uso em projetos de reflorestamento nessa região. Qual é a árvore adequada para o reflorestamento dessa região?",A: 1; B: 2; C: 3; D: 4; E: 5,2.97259,B,2014,adequada apresentadas avaliadas bem características cerrado cinco dessa espécies estação freático grande incêndios insolação lençol marcada nativas naturais nessa possui potencial profundo projetos quadro quanto recorrência reflorestamento região seca uso árvore árvores,A: ; B: ; C: ; D: ; E: 
62,"Um sistema de pistão contendo um gás é mostrado na figura. Sobre a extremidade superior do êmbolo, que pode movimentar-se livremente sem atrito, encontra-se um objeto. Através de uma chapa de aquecimento é possível fornecer calor ao gás e, com auxílio de um manômetro, medir sua pressão. A partir de diferentes valores de calor fornecido, considerando o sistema como hermético, o objeto elevou-se em valores Δh, como mostrado no gráfico. Foram estudadas, separadamente, quantidades equimolares de dois diferentes gases, denominados M e V. A diferença no comportamento dos gases no experimento decorre do fato de o gás M, em relação ao V, apresentar",A: maior pressão de vapor.; B: menor massa molecular.; C: maior compressibilidade.; D: menor energia de ativação.; E: menor capacidade calorífica.,2.8549,E,2014,apresentar aquecimento através atrito auxílio calor chapa comportamento considerando contendo decorre denominados diferentes diferença dois elevou encontra equimolares estudadas experimento extremidade fato figura fornecer fornecido gases gráfico gás hermético livremente m manômetro medir mostrado movimentar objeto partir pistão pode possível pressão quantidades relação separadamente sistema sobre superior v valores êmbolo,A: maior pressão vapor; B: massa menor molecular; C: compressibilidade maior; D: ativação energia menor; E: calorífica capacidade menor
63,"A aplicação excessiva de fertilizantes nitrogenados na agricultura pode acarretar alterações no solo e na água pelo acúmulo de compostos nitrogenados, principalmente a forma mais oxidada, favorecendo a proliferação de algas e plantas aquáticas e alterando o ciclo do nitrogênio, representado no esquema. A espécie nitrogenada mais oxidada tem sua quantidade controlada por ação de microrganismos que promovem a reação de redução dessa espécie, no processo denominado desnitrificação. O processo citado está representado na etapa",A: I.; B: II.; C: III.; D: IV.; E: V.,1.62363,E,2014,acarretar acúmulo agricultura algas alterando alterações aplicação aquáticas ação ciclo citado compostos controlada denominado desnitrificação dessa espécie esquema etapa excessiva favorecendo fertilizantes forma microrganismos nitrogenada nitrogenados nitrogênio oxidada plantas pode principalmente processo proliferação promovem quantidade reação redução representado solo água,A: i; B: ii; C: iii; D: iv; E: v
64,"O pêndulo de Newton pode ser constituído por cinco pêndulos idênticos suspensos em um mesmo suporte. Em um dado instante, as esferas de três pêndulos são deslocadas para a esquerda e liberadas, deslocando-se para a direita e colidindo elasticamente com as outras duas esferas, que inicialmente estavam paradas. O movimento dos pêndulos após a primeira colisão está representado em:",A; B; C; D; E,2.10244,C,2014,após cinco colidindo colisão constituído dado deslocadas deslocando direita duas elasticamente esferas esquerda idênticos inicialmente instante liberadas movimento newton outras paradas pode primeira pêndulo pêndulos representado suporte suspensos três,
65,"A forma das moléculas, como representadas no papel, nem sempre é planar. Em um determinado fármaco, a molécula contendo um grupo não planar é biologicamente ativa, enquanto moléculas contendo substituintes planares são inativas. O grupo responsável pela bioatividade desse fármaco é",A; B; C; D; E,2.36697,A,2014,ativa bioatividade biologicamente contendo desse determinado enquanto forma fármaco grupo inativas molécula moléculas papel planar planares representadas responsável sempre substituintes,
66,"A elevação da temperatura das águas de rios, lagos e mares diminui a solubilidade do oxigênio, pondo em risco as diversas formas de vida aquática que dependem desse gás. Se essa elevação de temperatura acontece por meios artificiais, dizemos que existe poluição térmica. As usinas nucleares, pela própria natureza do processo de geração de energia, podem causar esse tipo de poluição. Que parte do ciclo de geração de energia das usinas nucleares está associada a esse tipo de poluição?",A: Fissão do material radioativo.; B: Condensação do vapor-d’água no final do processo.; C: Conversão de energia das turbinas pelos geradores.; D: Aquecimento da água líquida para gerar vapor-d’água.; E: Lançamento do vapor-d’água sobre as pás das turbinas.,2.25004,B,2014,acontece aquática artificiais associada causar ciclo dependem desse diminui diversas dizemos elevação energia existe formas geração gás lagos mares meios natureza nucleares oxigênio parte podem poluição pondo processo própria rios risco solubilidade temperatura tipo térmica usinas vida águas,A: fissão material radioativo; B: condensação d final processo vapor água; C: conversão energia geradores turbinas; D: aquecimento d gerar líquida vapor água; E: d lançamento pás sobre turbinas vapor água
67,"Para entender os movimentos dos corpos, Galileu discutiu o movimento de uma esfera de metal em dois planos inclinados sem atritos e com a possibilidade de se alterarem os ângulos de inclinação, conforme mostra a figura. Na descrição do experimento, quando a esfera de metal é abandonada para descer um plano inclinado de um determinado nível, ela sempre atinge, no plano ascendente, no máximo, um nível igual àquele em que foi abandonada. Se o ângulo de inclinação do plano de subida for reduzido a zero, a esfera","A: manterá sua velocidade constante, pois o impulso resultante sobre ela será nulo.; B: manterá sua velocidade constante, pois o impulso da descida continuará a empurrá-la.; C: diminuirá gradativamente a sua velocidade, pois não haverá mais impulso para empurrá-la.; D: diminuirá gradativamente a sua velocidade, pois o impulso resultante será contrário ao seu movimento.; E: aumentará gradativamente a sua velocidade, pois não haverá nenhum impulso contrário ao seu movimento.",1.75351,A,2014,abandonada alterarem ascendente atinge atritos conforme corpos descer descrição determinado discutiu dois entender esfera experimento figura galileu igual inclinado inclinados inclinação metal mostra movimento movimentos máximo nível plano planos possibilidade reduzido sempre subida zero àquele ângulo ângulos,A: constante impulso manterá nulo pois resultante sobre velocidade; B: constante continuará descida empurrá impulso la manterá pois velocidade; C: diminuirá empurrá gradativamente haverá impulso la pois velocidade; D: contrário diminuirá gradativamente impulso movimento pois resultante velocidade; E: aumentará contrário gradativamente haverá impulso movimento nenhum pois velocidade
68,"Uma proposta de dispositivo capaz de indicar a qualidade da gasolina vendida em postos e, consequentemente, evitar fraudes, poderia utilizar o conceito de refração luminosa. Nesse sentido, a gasolina não adulterada, na temperaturaambiente, apresenta razão entre os senos dos raios incidente e refratado igual a 1,4. Desse modo, fazendo incidir o feixe de luz proveniente do ar com um ângulo fixo e maior que zero, qualquer modificação no ângulo do feixe refratado indicará adulteração no combustível. Em uma fiscalização rotineira, o teste apresentou o valor de 1,9. Qual foi o comportamento do raio refratado?",A: Mudou de sentido.; B: Sofreu reflexão total.; C: Atingiu o valor do ângulo limite.; D: Direcionou-se para a superfície de separação.; E: Aproximou-se da normal à superfície de separação.,1.25817,E,2014,adulterada adulteração apresenta apresentou ar capaz combustível comportamento conceito consequentemente desse dispositivo evitar fazendo feixe fiscalização fixo fraudes gasolina igual incidente incidir indicar indicará luminosa luz maior modificação modo nesse poderia postos proposta proveniente qualidade qualquer raio raios razão refratado refração rotineira senos sentido temperaturaambiente teste utilizar valor vendida zero ângulo,A: mudou sentido; B: reflexão sofreu total; C: atingiu limite valor ângulo; D: direcionou separação superfície; E: aproximou normal separação superfície
69,"Em um laboratório de genética experimental, observou-se que determinada bactéria continha um gene que conferia resistência a pragas específicas de plantas. Em vista disso, os pesquisadores procederam de acordo com a figura. Do ponto de vista biotecnológico, como a planta representada na figura é classificada?",A: Clone.; B: Híbrida.; C: Mutante.; D: Adaptada.; E: Transgênica.,0.55299,E,2014,acordo bactéria biotecnológico classificada conferia continha determinada disso específicas experimental figura gene genética laboratório observou pesquisadores planta plantas ponto pragas procederam representada resistência vista,A: clone; B: híbrida; C: mutante; D: adaptada; E: transgênica
70,"Visando minimizar impactos ambientais, a legislação brasileira determina que resíduos químicos lançados diretamente no corpo receptor tenham pH entre 5,0 e 9,0. Um resíduo líquido aquoso gerado em um processo industrial tem concentração de íons hidroxila igual a 1,0 × 10−10 mol/L. Para atender a legislação, um químico separou as seguintes substâncias, disponibilizadas no almoxarifado da empresa: CH3COOH, Na2SO4, CH3OH,K2CO3 e NH4Cl. Para que o resíduo possa ser lançado diretamente no corpo receptor, qual substância poderia ser empregada no ajuste do pH?",A: CH3COOH; B: Na2SO4; C: CH3OH; D: K2CO3; E: NH4Cl,2.22099,D,2014,ajuste almoxarifado ambientais aquoso atender brasileira concentração corpo determina diretamente disponibilizadas empregada empresa gerado hidroxila igual impactos industrial l lançado lançados legislação líquido minimizar mol ph poderia possa processo químico químicos receptor resíduo resíduos seguintes separou substância substâncias visando íons,A: ; B: ; C: ; D: ; E: 
71,"Parte do gás carbônico da atmosfera é absorvida pela água do mar. O esquema representa reações que ocorrem naturalmente, em equilíbrio, no sistema ambiental marinho. O excesso de dióxido de carbono na atmosfera pode afetar os recifes de corais. O resultado desse processo nos corais é o(a)","A: seu branqueamento, levando à sua morte e extinção.; B: excesso de fixação de cálcio, provocando calcificação indesejável.; C: menor incorporação de carbono, afetando seu metabolismo energético.; D: estímulo da atividade enzimática, evitando a descalcificação dos esqueletos.; E: dano à estrutura dos esqueletos calcários, diminuindo o tamanho das populações.",1.06465,E,2014,absorvida afetar ambiental atmosfera carbono carbônico corais desse dióxido equilíbrio esquema excesso gás mar marinho naturalmente ocorrem parte pode processo reações recifes representa resultado sistema água,A: branqueamento extinção levando morte; B: calcificação cálcio excesso fixação indesejável provocando; C: afetando carbono energético incorporação menor metabolismo; D: atividade descalcificação enzimática esqueletos estímulo evitando; E: calcários dano diminuindo esqueletos estrutura populações tamanho
72,"O funcionamento dos geradores de usinas elétricas baseia-se no fenômeno da indução eletromagnética, descoberto por Michael Faraday no século XIX. Pode-se observar esse fenômeno ao se movimentar um ímã e uma espira em sentidos opostos com módulo da velocidade igual a v, induzindo uma corrente elétrica de intensidade i, como ilustrado na figura. A fim de se obter uma corrente com o mesmo sentido da apresentada na figura, utilizando os mesmos materiais, outra possibilidade é mover a espira para a",A: esquerda e o ímã para a direita com polaridade invertida.; B: direita e o ímã para a esquerda com polaridade invertida.; C: esquerda e o ímã para a esquerda com mesma polaridade.; D: direita e manter o ímã em repouso com polaridade invertida.; E: esquerda e manter o ímã em repouso com mesma polaridade.,1.38241,A,2014,apresentada baseia corrente descoberto eletromagnética elétrica elétricas espira faraday fenômeno figura fim funcionamento geradores i igual ilustrado induzindo indução intensidade materiais mesmos michael mover movimentar módulo observar obter opostos outra pode possibilidade sentido sentidos século usinas utilizando v velocidade xix ímã,A: direita esquerda invertida polaridade ímã; B: direita esquerda invertida polaridade ímã; C: esquerda mesma polaridade ímã; D: direita invertida manter polaridade repouso ímã; E: esquerda manter mesma polaridade repouso ímã
73,"Segundo a teoria evolutiva mais aceita hoje, as mitocôndrias, organelas celulares responsáveis pela produção de ATP em células eucariotas, assim como os cloroplastos, teriam sido originados de procariontes ancestrais que foram incorporados por células mais complexas. Uma característica da mitocôndria que sustenta essa teoria é a",A: capacidade de produzir moléculas de ATP.; B: presença de parede celular semelhante à de procariontes.; C: presença de membranas envolvendo e separando a matriz mitocondrial do citoplasma.; D: capacidade de autoduplicação dada por DNA circular próprio semelhante ao bacteriano.; E: presença de um sistema enzimático eficiente às reações químicas do metabolismo aeróbio.,1.53304,D,2014,aceita ancestrais assim atp característica celulares cloroplastos complexas células eucariotas evolutiva hoje incorporados mitocôndria mitocôndrias organelas originados procariontes produção responsáveis segundo sido sustenta teoria,A: atp capacidade moléculas produzir; B: celular parede presença procariontes semelhante; C: citoplasma envolvendo matriz membranas mitocondrial presença separando; D: autoduplicação bacteriano capacidade circular dada dna próprio semelhante; E: aeróbio eficiente enzimático metabolismo presença químicas reações sistema
74,"No heredograma, os símbolos preenchidos representam pessoas portadoras de um tipo raro de doença genética. Os homens são representados pelos quadrados e as mulheres, pelos círculos. Qual é o padrão de herança observado para essa doença?","A: Dominante autossômico, pois a doença aparece em ambos os sexos.; B: Recessivo ligado ao sexo, pois não ocorre a transmissão do pai para os filhos.; C: Recessivo ligado ao Y, pois a doença é transmitida dos pais heterozigotos para os filhos.; D: Dominante ligado ao sexo, pois todas as filhas de homens afetados também apresentam a doença.; E: Codominante autossômico, pois a doença é herdada pelos filhos de ambos os sexos, tanto do pai quanto da mãe.",1.48152,D,2014,círculos doença genética herança heredograma homens mulheres observado padrão pessoas portadoras preenchidos quadrados raro representados representam símbolos tipo,A: ambos aparece autossômico doença dominante pois sexos; B: filhos ligado ocorre pai pois recessivo sexo transmissão; C: doença filhos heterozigotos ligado pais pois recessivo transmitida y; D: afetados apresentam doença dominante filhas homens ligado pois sexo todas; E: ambos autossômico codominante doença filhos herdada mãe pai pois quanto sexos tanto
75,"Um pesquisador percebe que o rótulo de um dos vidros em que guarda um concentrado de enzimas digestivas está ilegível. Ele não sabe qual enzima o vidro contém, mas desconfia de que seja uma protease gástrica, que age no estômago digerindo proteínas. Sabendo que a digestão no estômago é ácida e no intestino é básica, ele monta cinco tubos de ensaio com alimentos diferentes, adiciona o concentrado de enzimas em soluções com pH determinado e aguarda para ver se a enzima age em algum deles. O tubo de ensaio em que a enzima deve agir para indicar que a hipótese do pesquisador está correta é aquele que contém",A: cubo de batata em solução com pH = 9.; B: pedaço de carne em solução com pH = 5.; C: clara de ovo cozida em solução com pH = 9.; D: porção de macarrão em solução com pH = 5.; E: bolinha de manteiga em solução com pH = 9.,0.84758,B,2014,adiciona age agir aguarda algum alimentos básica cinco concentrado contém correta desconfia determinado deve diferentes digerindo digestivas digestão ensaio enzima enzimas estômago guarda gástrica hipótese ilegível indicar intestino monta percebe pesquisador ph protease proteínas rótulo sabe sabendo soluções tubo tubos ver vidro vidros ácida,A: batata cubo ph solução; B: carne pedaço ph solução; C: clara cozida ovo ph solução; D: macarrão ph porção solução; E: bolinha manteiga ph solução
76,"Alguns sistemas de segurança incluem detectores de movimento. Nesses sensores, existe uma substância que se polariza na presença de radiação eletromagnética de certa região de frequência, gerando uma tensão que pode ser amplificada e empregada para efeito de controle. Quando uma pessoa se aproxima do sistema, a radiação emitida por seu corpo é detectada por esse tipo de sensor. A radiação captada por esse detector encontra-se na região de frequência",A: da luz visível.; B: do ultravioleta.; C: do infravermelho.; D: das micro-ondas.; E: das ondas longas de rádio.,0.312,C,2014,alguns amplificada aproxima captada certa controle corpo detectada detector detectores efeito eletromagnética emitida empregada encontra existe frequência gerando incluem movimento nesses pessoa pode polariza presença radiação região segurança sensor sensores sistema sistemas substância tensão tipo,A: luz visível; B: ultravioleta; C: infravermelho; D: micro ondas; E: longas ondas rádio
77,"O estudo de compostos orgânicos permite aos analistas definir propriedades físicas e químicas responsáveis pelas características de cada substância descoberta. Um laboratório investiga moléculas quirais cuja cadeia carbônica seja insaturada, heterogênea e ramificada. A fórmula que se enquadra nas características da molécula investigada é",A: CH3–(CH)2–CH(OH)–CO–NH–CH3.; B: CH3–(CH)2–CH(CH3)–CO–NH–CH3.; C: CH3–(CH)2–CH(CH3)–CO–NH2. ; D: CH3–CH2–CH(CH3)–CO–NH–CH3.; E: C6H5–CH2–CO–NH–CH3.,1.97033,B,2014,analistas cada cadeia características carbônica compostos cuja definir descoberta enquadra estudo físicas fórmula heterogênea insaturada investiga investigada laboratório molécula moléculas orgânicos permite propriedades quirais químicas ramificada responsáveis substância,A: ch co nh oh; B: ch co nh; C: ch co; D: ch co nh; E: co nh
78,"Com o objetivo de substituir as sacolas de polietileno, alguns supermercados têm utilizado um novo tipo de plástico ecológico, que apresenta em sua composição amido de milho e uma resina polimérica termoplástica, obtida a partir de uma fonte petroquímica. Nesses plásticos, a fragmentação da resina polimérica é facilitada porque os carboidratos presentes",A: dissolvem-se na água.; B: absorvem água com facilidade.; C: caramelizam por aquecimento e quebram.; D: são digeridos por organismos decompositores.; E: decompõem-se espontaneamente em contato com água e gás carbônico.,0.87414,D,2014,alguns amido apresenta carboidratos composição ecológico facilitada fonte fragmentação milho nesses novo objetivo obtida partir petroquímica plástico plásticos polietileno polimérica porque presentes resina sacolas substituir supermercados termoplástica tipo têm utilizado,A: dissolvem água; B: absorvem facilidade água; C: aquecimento caramelizam quebram; D: decompositores digeridos organismos; E: carbônico contato decompõem espontaneamente gás água
79,"Em um hospital havia cinco lotes de bolsas de sangue, rotulados com os códigos I, II, III, IV e V. Cada lote continha apenas um tipo sanguíneo não identificado. Uma funcionária do hospital resolveu fazer a identificação utilizando dois tipos de soro, anti-A e anti-B. Os resultados obtidos estão descritos no quadro. Quantos litros de sangue eram do grupo sanguíneo do tipo A?",A: 15; B: 25; C: 30; D: 33; E: 55,1.19448,B,2014,anti apenas b bolsas cada cinco continha códigos descritos dois fazer funcionária grupo havia hospital i identificado identificação ii iii iv litros lote lotes obtidos quadro quantos resolveu resultados rotulados sangue sanguíneo soro tipo tipos utilizando v,A: ; B: ; C: ; D: ; E: 
80,"O principal processo industrial utilizado na produção de fenol é a oxidação do cumeno (isopropilbenzeno). A equação mostra que esse processo envolve a formação do hidroperóxido de cumila, que em seguida é decomposto em fenol e acetona, ambos usados na indústria química como precursores de moléculas mais complexas. Após o processo de síntese, esses dois insumos devem ser separados para comercialização individual. Considerando as características físico-químicas dos dois insumos formados, o método utilizado para a separação da mistura, em escala industrial, é a",A: filtração.; B: ventilação.; C: decantação.; D: evaporação.; E: destilação fracionada.,0.57513,E,2014,acetona ambos após características comercialização complexas considerando cumeno cumila decomposto devem dois envolve equação escala fenol formados formação físico hidroperóxido individual industrial indústria insumos isopropilbenzeno mistura moléculas mostra método oxidação precursores principal processo produção química químicas seguida separados separação síntese usados utilizado,A: filtração; B: ventilação; C: decantação; D: evaporação; E: destilação fracionada
81,"Os parasitoides (misto de parasitas e predadores) são insetos diminutos que têm hábitos muito peculiares: suas larvas podem se desenvolver dentro do corpo de outros organismos, como mostra a figura. A forma adulta se alimenta de pólen e açúcares. Em geral, cada parasitoide ataca hospedeiros de determinada espécie e, por isso, esses organismos vêm sendo amplamente usados para o controle biológico de pragas agrícolas. A forma larval do parasitoide assume qual papel nessa cadeia alimentar?","A: Consumidor primário, pois ataca diretamente uma espécie herbívora.; B: Consumidor secundário, pois se alimenta diretamente dos tecidos da lagarta.; C: Organismo heterótrofo de primeira ordem, pois se alimenta de pólen na fase adulta.; D: Organismo heterótrofo de segunda ordem, pois apresenta o maior nível energético na cadeia.; E: Decompositor, pois se alimenta de tecidos do interior do corpo da lagarta e a leva à morte.",0.9016,B,2014,adulta agrícolas alimenta alimentar amplamente assume ataca açúcares biológico cada cadeia controle corpo dentro desenvolver determinada diminutos espécie figura forma geral hospedeiros hábitos insetos larval larvas misto mostra nessa organismos outros papel parasitas parasitoide parasitoides peculiares podem pragas predadores pólen sendo têm usados vêm,A: ataca consumidor diretamente espécie herbívora pois primário; B: alimenta consumidor diretamente lagarta pois secundário tecidos; C: adulta alimenta fase heterótrofo ordem organismo pois primeira pólen; D: apresenta cadeia energético heterótrofo maior nível ordem organismo pois segunda; E: alimenta corpo decompositor interior lagarta leva morte pois tecidos
82,"Um professor utiliza essa história em quadrinhos para discutir com os estudantes o movimento de satélites. Nesse sentido, pede a eles que analisem o movimento do coelhinho, considerando o módulo da velocidade constante. Desprezando a existência de forças dissipativas, o vetor aceleração tangencial do coelhinho, no terceiro quadrinho, é",A: nulo.; B: paralelo à sua velocidade linear e no mesmo sentido.; C: paralelo à sua velocidade linear e no sentido oposto.; D: perpendicular à sua velocidade linear e dirigido para o centro da Terra.; E: perpendicular à sua velocidade linear e dirigido para fora da superfície da Terra.,2.26688,A,2014,aceleração analisem coelhinho considerando constante desprezando discutir dissipativas estudantes existência forças história movimento módulo nesse pede professor quadrinho quadrinhos satélites sentido tangencial terceiro utiliza velocidade vetor,A: nulo; B: linear paralelo sentido velocidade; C: linear oposto paralelo sentido velocidade; D: centro dirigido linear perpendicular terra velocidade; E: dirigido linear perpendicular superfície terra velocidade
83,"A utilização de processos de biorremediação de resíduos gerados pela combustão incompleta de compostos orgânicos tem se tornado crescente, visando minimizar a poluição ambiental. Para a ocorrência de resíduos de naftaleno, algumas legislações limitam sua concentração em até 30 mg/kg para solo agrícola e 0,14 mg/L para água subterrânea. A quantificação desse resíduo foi realizada em diferentes ambientes, utilizando-se amostras de 500 g de solo e 100 mL de água, conforme apresentado no quadro. O ambiente que necessita de biorremediação é o(a)",A: solo I.; B: solo II.; C: água I.; D: água II.; E: água III.,1.07065,B,2014,agrícola algumas ambiental ambiente ambientes amostras apresentado biorremediação combustão compostos concentração conforme crescente desse diferentes g gerados incompleta kg l legislações limitam mg minimizar ml naftaleno necessita ocorrência orgânicos poluição processos quadro quantificação realizada resíduo resíduos solo subterrânea tornado utilizando utilização visando água,A: i solo; B: ii solo; C: i água; D: ii água; E: iii água
84,"Ao sintonizarmos uma estação de rádio ou um canal de TV em um aparelho, estamos alterando algumas características elétricas de seu circuito receptor. Das inúmeras ondas eletromagnéticas que chegam simultaneamente ao receptor, somente aquelas que oscilam com determinada frequência resultarão em máxima absorção de energia. O fenômeno descrito é a",A: difração.; B: refração.; C: polarização.; D: interferência.; E: ressonância.,1.85878,E,2014,absorção algumas alterando aparelho canal características chegam circuito descrito determinada eletromagnéticas elétricas energia estação fenômeno frequência inúmeras máxima ondas oscilam receptor resultarão rádio simultaneamente sintonizarmos somente tv,A: difração; B: refração; C: polarização; D: interferência; E: ressonância
85,"Embora sejam produzidos e utilizados em situações distintas, os imunobiológicos I e II atuam de forma semelhante nos humanos e equinos, pois",A: conferem imunidade passiva.; B: transferem células de defesa.; C: suprimem a resposta imunológica.; D: estimulam a produção de anticorpos.; E: desencadeiam a produção de antígenos.,-0.05127,D,2014,atuam distintas embora equinos forma humanos i ii imunobiológicos pois produzidos semelhante situações utilizados,A: conferem imunidade passiva; B: células defesa transferem; C: imunológica resposta suprimem; D: anticorpos estimulam produção; E: antígenos desencadeiam produção
86,"Grande quantidade dos maus odores do nosso dia a dia está relacionada a compostos alcalinos. Assim, em vários desses casos, pode-se utilizar o vinagre, que contém entre 3,5% e 5% de ácido acético, para diminuir ou eliminar o mau cheiro. Por exemplo, lavar as mãos com vinagre e depois enxaguá-las com água elimina o odor de peixe, já que a molécula de piridina (C5H5N) é uma das substâncias responsáveis pelo odor característico de peixe podre. A eficiência do uso do vinagre nesse caso se explica pela","A: sobreposição de odor, propiciada pelo cheiro característico do vinagre.; B: solubilidade da piridina, de caráter ácido, na solução ácida empregada.; C: inibição da proliferação das bactérias presentes, devido à ação do ácido acético.; D: degradação enzimática da molécula de piridina, acelerada pela presença de ácido acético.; E: reação de neutralização entre o ácido acético e a piridina, que resulta em compostos sem mau odor.",0.90174,E,2014,acético alcalinos assim característico caso casos cheiro compostos contém desses dia diminuir eficiência elimina eliminar enxaguá exemplo explica grande las lavar mau maus molécula mãos nesse odor odores peixe piridina pode podre quantidade relacionada responsáveis substâncias uso utilizar vinagre vários ácido água,A: característico cheiro odor propiciada sobreposição vinagre; B: caráter empregada piridina solubilidade solução ácida ácido; C: acético ação bactérias devido inibição presentes proliferação ácido; D: acelerada acético degradação enzimática molécula piridina presença ácido; E: acético compostos mau neutralização odor piridina reação resulta ácido
87,"Quando adolescente, as nossas tardes, após as aulas, consistiam em tomar às mãos o violão e o dicionário de acordes de Almir Chediak e desafi ar nosso amigo Hamilton a descobrir, apenas ouvindo o acorde, quais notas eram escolhidas. Sempre perdíamos a aposta, ele possui o ouvido absoluto. O ouvido absoluto é uma característica perceptual de poucos indivíduos capazes de identifi car notas isoladas sem outras referências, isto é, sem precisar relacioná-las com outras notas de uma melodia. No contexto apresentado, a propriedade física das ondas que permite essa distinção entre as notas é a",A: frequência.; B: intensidade.; C: forma da onda.; D: amplitude da onda.; E: velocidade de propagação.,0.80341,A,2014,absoluto acorde acordes adolescente almir amigo apenas aposta apresentado após ar aulas capazes car característica chediak consistiam contexto desafi descobrir dicionário distinção escolhidas física hamilton identifi indivíduos isoladas las melodia mãos notas ondas outras ouvido ouvindo perceptual perdíamos permite possui poucos precisar propriedade quais referências relacioná sempre tardes tomar violão,A: frequência; B: intensidade; C: forma onda; D: amplitude onda; E: propagação velocidade
88,"Grandes fontes de emissão do gás dióxido de enxofre são as indústrias de extração de cobre e níquel, em decorrência da oxidação dos minérios sulfurados. Para evitar a liberação desses óxidos na atmosfera e a consequente formação da chuva ácida, o gás pode ser lavado, em um processo conhecido como dessulfurização, conforme mostrado na equação (1). CaCO3 (s) + SO2 (g) → CaSO3 (s) + CO2 (g) (1) Por sua vez, o sulfito de cálcio formado pode ser oxidado, com o auxílio do ar atmosférico, para a obtenção do sulfato de cálcio, como mostrado na equação (2). Essa etapa é de grande interesse porque o produto da reação, popularmente conhecido como gesso, é utilizado para fins agrícolas. 2 CaSO3 (s) + O2 (g) → 2 CaSO4 (s) (2) As massas molares dos elementos carbono, oxigênio, enxofre e cálcio são iguais a 12 g/mol, 16 g/mol, 32 g/mol e 40 g/mol, respectivamente. Considerando um rendimento de 90% no processo, a massa de gesso obtida, em gramas, por mol de gás retido é mais próxima de",A: 64.; B: 108.; C: 122.; D: 136.; E: 245.,1.77915,C,2014,agrícolas ar atmosfera atmosférico auxílio carbono chuva cobre conforme conhecido consequente considerando cálcio decorrência desses dessulfurização dióxido elementos emissão enxofre equação etapa evitar extração fins fontes formado formação g gesso gramas grande grandes gás iguais indústrias interesse lavado liberação massa massas minérios mol molares mostrado níquel obtenção obtida oxidado oxidação oxigênio pode popularmente porque processo produto próxima reação rendimento respectivamente retido s sulfato sulfito sulfurados utilizado vez ácida óxidos,A: ; B: ; C: ; D: ; E: 
89,"Na década de 1990, células do cordão umbilical de recém-nascidos humanos começaram a ser guardadas por criopreservação, uma vez que apresentam alto potencial terapêutico em consequência de suas características peculiares. O poder terapêutico dessas células baseia-se em sua capacidade de",A: multiplicação lenta.; B: comunicação entre células.; C: adesão a diferentes tecidos.; D: diferenciação em células especializadas.; E: reconhecimento de células semelhantes.,1.3958,D,2014,alto apresentam baseia capacidade características começaram consequência cordão criopreservação células dessas década guardadas humanos nascidos peculiares poder potencial recém terapêutico umbilical vez,A: lenta multiplicação; B: comunicação células; C: adesão diferentes tecidos; D: células diferenciação especializadas; E: células reconhecimento semelhantes
90,"As lentes fotocromáticas escurecem quando expostas à luz solar por causa de reações químicas reversíveis entre uma espécie incolor e outra colorida. Diversas reações podem ser utilizadas, e a escolha do melhor reagente para esse fim se baseia em três principais aspectos: (i) o quanto escurece a lente; (ii) o tempo de escurecimento quando exposta à luz solar; e (iii) o tempo de esmaecimento em ambiente sem forte luz solar. A transmitância indica a razão entre a quantidade de luz que atravessa o meio e a quantidade de luz que incide sobre ele. Durante um teste de controle para o desenvolvimento de novas lentes fotocromáticas, foram analisadas cinco amostras, que utilizam reagentes químicos diferentes. No quadro, são apresentados os resultados. Considerando os três aspectos, qual é a melhor amostra de lente fotocromática para se utilizar em óculos?",A: 1; B: 2; C: 3; D: 4; E: 5,1.10564,C,2014,ambiente amostra amostras analisadas apresentados aspectos atravessa baseia causa cinco colorida considerando controle desenvolvimento diferentes diversas durante escolha escurece escurecem escurecimento esmaecimento espécie exposta expostas fim forte fotocromática fotocromáticas i ii iii incide incolor indica lente lentes luz meio melhor novas outra podem principais quadro quantidade quanto químicas químicos razão reagente reagentes reações resultados reversíveis sobre solar tempo teste transmitância três utilizadas utilizam utilizar óculos,A: ; B: ; C: ; D: ; E: 
